run,backend,source_fingerprint,case,phase,mode,probe_schema,span,paired_round_delta_elapsed_us_n,paired_round_delta_elapsed_us_median,paired_round_delta_elapsed_us_p95,paired_round_delta_elapsed_us_min,paired_round_delta_elapsed_us_max,paired_round_delta_thread_cycles_n,paired_round_delta_thread_cycles_median,paired_round_delta_thread_cycles_p95,paired_round_delta_thread_cycles_min,paired_round_delta_thread_cycles_max,elapsed_us_delta_of_medians,elapsed_us_delta_of_medians_percent,thread_cycles_delta_of_medians,thread_cycles_delta_of_medians_percent
player00-66233b83,IL2CPP,ac74cac748fd6e6ebd6d35c6cdd90d5b116a231b61a1104ebdec526eee938e26,box,measured,0,newRoot,BuildPublish,8,0.0,0.0,0.0,0.0,8,0.0,0.0,0,0,0.0,0.0,0.0,0.0
player00-66233b83,IL2CPP,ac74cac748fd6e6ebd6d35c6cdd90d5b116a231b61a1104ebdec526eee938e26,box,measured,0,newRoot,BuildSide+,8,0.0,0.0,0.0,0.0,8,0.0,0.0,0,0,0.0,0.0,0.0,0.0
player00-66233b83,IL2CPP,ac74cac748fd6e6ebd6d35c6cdd90d5b116a231b61a1104ebdec526eee938e26,box,measured,0,newRoot,BuildSide-,8,0.0,0.0,0.0,0.0,8,0.0,0.0,0,0,0.0,0.0,0.0,0.0
player00-66233b83,IL2CPP,ac74cac748fd6e6ebd6d35c6cdd90d5b116a231b61a1104ebdec526eee938e26,box,measured,0,newRoot,BuildSide_pair,8,0.0,0.0,0.0,0.0,8,0.0,0.0,0,0,0.0,0.0,0.0,0.0
player00-66233b83,IL2CPP,ac74cac748fd6e6ebd6d35c6cdd90d5b116a231b61a1104ebdec526eee938e26,box,measured,0,newRoot,SetActive+,8,0.0,0.0,0.0,0.0,8,0.0,0.0,0,0,0.0,0.0,0.0,0.0
player00-66233b83,IL2CPP,ac74cac748fd6e6ebd6d35c6cdd90d5b116a231b61a1104ebdec526eee938e26,box,measured,0,newRoot,SetActive-,8,0.0,0.0,0.0,0.0,8,0.0,0.0,0,0,0.0,0.0,0.0,0.0
player00-66233b83,IL2CPP,ac74cac748fd6e6ebd6d35c6cdd90d5b116a231b61a1104ebdec526eee938e26,box,measured,0,newRoot,SetActive_pair,8,0.0,0.0,0.0,0.0,8,0.0,0.0,0,0,0.0,0.0,0.0,0.0
player00-66233b83,IL2CPP,ac74cac748fd6e6ebd6d35c6cdd90d5b116a231b61a1104ebdec526eee938e26,box,measured,0,newRoot,buildtotal,8,0.0,0.0,0.0,0.0,8,0.0,0.0,0,0,0.0,0.0,0.0,0.0
player00-66233b83,IL2CPP,ac74cac748fd6e6ebd6d35c6cdd90d5b116a231b61a1104ebdec526eee938e26,box,measured,0,newRoot,colliders+,8,0.0,0.0,0.0,0.0,8,0.0,0.0,0,0,0.0,0.0,0.0,0.0
player00-66233b83,IL2CPP,ac74cac748fd6e6ebd6d35c6cdd90d5b116a231b61a1104ebdec526eee938e26,box,measured,0,newRoot,colliders-,8,0.0,0.0,0.0,0.0,8,0.0,0.0,0,0,0.0,0.0,0.0,0.0
player00-66233b83,IL2CPP,ac74cac748fd6e6ebd6d35c6cdd90d5b116a231b61a1104ebdec526eee938e26,box,measured,0,newRoot,colliders_pair,8,0.0,0.0,0.0,0.0,8,0.0,0.0,0,0,0.0,0.0,0.0,0.0
player00-66233b83,IL2CPP,ac74cac748fd6e6ebd6d35c6cdd90d5b116a231b61a1104ebdec526eee938e26,box,measured,0,newRoot,newRoot+,8,0.0,0.0,0.0,0.0,8,0.0,0.0,0,0,0.0,0.0,0.0,0.0
player00-66233b83,IL2CPP,ac74cac748fd6e6ebd6d35c6cdd90d5b116a231b61a1104ebdec526eee938e26,box,measured,0,newRoot,newRoot-,8,0.0,0.0,0.0,0.0,8,0.0,0.0,0,0,0.0,0.0,0.0,0.0
player00-66233b83,IL2CPP,ac74cac748fd6e6ebd6d35c6cdd90d5b116a231b61a1104ebdec526eee938e26,box,measured,0,newRoot,newRoot_pair,8,0.0,0.0,0.0,0.0,8,0.0,0.0,0,0,0.0,0.0,0.0,0.0
player00-66233b83,IL2CPP,ac74cac748fd6e6ebd6d35c6cdd90d5b116a231b61a1104ebdec526eee938e26,box,measured,0,newRoot,objects+,8,0.0,0.0,0.0,0.0,8,0.0,0.0,0,0,0.0,0.0,0.0,0.0
player00-66233b83,IL2CPP,ac74cac748fd6e6ebd6d35c6cdd90d5b116a231b61a1104ebdec526eee938e26,box,measured,0,newRoot,objects-,8,0.0,0.0,0.0,0.0,8,0.0,0.0,0,0,0.0,0.0,0.0,0.0
player00-66233b83,IL2CPP,ac74cac748fd6e6ebd6d35c6cdd90d5b116a231b61a1104ebdec526eee938e26,box,measured,0,newRoot,objects_pair,8,0.0,0.0,0.0,0.0,8,0.0,0.0,0,0,0.0,0.0,0.0,0.0
player00-66233b83,IL2CPP,ac74cac748fd6e6ebd6d35c6cdd90d5b116a231b61a1104ebdec526eee938e26,box,measured,0,newRoot,publishtotal,8,0.0,0.0,0.0,0.0,8,0.0,0.0,0,0,0.0,0.0,0.0,0.0
player00-66233b83,IL2CPP,ac74cac748fd6e6ebd6d35c6cdd90d5b116a231b61a1104ebdec526eee938e26,box,measured,1,newRoot,BuildPublish,8,4.349999999999994,256.0749999999998,-7.400000000000006,374.2,8,9415.0,445099.7499999997,-15558,644542,2.75,3.289473684210531,5824.0,3.2925346976849346
player00-66233b83,IL2CPP,ac74cac748fd6e6ebd6d35c6cdd90d5b116a231b61a1104ebdec526eee938e26,box,measured,1,newRoot,BuildSide+,8,-11.5,-7.775000000000002,-13.700000000000001,-6.199999999999999,8,-24213.0,-16351.150000000005,-29073,-12939,-11.599999999999998,-55.769230769230774,-24355.5,-55.77361255825137
player00-66233b83,IL2CPP,ac74cac748fd6e6ebd6d35c6cdd90d5b116a231b61a1104ebdec526eee938e26,box,measured,1,newRoot,BuildSide-,8,10.5,32.31999999999999,9.399999999999999,35.4,8,22063.5,66140.95,19742,71686,10.7,120.90395480225986,22647.5,122.52820082776532
player00-66233b83,IL2CPP,ac74cac748fd6e6ebd6d35c6cdd90d5b116a231b61a1104ebdec526eee938e26,box,measured,1,newRoot,BuildSide_pair,8,-0.3999999999999986,24.22999999999999,-4.299999999999997,29.2,8,-1059.0,49105.19999999998,-9331,58747,-0.8000000000000007,-2.716468590831922,-1522.5,-2.4617399529480277
player00-66233b83,IL2CPP,ac74cac748fd6e6ebd6d35c6cdd90d5b116a231b61a1104ebdec526eee938e26,box,measured,1,newRoot,SetActive+,8,-0.35000000000000053,1.2650000000000008,-2.5,1.3000000000000007,8,-704.5,2772.45,-5058,2959,-0.3000000000000007,-2.2222222222222254,-653.5,-2.2675618938565956
player00-66233b83,IL2CPP,ac74cac748fd6e6ebd6d35c6cdd90d5b116a231b61a1104ebdec526eee938e26,box,measured,1,newRoot,SetActive-,8,0.39999999999999947,8.694999999999997,-1.5,10.2,8,822.5,19297.099999999995,-3092,22900,0.1999999999999993,2.0942408376963373,435.0,2.118953675288626
player00-66233b83,IL2CPP,ac74cac748fd6e6ebd6d35c6cdd90d5b116a231b61a1104ebdec526eee938e26,box,measured,1,newRoot,SetActive_pair,8,1.25,8.684999999999999,-4.0,10.400000000000002,8,2715.0,19382.199999999993,-8150,23501,0.6999999999999993,3.063457330415753,1435.5,2.933902877697836
player00-66233b83,IL2CPP,ac74cac748fd6e6ebd6d35c6cdd90d5b116a231b61a1104ebdec526eee938e26,box,measured,1,newRoot,buildtotal,8,1.0,24.194999999999993,-8.399999999999999,29.199999999999996,8,2187.0,48821.54999999999,-16786,58925,0.3999999999999915,0.8519701810436375,819.0,0.822148830018965
player00-66233b83,IL2CPP,ac74cac748fd6e6ebd6d35c6cdd90d5b116a231b61a1104ebdec526eee938e26,box,measured,1,newRoot,colliders+,8,-1.1,-0.77,-1.5,-0.7,8,-2444.0,-1599.6500000000003,-3155,-1432,-1.1,-52.38095238095239,-2332.5,-49.62238059780874
player00-66233b83,IL2CPP,ac74cac748fd6e6ebd6d35c6cdd90d5b116a231b61a1104ebdec526eee938e26,box,measured,1,newRoot,colliders-,8,1.05,2.33,0.7,2.4,8,2242.5,4946.7,1601,5198,1.0499999999999998,104.99999999999999,2346.5,100.06396588486139
player00-66233b83,IL2CPP,ac74cac748fd6e6ebd6d35c6cdd90d5b116a231b61a1104ebdec526eee938e26,box,measured,1,newRoot,colliders_pair,8,0.1499999999999999,1.3649999999999998,-0.5,1.4,8,272.5,2842.6499999999996,-1008,2990,0.04999999999999982,1.6129032258064502,86.5,1.2082693113563359
player00-66233b83,IL2CPP,ac74cac748fd6e6ebd6d35c6cdd90d5b116a231b61a1104ebdec526eee938e26,box,measured,1,newRoot,newRoot+,8,-2.5,-0.11500000000000199,-3.8000000000000003,0.8999999999999995,8,-5415.0,-437.9000000000033,-8219,1842,-2.65,-52.475247524752476,-5798.5,-52.66097538824812
player00-66233b83,IL2CPP,ac74cac748fd6e6ebd6d35c6cdd90d5b116a231b61a1104ebdec526eee938e26,box,measured,1,newRoot,newRoot-,8,2.3499999999999996,8.034999999999995,1.6999999999999997,10.799999999999999,8,5193.5,17052.79999999999,3569,22965,2.45,119.51219512195124,5307.0,115.40719799934762
player00-66233b83,IL2CPP,ac74cac748fd6e6ebd6d35c6cdd90d5b116a231b61a1104ebdec526eee938e26,box,measured,1,newRoot,newRoot_pair,8,-0.10000000000000009,6.294999999999998,-2.0999999999999996,7.8,8,-144.0,13387.049999999996,-4650,16438,-0.20000000000000018,-2.8368794326241176,-482.5,-3.119746540799173
player00-66233b83,IL2CPP,ac74cac748fd6e6ebd6d35c6cdd90d5b116a231b61a1104ebdec526eee938e26,box,measured,1,newRoot,objects+,8,-9.549999999999999,-5.7500000000000036,-12.0,-4.0,8,-20313.5,-11979.800000000007,-25483,-8246,-9.85,-57.10144927536231,-20784.5,-56.715420088956805
player00-66233b83,IL2CPP,ac74cac748fd6e6ebd6d35c6cdd90d5b116a231b61a1104ebdec526eee938e26,box,measured,1,newRoot,objects-,8,8.8,28.504999999999995,7.9,31.2,8,18528.0,59027.44999999999,16498,64072,8.700000000000001,120.83333333333334,18364.5,119.7476525821596
player00-66233b83,IL2CPP,ac74cac748fd6e6ebd6d35c6cdd90d5b116a231b61a1104ebdec526eee938e26,box,measured,1,newRoot,objects_pair,8,-0.5999999999999979,22.474999999999994,-4.100000000000001,27.2,8,-1231.0,46379.849999999984,-8985,55826,-0.9999999999999964,-4.115226337448541,-1985.5,-3.8517124649601886
player00-66233b83,IL2CPP,ac74cac748fd6e6ebd6d35c6cdd90d5b116a231b61a1104ebdec526eee938e26,box,measured,1,newRoot,publishtotal,8,1.8499999999999979,252.25999999999982,-4.099999999999994,382.6,8,3896.0,437381.19999999966,-8762,661328,0.6499999999999986,1.7639077340569909,1349.5,1.7366294332629817
player00-66233b83,IL2CPP,ac74cac748fd6e6ebd6d35c6cdd90d5b116a231b61a1104ebdec526eee938e26,box,measured,2,newRoot,BuildPublish,8,-1.0500000000000043,12.72499999999999,-12.5,18.5,8,-1874.0,26714.399999999983,-26452,38753,-2.0,-2.392344497607657,-4554.0,-2.574554088814762
player00-66233b83,IL2CPP,ac74cac748fd6e6ebd6d35c6cdd90d5b116a231b61a1104ebdec526eee938e26,box,measured,2,newRoot,BuildSide+,8,-0.05000000000000071,4.41,-2.400000000000002,5.600000000000001,8,-204.0,9132.799999999996,-5181,11699,-0.09999999999999787,-0.48076923076921796,-23.5,-0.05381453450428175
player00-66233b83,IL2CPP,ac74cac748fd6e6ebd6d35c6cdd90d5b116a231b61a1104ebdec526eee938e26,box,measured,2,newRoot,BuildSide-,8,0.0,1.5349999999999993,-1.0,2.200000000000001,8,-0.5,3302.099999999998,-2065,4630,0.0,0.0,46.0,0.24887061433169766
player00-66233b83,IL2CPP,ac74cac748fd6e6ebd6d35c6cdd90d5b116a231b61a1104ebdec526eee938e26,box,measured,2,newRoot,BuildSide_pair,8,-0.4999999999999982,5.944999999999998,-3.3999999999999986,7.800000000000001,8,-850.5,12434.899999999994,-7246,16329,3.552713678800501e-15,2.220446049250313e-14,180.0,0.29104314714656354
player00-66233b83,IL2CPP,ac74cac748fd6e6ebd6d35c6cdd90d5b116a231b61a1104ebdec526eee938e26,box,measured,2,newRoot,SetActive+,8,6.100000000000001,9.41,3.8999999999999986,10.600000000000001,8,12849.5,19902.449999999997,8425,22469,5.549999999999997,41.1111111111111,11768.5,40.835198389979
player00-66233b83,IL2CPP,ac74cac748fd6e6ebd6d35c6cdd90d5b116a231b61a1104ebdec526eee938e26,box,measured,2,newRoot,SetActive-,8,-6.35,-5.57,-7.4,-5.5,8,-13619.0,-11647.7,-15749,-11486,-6.450000000000001,-67.5392670157068,-13595.0,-66.22339130011203
player00-66233b83,IL2CPP,ac74cac748fd6e6ebd6d35c6cdd90d5b116a231b61a1104ebdec526eee938e26,box,measured,2,newRoot,SetActive_pair,8,-0.25,3.3299999999999974,-3.5,4.800000000000001,8,-530.5,7070.449999999995,-7229,10162,-0.7000000000000028,-3.063457330415764,-1488.5,-3.0422253106605623
player00-66233b83,IL2CPP,ac74cac748fd6e6ebd6d35c6cdd90d5b116a231b61a1104ebdec526eee938e26,box,measured,2,newRoot,buildtotal,8,0.34999999999999787,7.879999999999998,-7.099999999999994,11.100000000000001,8,552.0,16439.499999999993,-14957,22981,-0.5500000000000043,-1.1714589989350488,-1446.5,-1.4520613951434003
player00-66233b83,IL2CPP,ac74cac748fd6e6ebd6d35c6cdd90d5b116a231b61a1104ebdec526eee938e26,box,measured,2,newRoot,colliders+,8,0.0,0.665,-0.8,0.7000000000000002,8,-143.0,1346.7499999999998,-1748,1471,-0.050000000000000266,-2.3809523809523947,-147.5,-3.13796404637805
player00-66233b83,IL2CPP,ac74cac748fd6e6ebd6d35c6cdd90d5b116a231b61a1104ebdec526eee938e26,box,measured,2,newRoot,colliders-,8,-0.04999999999999999,0.3649999999999999,-0.29999999999999993,0.3999999999999999,8,2.0,669.2999999999998,-438,796,-0.09999999999999998,-9.999999999999998,-105.0,-4.477611940298509
player00-66233b83,IL2CPP,ac74cac748fd6e6ebd6d35c6cdd90d5b116a231b61a1104ebdec526eee938e26,box,measured,2,newRoot,colliders_pair,8,-0.10000000000000009,0.7549999999999997,-0.5,1.0,8,-259.5,1475.5499999999993,-952,1905,-0.050000000000000266,-1.6129032258064613,-252.0,-3.520044698980307
player00-66233b83,IL2CPP,ac74cac748fd6e6ebd6d35c6cdd90d5b116a231b61a1104ebdec526eee938e26,box,measured,2,newRoot,newRoot+,8,0.0,1.514999999999999,-1.3000000000000007,1.8999999999999995,8,624.0,3194.3999999999987,-2847,4068,-0.14999999999999947,-2.970297029702962,-20.0,-0.18163654527291184
player00-66233b83,IL2CPP,ac74cac748fd6e6ebd6d35c6cdd90d5b116a231b61a1104ebdec526eee938e26,box,measured,2,newRoot,newRoot-,8,0.09999999999999987,1.195,-0.7000000000000002,1.3000000000000003,8,191.0,2458.95,-1491,2705,0.20000000000000018,9.756097560975618,304.5,6.621724475372415
player00-66233b83,IL2CPP,ac74cac748fd6e6ebd6d35c6cdd90d5b116a231b61a1104ebdec526eee938e26,box,measured,2,newRoot,newRoot_pair,8,0.25,2.3749999999999987,-2.0,2.8999999999999995,8,844.5,5152.299999999998,-4338,6070,0.25,3.546099290780136,504.5,3.2619940514677426
player00-66233b83,IL2CPP,ac74cac748fd6e6ebd6d35c6cdd90d5b116a231b61a1104ebdec526eee938e26,box,measured,2,newRoot,objects+,8,0.1999999999999993,4.029999999999999,-2.8999999999999986,4.800000000000001,8,452.0,8643.649999999998,-6357,10254,-0.05000000000000071,-0.28985507246377384,-72.5,-0.19783338336016865
player00-66233b83,IL2CPP,ac74cac748fd6e6ebd6d35c6cdd90d5b116a231b61a1104ebdec526eee938e26,box,measured,2,newRoot,objects-,8,-0.10000000000000009,1.4049999999999991,-0.8999999999999995,2.0,8,-170.5,3024.9499999999985,-1917,4188,0.05000000000000071,0.6944444444444642,60.0,0.391236306729259
player00-66233b83,IL2CPP,ac74cac748fd6e6ebd6d35c6cdd90d5b116a231b61a1104ebdec526eee938e26,box,measured,2,newRoot,objects_pair,8,-0.34999999999999964,5.434999999999999,-3.6000000000000014,6.800000000000001,8,-558.0,11668.599999999995,-7989,14442,0.30000000000000426,1.2345679012345956,738.0,1.4316614450468945
player00-66233b83,IL2CPP,ac74cac748fd6e6ebd6d35c6cdd90d5b116a231b61a1104ebdec526eee938e26,box,measured,2,newRoot,publishtotal,8,-0.1999999999999993,5.194999999999996,-5.399999999999999,7.399999999999999,8,-531.5,11013.749999999993,-11495,15772,-1.6000000000000014,-4.341926729986434,-3525.5,-4.536855922170179
player00-66233b83,IL2CPP,ac74cac748fd6e6ebd6d35c6cdd90d5b116a231b61a1104ebdec526eee938e26,box,measured,3,newRoot,BuildPublish,8,-0.75,4.84999999999999,-4.700000000000003,5.8999999999999915,8,-1122.0,11139.799999999996,-10246,13300,0.05000000000001137,0.05980861244021529,913.0,0.5161545636995779
player00-66233b83,IL2CPP,ac74cac748fd6e6ebd6d35c6cdd90d5b116a231b61a1104ebdec526eee938e26,box,measured,3,newRoot,BuildSide+,8,-11.45,-10.434999999999999,-12.499999999999998,-10.399999999999999,8,-24129.5,-22192.5,-26468,-22175,-11.849999999999998,-56.97115384615385,-24762.0,-56.70448950616578
player00-66233b83,IL2CPP,ac74cac748fd6e6ebd6d35c6cdd90d5b116a231b61a1104ebdec526eee938e26,box,measured,3,newRoot,BuildSide-,8,12.899999999999999,13.764999999999999,10.8,13.799999999999999,8,27029.5,28959.25,22702,29094,12.799999999999997,144.63276836158187,27075.5,146.48470257256471
player00-66233b83,IL2CPP,ac74cac748fd6e6ebd6d35c6cdd90d5b116a231b61a1104ebdec526eee938e26,box,measured,3,newRoot,BuildSide_pair,8,1.3499999999999996,2.1549999999999985,-1.1000000000000014,2.3999999999999986,8,2837.0,4401.549999999999,-2284,4978,1.0500000000000007,3.5653650254668934,2362.0,3.8191328531121504
player00-66233b83,IL2CPP,ac74cac748fd6e6ebd6d35c6cdd90d5b116a231b61a1104ebdec526eee938e26,box,measured,3,newRoot,SetActive+,8,6.25,7.425000000000001,4.600000000000001,7.600000000000001,8,13295.0,15742.55,9877,16109,6.200000000000003,45.925925925925945,13195.0,45.78497198077691
player00-66233b83,IL2CPP,ac74cac748fd6e6ebd6d35c6cdd90d5b116a231b61a1104ebdec526eee938e26,box,measured,3,newRoot,SetActive-,8,-6.25,-5.3,-7.3,-5.3,8,-13145.5,-11205.75,-15574,-11134,-6.300000000000001,-65.96858638743456,-13261.5,-64.59886014905743
player00-66233b83,IL2CPP,ac74cac748fd6e6ebd6d35c6cdd90d5b116a231b61a1104ebdec526eee938e26,box,measured,3,newRoot,SetActive_pair,8,0.049999999999998934,1.3900000000000006,-2.6000000000000014,1.6000000000000014,8,4.0,3001.7999999999993,-5411,3566,0.1999999999999993,0.8752735229759168,453.5,0.9268721386527234
player00-66233b83,IL2CPP,ac74cac748fd6e6ebd6d35c6cdd90d5b116a231b61a1104ebdec526eee938e26,box,measured,3,newRoot,buildtotal,8,-0.29999999999999716,3.519999999999998,-2.5,3.799999999999997,8,-694.5,8390.599999999999,-6394,8854,0.5499999999999972,1.1714589989350266,1706.0,1.712559101358191
player00-66233b83,IL2CPP,ac74cac748fd6e6ebd6d35c6cdd90d5b116a231b61a1104ebdec526eee938e26,box,measured,3,newRoot,colliders+,8,-1.1,-0.77,-1.5,-0.7,8,-2371.0,-1745.0000000000002,-3375,-1605,-1.1,-52.38095238095239,-2437.0,-51.84554834592065
player00-66233b83,IL2CPP,ac74cac748fd6e6ebd6d35c6cdd90d5b116a231b61a1104ebdec526eee938e26,box,measured,3,newRoot,colliders-,8,1.0500000000000003,1.9249999999999998,0.8999999999999999,2.1,8,2355.5,4074.6499999999996,1919,4439,1.0499999999999998,104.99999999999999,2299.5,98.05970149253731
player00-66233b83,IL2CPP,ac74cac748fd6e6ebd6d35c6cdd90d5b116a231b61a1104ebdec526eee938e26,box,measured,3,newRoot,colliders_pair,8,0.050000000000000044,0.8299999999999998,-0.6000000000000001,0.8999999999999999,8,93.0,1622.8499999999997,-1456,1787,0.050000000000000266,1.6129032258064502,58.5,0.8171532336918474
player00-66233b83,IL2CPP,ac74cac748fd6e6ebd6d35c6cdd90d5b116a231b61a1104ebdec526eee938e26,box,measured,3,newRoot,newRoot+,8,-3.0,-1.835,-3.5,-1.7999999999999998,8,-6412.5,-4087.4,-7518,-4037,-2.75,-54.45544554455446,-5838.0,-53.01970756516211
player00-66233b83,IL2CPP,ac74cac748fd6e6ebd6d35c6cdd90d5b116a231b61a1104ebdec526eee938e26,box,measured,3,newRoot,newRoot-,8,2.7,3.7649999999999997,2.1999999999999997,3.8,8,5749.5,8153.0,4532,8279,2.7,131.70731707317077,5626.5,122.35511579863001
player00-66233b83,IL2CPP,ac74cac748fd6e6ebd6d35c6cdd90d5b116a231b61a1104ebdec526eee938e26,box,measured,3,newRoot,newRoot_pair,8,0.10000000000000009,1.2449999999999988,-0.7000000000000002,1.6999999999999993,8,-53.0,2453.5999999999985,-1327,3365,-0.04999999999999982,-0.7092198581560294,-257.0,-1.6617095564464002
player00-66233b83,IL2CPP,ac74cac748fd6e6ebd6d35c6cdd90d5b116a231b61a1104ebdec526eee938e26,box,measured,3,newRoot,objects+,8,-9.799999999999999,-8.375,-10.599999999999998,-8.2,8,-20732.0,-17604.350000000002,-22336,-17261,-9.95,-57.68115942028986,-21040.0,-57.41261221928124
player00-66233b83,IL2CPP,ac74cac748fd6e6ebd6d35c6cdd90d5b116a231b61a1104ebdec526eee938e26,box,measured,3,newRoot,objects-,8,10.55,11.865,8.6,11.9,8,22262.5,25114.95,18284,25263,10.3,143.05555555555557,21688.5,141.42214397496087
player00-66233b83,IL2CPP,ac74cac748fd6e6ebd6d35c6cdd90d5b116a231b61a1104ebdec526eee938e26,box,measured,3,newRoot,objects_pair,8,0.9000000000000004,2.354999999999999,-2.0,2.599999999999998,8,2007.0,4868.549999999999,-4052,5277,0.5,2.0576131687242816,1252.5,2.4297506231995003
player00-66233b83,IL2CPP,ac74cac748fd6e6ebd6d35c6cdd90d5b116a231b61a1104ebdec526eee938e26,box,measured,3,newRoot,publishtotal,8,-1.1500000000000021,2.3750000000000027,-4.199999999999996,2.9000000000000057,8,-2265.0,4766.899999999999,-8977,5770,-1.0500000000000043,-2.849389416553605,-2305.5,-2.966875997323315
player00-66233b83,IL2CPP,ac74cac748fd6e6ebd6d35c6cdd90d5b116a231b61a1104ebdec526eee938e26,box,warmup,0,newRoot,BuildPublish,1,0.0,0.0,0.0,0.0,1,0.0,0.0,0,0,0.0,0.0,0.0,0.0
player00-66233b83,IL2CPP,ac74cac748fd6e6ebd6d35c6cdd90d5b116a231b61a1104ebdec526eee938e26,box,warmup,0,newRoot,BuildSide+,1,0.0,0.0,0.0,0.0,1,0.0,0.0,0,0,0.0,0.0,0.0,0.0
player00-66233b83,IL2CPP,ac74cac748fd6e6ebd6d35c6cdd90d5b116a231b61a1104ebdec526eee938e26,box,warmup,0,newRoot,BuildSide-,1,0.0,0.0,0.0,0.0,1,0.0,0.0,0,0,0.0,0.0,0.0,0.0
player00-66233b83,IL2CPP,ac74cac748fd6e6ebd6d35c6cdd90d5b116a231b61a1104ebdec526eee938e26,box,warmup,0,newRoot,BuildSide_pair,1,0.0,0.0,0.0,0.0,1,0.0,0.0,0,0,0.0,0.0,0.0,0.0
player00-66233b83,IL2CPP,ac74cac748fd6e6ebd6d35c6cdd90d5b116a231b61a1104ebdec526eee938e26,box,warmup,0,newRoot,SetActive+,1,0.0,0.0,0.0,0.0,1,0.0,0.0,0,0,0.0,0.0,0.0,0.0
player00-66233b83,IL2CPP,ac74cac748fd6e6ebd6d35c6cdd90d5b116a231b61a1104ebdec526eee938e26,box,warmup,0,newRoot,SetActive-,1,0.0,0.0,0.0,0.0,1,0.0,0.0,0,0,0.0,0.0,0.0,0.0
player00-66233b83,IL2CPP,ac74cac748fd6e6ebd6d35c6cdd90d5b116a231b61a1104ebdec526eee938e26,box,warmup,0,newRoot,SetActive_pair,1,0.0,0.0,0.0,0.0,1,0.0,0.0,0,0,0.0,0.0,0.0,0.0
player00-66233b83,IL2CPP,ac74cac748fd6e6ebd6d35c6cdd90d5b116a231b61a1104ebdec526eee938e26,box,warmup,0,newRoot,buildtotal,1,0.0,0.0,0.0,0.0,1,0.0,0.0,0,0,0.0,0.0,0.0,0.0
player00-66233b83,IL2CPP,ac74cac748fd6e6ebd6d35c6cdd90d5b116a231b61a1104ebdec526eee938e26,box,warmup,0,newRoot,colliders+,1,0.0,0.0,0.0,0.0,1,0.0,0.0,0,0,0.0,0.0,0.0,0.0
player00-66233b83,IL2CPP,ac74cac748fd6e6ebd6d35c6cdd90d5b116a231b61a1104ebdec526eee938e26,box,warmup,0,newRoot,colliders-,1,0.0,0.0,0.0,0.0,1,0.0,0.0,0,0,0.0,0.0,0.0,0.0
player00-66233b83,IL2CPP,ac74cac748fd6e6ebd6d35c6cdd90d5b116a231b61a1104ebdec526eee938e26,box,warmup,0,newRoot,colliders_pair,1,0.0,0.0,0.0,0.0,1,0.0,0.0,0,0,0.0,0.0,0.0,0.0
player00-66233b83,IL2CPP,ac74cac748fd6e6ebd6d35c6cdd90d5b116a231b61a1104ebdec526eee938e26,box,warmup,0,newRoot,newRoot+,1,0.0,0.0,0.0,0.0,1,0.0,0.0,0,0,0.0,0.0,0.0,0.0
player00-66233b83,IL2CPP,ac74cac748fd6e6ebd6d35c6cdd90d5b116a231b61a1104ebdec526eee938e26,box,warmup,0,newRoot,newRoot-,1,0.0,0.0,0.0,0.0,1,0.0,0.0,0,0,0.0,0.0,0.0,0.0
player00-66233b83,IL2CPP,ac74cac748fd6e6ebd6d35c6cdd90d5b116a231b61a1104ebdec526eee938e26,box,warmup,0,newRoot,newRoot_pair,1,0.0,0.0,0.0,0.0,1,0.0,0.0,0,0,0.0,0.0,0.0,0.0
player00-66233b83,IL2CPP,ac74cac748fd6e6ebd6d35c6cdd90d5b116a231b61a1104ebdec526eee938e26,box,warmup,0,newRoot,objects+,1,0.0,0.0,0.0,0.0,1,0.0,0.0,0,0,0.0,0.0,0.0,0.0
player00-66233b83,IL2CPP,ac74cac748fd6e6ebd6d35c6cdd90d5b116a231b61a1104ebdec526eee938e26,box,warmup,0,newRoot,objects-,1,0.0,0.0,0.0,0.0,1,0.0,0.0,0,0,0.0,0.0,0.0,0.0
player00-66233b83,IL2CPP,ac74cac748fd6e6ebd6d35c6cdd90d5b116a231b61a1104ebdec526eee938e26,box,warmup,0,newRoot,objects_pair,1,0.0,0.0,0.0,0.0,1,0.0,0.0,0,0,0.0,0.0,0.0,0.0
player00-66233b83,IL2CPP,ac74cac748fd6e6ebd6d35c6cdd90d5b116a231b61a1104ebdec526eee938e26,box,warmup,0,newRoot,publishtotal,1,0.0,0.0,0.0,0.0,1,0.0,0.0,0,0,0.0,0.0,0.0,0.0
player00-66233b83,IL2CPP,ac74cac748fd6e6ebd6d35c6cdd90d5b116a231b61a1104ebdec526eee938e26,box,warmup,1,newRoot,BuildPublish,1,-44.699999999999996,-44.699999999999996,-44.699999999999996,-44.699999999999996,1,-98593.0,-98593.0,-98593,-98593,-44.699999999999996,-41.85393258426966,-98593.0,-42.940453999059244
player00-66233b83,IL2CPP,ac74cac748fd6e6ebd6d35c6cdd90d5b116a231b61a1104ebdec526eee938e26,box,warmup,1,newRoot,BuildSide+,1,-19.8,-19.8,-19.8,-19.8,1,-41527.0,-41527.0,-41527,-41527,-19.8,-69.96466431095408,-41527.0,-69.9472788829187
player00-66233b83,IL2CPP,ac74cac748fd6e6ebd6d35c6cdd90d5b116a231b61a1104ebdec526eee938e26,box,warmup,1,newRoot,BuildSide-,1,5.1,5.1,5.1,5.1,1,10878.0,10878.0,10878,10878,5.1,49.03846153846154,10878.0,49.51297223486573
player00-66233b83,IL2CPP,ac74cac748fd6e6ebd6d35c6cdd90d5b116a231b61a1104ebdec526eee938e26,box,warmup,1,newRoot,BuildSide_pair,1,-14.700000000000003,-14.700000000000003,-14.700000000000003,-14.700000000000003,1,-30649.0,-30649.0,-30649,-30649,-14.700000000000003,-37.98449612403101,-30649.0,-37.6805714355967
player00-66233b83,IL2CPP,ac74cac748fd6e6ebd6d35c6cdd90d5b116a231b61a1104ebdec526eee938e26,box,warmup,1,newRoot,SetActive+,1,-4.6,-4.6,-4.6,-4.6,1,-9758.0,-9758.0,-9758,-9758,-4.6,-30.666666666666664,-9758.0,-30.35808729738979
player00-66233b83,IL2CPP,ac74cac748fd6e6ebd6d35c6cdd90d5b116a231b61a1104ebdec526eee938e26,box,warmup,1,newRoot,SetActive-,1,-6.5,-6.5,-6.5,-6.5,1,-13400.0,-13400.0,-13400,-13400,-6.5,-45.138888888888886,-13400.0,-43.84529808258621
player00-66233b83,IL2CPP,ac74cac748fd6e6ebd6d35c6cdd90d5b116a231b61a1104ebdec526eee938e26,box,warmup,1,newRoot,SetActive_pair,1,-11.099999999999998,-11.099999999999998,-11.099999999999998,-11.099999999999998,1,-23158.0,-23158.0,-23158,-23158,-11.099999999999998,-37.755102040816325,-23158.0,-36.93166414161551
player00-66233b83,IL2CPP,ac74cac748fd6e6ebd6d35c6cdd90d5b116a231b61a1104ebdec526eee938e26,box,warmup,1,newRoot,buildtotal,1,-24.9,-24.9,-24.9,-24.9,1,-56776.0,-56776.0,-56776,-56776,-24.9,-42.63698630136986,-56776.0,-44.52041904522929
player00-66233b83,IL2CPP,ac74cac748fd6e6ebd6d35c6cdd90d5b116a231b61a1104ebdec526eee938e26,box,warmup,1,newRoot,colliders+,1,-2.5,-2.5,-2.5,-2.5,1,-5162.0,-5162.0,-5162,-5162,-2.5,-73.52941176470588,-5162.0,-70.00271223216707
player00-66233b83,IL2CPP,ac74cac748fd6e6ebd6d35c6cdd90d5b116a231b61a1104ebdec526eee938e26,box,warmup,1,newRoot,colliders-,1,0.7,0.7,0.7,0.7,1,1701.0,1701.0,1701,1701,0.7,70.0,1701.0,72.84796573875802
player00-66233b83,IL2CPP,ac74cac748fd6e6ebd6d35c6cdd90d5b116a231b61a1104ebdec526eee938e26,box,warmup,1,newRoot,colliders_pair,1,-1.8000000000000003,-1.8000000000000003,-1.8000000000000003,-1.8000000000000003,1,-3461.0,-3461.0,-3461,-3461,-1.8000000000000003,-40.90909090909092,-3461.0,-35.64733752188691
player00-66233b83,IL2CPP,ac74cac748fd6e6ebd6d35c6cdd90d5b116a231b61a1104ebdec526eee938e26,box,warmup,1,newRoot,newRoot+,1,-5.8999999999999995,-5.8999999999999995,-5.8999999999999995,-5.8999999999999995,1,-12505.0,-12505.0,-12505,-12505,-5.8999999999999995,-72.83950617283949,-12505.0,-71.45714285714287
player00-66233b83,IL2CPP,ac74cac748fd6e6ebd6d35c6cdd90d5b116a231b61a1104ebdec526eee938e26,box,warmup,1,newRoot,newRoot-,1,1.9,1.9,1.9,1.9,1,3954.0,3954.0,3954,3954,1.9,90.47619047619047,3954.0,83.17206562894404
player00-66233b83,IL2CPP,ac74cac748fd6e6ebd6d35c6cdd90d5b116a231b61a1104ebdec526eee938e26,box,warmup,1,newRoot,newRoot_pair,1,-3.999999999999999,-3.999999999999999,-3.999999999999999,-3.999999999999999,1,-8551.0,-8551.0,-8551,-8551,-3.999999999999999,-39.2156862745098,-8551.0,-38.4245528893682
player00-66233b83,IL2CPP,ac74cac748fd6e6ebd6d35c6cdd90d5b116a231b61a1104ebdec526eee938e26,box,warmup,1,newRoot,objects+,1,-16.6,-16.6,-16.6,-16.6,1,-35233.0,-35233.0,-35233,-35233,-16.6,-70.33898305084746,-35233.0,-70.4490922178677
player00-66233b83,IL2CPP,ac74cac748fd6e6ebd6d35c6cdd90d5b116a231b61a1104ebdec526eee938e26,box,warmup,1,newRoot,objects-,1,4.0,4.0,4.0,4.0,1,8597.0,8597.0,8597,8597,4.0,45.45454545454546,8597.0,45.90452797949594
player00-66233b83,IL2CPP,ac74cac748fd6e6ebd6d35c6cdd90d5b116a231b61a1104ebdec526eee938e26,box,warmup,1,newRoot,objects_pair,1,-12.599999999999998,-12.599999999999998,-12.599999999999998,-12.599999999999998,1,-26636.0,-26636.0,-26636,-26636,-12.599999999999998,-38.888888888888886,-26636.0,-38.74890893220832
player00-66233b83,IL2CPP,ac74cac748fd6e6ebd6d35c6cdd90d5b116a231b61a1104ebdec526eee938e26,box,warmup,1,newRoot,publishtotal,1,-19.799999999999997,-19.799999999999997,-19.799999999999997,-19.799999999999997,1,-41817.0,-41817.0,-41817,-41817,-19.799999999999997,-40.90909090909091,-41817.0,-40.966534738822055
player00-66233b83,IL2CPP,ac74cac748fd6e6ebd6d35c6cdd90d5b116a231b61a1104ebdec526eee938e26,box,warmup,2,newRoot,BuildPublish,1,-26.799999999999997,-26.799999999999997,-26.799999999999997,-26.799999999999997,1,-60144.0,-60144.0,-60144,-60144,-26.799999999999997,-25.093632958801493,-60144.0,-26.194665598160316
player00-66233b83,IL2CPP,ac74cac748fd6e6ebd6d35c6cdd90d5b116a231b61a1104ebdec526eee938e26,box,warmup,2,newRoot,BuildSide+,1,-6.600000000000001,-6.600000000000001,-6.600000000000001,-6.600000000000001,1,-13650.0,-13650.0,-13650,-13650,-6.600000000000001,-23.32155477031802,-13650.0,-22.99179706580875
player00-66233b83,IL2CPP,ac74cac748fd6e6ebd6d35c6cdd90d5b116a231b61a1104ebdec526eee938e26,box,warmup,2,newRoot,BuildSide-,1,-2.0999999999999996,-2.0999999999999996,-2.0999999999999996,-2.0999999999999996,1,-4531.0,-4531.0,-4531,-4531,-2.0999999999999996,-20.192307692307686,-4531.0,-20.623577605826128
player00-66233b83,IL2CPP,ac74cac748fd6e6ebd6d35c6cdd90d5b116a231b61a1104ebdec526eee938e26,box,warmup,2,newRoot,BuildSide_pair,1,-8.700000000000003,-8.700000000000003,-8.700000000000003,-8.700000000000003,1,-18181.0,-18181.0,-18181,-18181,-8.700000000000003,-22.480620155038768,-18181.0,-22.352131203973492
player00-66233b83,IL2CPP,ac74cac748fd6e6ebd6d35c6cdd90d5b116a231b61a1104ebdec526eee938e26,box,warmup,2,newRoot,SetActive+,1,4.0,4.0,4.0,4.0,1,8249.0,8249.0,8249,8249,4.0,26.66666666666666,8249.0,25.663441495815565
player00-66233b83,IL2CPP,ac74cac748fd6e6ebd6d35c6cdd90d5b116a231b61a1104ebdec526eee938e26,box,warmup,2,newRoot,SetActive-,1,-11.3,-11.3,-11.3,-11.3,1,-23660.0,-23660.0,-23660,-23660,-11.3,-78.47222222222221,-23660.0,-77.41639945029776
player00-66233b83,IL2CPP,ac74cac748fd6e6ebd6d35c6cdd90d5b116a231b61a1104ebdec526eee938e26,box,warmup,2,newRoot,SetActive_pair,1,-7.299999999999997,-7.299999999999997,-7.299999999999997,-7.299999999999997,1,-15411.0,-15411.0,-15411,-15411,-7.299999999999997,-24.82993197278911,-15411.0,-24.57698748106212
player00-66233b83,IL2CPP,ac74cac748fd6e6ebd6d35c6cdd90d5b116a231b61a1104ebdec526eee938e26,box,warmup,2,newRoot,buildtotal,1,-12.799999999999997,-12.799999999999997,-12.799999999999997,-12.799999999999997,1,-30574.0,-30574.0,-30574,-30574,-12.799999999999997,-21.91780821917808,-30574.0,-23.974342889404674
player00-66233b83,IL2CPP,ac74cac748fd6e6ebd6d35c6cdd90d5b116a231b61a1104ebdec526eee938e26,box,warmup,2,newRoot,colliders+,1,-1.5999999999999999,-1.5999999999999999,-1.5999999999999999,-1.5999999999999999,1,-3249.0,-3249.0,-3249,-3249,-1.5999999999999999,-47.05882352941176,-3249.0,-44.06021155410903
player00-66233b83,IL2CPP,ac74cac748fd6e6ebd6d35c6cdd90d5b116a231b61a1104ebdec526eee938e26,box,warmup,2,newRoot,colliders-,1,0.0,0.0,0.0,0.0,1,34.0,34.0,34,34,0.0,0.0,34.0,1.456102783725921
player00-66233b83,IL2CPP,ac74cac748fd6e6ebd6d35c6cdd90d5b116a231b61a1104ebdec526eee938e26,box,warmup,2,newRoot,colliders_pair,1,-1.6000000000000005,-1.6000000000000005,-1.6000000000000005,-1.6000000000000005,1,-3215.0,-3215.0,-3215,-3215,-1.6000000000000005,-36.363636363636374,-3215.0,-33.11360593263982
player00-66233b83,IL2CPP,ac74cac748fd6e6ebd6d35c6cdd90d5b116a231b61a1104ebdec526eee938e26,box,warmup,2,newRoot,newRoot+,1,-2.3,-2.3,-2.3,-2.3,1,-4781.0,-4781.0,-4781,-4781,-2.3,-28.395061728395067,-4781.0,-27.32
player00-66233b83,IL2CPP,ac74cac748fd6e6ebd6d35c6cdd90d5b116a231b61a1104ebdec526eee938e26,box,warmup,2,newRoot,newRoot-,1,-0.20000000000000018,-0.20000000000000018,-0.20000000000000018,-0.20000000000000018,1,-429.0,-429.0,-429,-429,-0.20000000000000018,-9.523809523809534,-429.0,-9.023979806478755
player00-66233b83,IL2CPP,ac74cac748fd6e6ebd6d35c6cdd90d5b116a231b61a1104ebdec526eee938e26,box,warmup,2,newRoot,newRoot_pair,1,-2.499999999999999,-2.499999999999999,-2.499999999999999,-2.499999999999999,1,-5210.0,-5210.0,-5210,-5210,-2.499999999999999,-24.50980392156862,-5210.0,-23.41152152422037
player00-66233b83,IL2CPP,ac74cac748fd6e6ebd6d35c6cdd90d5b116a231b61a1104ebdec526eee938e26,box,warmup,2,newRoot,objects+,1,-5.5,-5.5,-5.5,-5.5,1,-11712.0,-11712.0,-11712,-11712,-5.5,-23.305084745762706,-11712.0,-23.418379588898663
player00-66233b83,IL2CPP,ac74cac748fd6e6ebd6d35c6cdd90d5b116a231b61a1104ebdec526eee938e26,box,warmup,2,newRoot,objects-,1,-2.1000000000000005,-2.1000000000000005,-2.1000000000000005,-2.1000000000000005,1,-4538.0,-4538.0,-4538,-4538,-2.1000000000000005,-23.863636363636363,-4538.0,-24.231097821443825
player00-66233b83,IL2CPP,ac74cac748fd6e6ebd6d35c6cdd90d5b116a231b61a1104ebdec526eee938e26,box,warmup,2,newRoot,objects_pair,1,-7.599999999999998,-7.599999999999998,-7.599999999999998,-7.599999999999998,1,-16250.0,-16250.0,-16250,-16250,-7.599999999999998,-23.456790123456784,-16250.0,-23.639802153040446
player00-66233b83,IL2CPP,ac74cac748fd6e6ebd6d35c6cdd90d5b116a231b61a1104ebdec526eee938e26,box,warmup,2,newRoot,publishtotal,1,-14.0,-14.0,-14.0,-14.0,1,-29570.0,-29570.0,-29570,-29570,-14.0,-28.925619834710748,-29570.0,-28.968611622712494
player00-66233b83,IL2CPP,ac74cac748fd6e6ebd6d35c6cdd90d5b116a231b61a1104ebdec526eee938e26,box,warmup,3,newRoot,BuildPublish,1,-31.799999999999997,-31.799999999999997,-31.799999999999997,-31.799999999999997,1,-71649.0,-71649.0,-71649,-71649,-31.799999999999997,-29.7752808988764,-71649.0,-31.20546680371422
player00-66233b83,IL2CPP,ac74cac748fd6e6ebd6d35c6cdd90d5b116a231b61a1104ebdec526eee938e26,box,warmup,3,newRoot,BuildSide+,1,-19.8,-19.8,-19.8,-19.8,1,-41504.0,-41504.0,-41504,-41504,-19.8,-69.96466431095408,-41504.0,-69.90853812595799
player00-66233b83,IL2CPP,ac74cac748fd6e6ebd6d35c6cdd90d5b116a231b61a1104ebdec526eee938e26,box,warmup,3,newRoot,BuildSide-,1,8.999999999999998,8.999999999999998,8.999999999999998,8.999999999999998,1,18841.0,18841.0,18841,18841,8.999999999999998,86.53846153846152,18841.0,85.75785161583977
player00-66233b83,IL2CPP,ac74cac748fd6e6ebd6d35c6cdd90d5b116a231b61a1104ebdec526eee938e26,box,warmup,3,newRoot,BuildSide_pair,1,-10.800000000000004,-10.800000000000004,-10.800000000000004,-10.800000000000004,1,-22663.0,-22663.0,-22663,-22663,-10.800000000000004,-27.906976744186053,-22663.0,-27.862403029297134
player00-66233b83,IL2CPP,ac74cac748fd6e6ebd6d35c6cdd90d5b116a231b61a1104ebdec526eee938e26,box,warmup,3,newRoot,SetActive+,1,2.1000000000000014,2.1000000000000014,2.1000000000000014,2.1000000000000014,1,4307.0,4307.0,4307,4307,2.1000000000000014,14.000000000000012,4307.0,13.399496002239996
player00-66233b83,IL2CPP,ac74cac748fd6e6ebd6d35c6cdd90d5b116a231b61a1104ebdec526eee938e26,box,warmup,3,newRoot,SetActive-,1,-11.5,-11.5,-11.5,-11.5,1,-24215.0,-24215.0,-24215,-24215,-11.5,-79.86111111111111,-24215.0,-79.23238007983771
player00-66233b83,IL2CPP,ac74cac748fd6e6ebd6d35c6cdd90d5b116a231b61a1104ebdec526eee938e26,box,warmup,3,newRoot,SetActive_pair,1,-9.399999999999999,-9.399999999999999,-9.399999999999999,-9.399999999999999,1,-19908.0,-19908.0,-19908,-19908,-9.399999999999999,-31.97278911564626,-19908.0,-31.74866438083087
player00-66233b83,IL2CPP,ac74cac748fd6e6ebd6d35c6cdd90d5b116a231b61a1104ebdec526eee938e26,box,warmup,3,newRoot,buildtotal,1,-16.199999999999996,-16.199999999999996,-16.199999999999996,-16.199999999999996,1,-38565.0,-38565.0,-38565,-38565,-16.199999999999996,-27.73972602739725,-38565.0,-30.240417790602848
player00-66233b83,IL2CPP,ac74cac748fd6e6ebd6d35c6cdd90d5b116a231b61a1104ebdec526eee938e26,box,warmup,3,newRoot,colliders+,1,-2.4,-2.4,-2.4,-2.4,1,-5093.0,-5093.0,-5093,-5093,-2.4,-70.58823529411764,-5093.0,-69.06699213452671
player00-66233b83,IL2CPP,ac74cac748fd6e6ebd6d35c6cdd90d5b116a231b61a1104ebdec526eee938e26,box,warmup,3,newRoot,colliders-,1,0.8999999999999999,0.8999999999999999,0.8999999999999999,0.8999999999999999,1,1802.0,1802.0,1802,1802,0.8999999999999999,89.99999999999999,1802.0,77.17344753747324
player00-66233b83,IL2CPP,ac74cac748fd6e6ebd6d35c6cdd90d5b116a231b61a1104ebdec526eee938e26,box,warmup,3,newRoot,colliders_pair,1,-1.5000000000000004,-1.5000000000000004,-1.5000000000000004,-1.5000000000000004,1,-3291.0,-3291.0,-3291,-3291,-1.5000000000000004,-34.09090909090909,-3291.0,-33.896384797610466
player00-66233b83,IL2CPP,ac74cac748fd6e6ebd6d35c6cdd90d5b116a231b61a1104ebdec526eee938e26,box,warmup,3,newRoot,newRoot+,1,-6.199999999999999,-6.199999999999999,-6.199999999999999,-6.199999999999999,1,-13049.0,-13049.0,-13049,-13049,-6.199999999999999,-76.54320987654322,-13049.0,-74.56571428571428
player00-66233b83,IL2CPP,ac74cac748fd6e6ebd6d35c6cdd90d5b116a231b61a1104ebdec526eee938e26,box,warmup,3,newRoot,newRoot-,1,2.1,2.1,2.1,2.1,1,4507.0,4507.0,4507,4507,2.1,100.0,4507.0,94.80437526293647
player00-66233b83,IL2CPP,ac74cac748fd6e6ebd6d35c6cdd90d5b116a231b61a1104ebdec526eee938e26,box,warmup,3,newRoot,newRoot_pair,1,-4.1,-4.1,-4.1,-4.1,1,-8542.0,-8542.0,-8542,-8542,-4.1,-40.19607843137255,-8542.0,-38.384110721668016
player00-66233b83,IL2CPP,ac74cac748fd6e6ebd6d35c6cdd90d5b116a231b61a1104ebdec526eee938e26,box,warmup,3,newRoot,objects+,1,-16.700000000000003,-16.700000000000003,-16.700000000000003,-16.700000000000003,1,-35262.0,-35262.0,-35262,-35262,-16.700000000000003,-70.76271186440678,-35262.0,-70.5070783012077
player00-66233b83,IL2CPP,ac74cac748fd6e6ebd6d35c6cdd90d5b116a231b61a1104ebdec526eee938e26,box,warmup,3,newRoot,objects-,1,7.399999999999999,7.399999999999999,7.399999999999999,7.399999999999999,1,15655.0,15655.0,15655,15655,7.399999999999999,84.09090909090907,15655.0,83.5914139256728
player00-66233b83,IL2CPP,ac74cac748fd6e6ebd6d35c6cdd90d5b116a231b61a1104ebdec526eee938e26,box,warmup,3,newRoot,objects_pair,1,-9.299999999999997,-9.299999999999997,-9.299999999999997,-9.299999999999997,1,-19607.0,-19607.0,-19607,-19607,-9.299999999999997,-28.7037037037037,-19607.0,-28.5234215885947
player00-66233b83,IL2CPP,ac74cac748fd6e6ebd6d35c6cdd90d5b116a231b61a1104ebdec526eee938e26,box,warmup,3,newRoot,publishtotal,1,-15.600000000000001,-15.600000000000001,-15.600000000000001,-15.600000000000001,1,-33084.0,-33084.0,-33084,-33084,-15.600000000000001,-32.231404958677686,-33084.0,-32.411144637329045
player00-66233b83,IL2CPP,ac74cac748fd6e6ebd6d35c6cdd90d5b116a231b61a1104ebdec526eee938e26,character,measured,0,newRoot,BuildPublish,8,0.0,0.0,0.0,0.0,8,0.0,0.0,0,0,0.0,0.0,0.0,0.0
player00-66233b83,IL2CPP,ac74cac748fd6e6ebd6d35c6cdd90d5b116a231b61a1104ebdec526eee938e26,character,measured,0,newRoot,BuildSide+,8,0.0,0.0,0.0,0.0,8,0.0,0.0,0,0,0.0,0.0,0.0,0.0
player00-66233b83,IL2CPP,ac74cac748fd6e6ebd6d35c6cdd90d5b116a231b61a1104ebdec526eee938e26,character,measured,0,newRoot,BuildSide-,8,0.0,0.0,0.0,0.0,8,0.0,0.0,0,0,0.0,0.0,0.0,0.0
player00-66233b83,IL2CPP,ac74cac748fd6e6ebd6d35c6cdd90d5b116a231b61a1104ebdec526eee938e26,character,measured,0,newRoot,BuildSide_pair,8,0.0,0.0,0.0,0.0,8,0.0,0.0,0,0,0.0,0.0,0.0,0.0
player00-66233b83,IL2CPP,ac74cac748fd6e6ebd6d35c6cdd90d5b116a231b61a1104ebdec526eee938e26,character,measured,0,newRoot,SetActive+,8,0.0,0.0,0.0,0.0,8,0.0,0.0,0,0,0.0,0.0,0.0,0.0
player00-66233b83,IL2CPP,ac74cac748fd6e6ebd6d35c6cdd90d5b116a231b61a1104ebdec526eee938e26,character,measured,0,newRoot,SetActive-,8,0.0,0.0,0.0,0.0,8,0.0,0.0,0,0,0.0,0.0,0.0,0.0
player00-66233b83,IL2CPP,ac74cac748fd6e6ebd6d35c6cdd90d5b116a231b61a1104ebdec526eee938e26,character,measured,0,newRoot,SetActive_pair,8,0.0,0.0,0.0,0.0,8,0.0,0.0,0,0,0.0,0.0,0.0,0.0
player00-66233b83,IL2CPP,ac74cac748fd6e6ebd6d35c6cdd90d5b116a231b61a1104ebdec526eee938e26,character,measured,0,newRoot,buildtotal,8,0.0,0.0,0.0,0.0,8,0.0,0.0,0,0,0.0,0.0,0.0,0.0
player00-66233b83,IL2CPP,ac74cac748fd6e6ebd6d35c6cdd90d5b116a231b61a1104ebdec526eee938e26,character,measured,0,newRoot,colliders+,8,0.0,0.0,0.0,0.0,8,0.0,0.0,0,0,0.0,0.0,0.0,0.0
player00-66233b83,IL2CPP,ac74cac748fd6e6ebd6d35c6cdd90d5b116a231b61a1104ebdec526eee938e26,character,measured,0,newRoot,colliders-,8,0.0,0.0,0.0,0.0,8,0.0,0.0,0,0,0.0,0.0,0.0,0.0
player00-66233b83,IL2CPP,ac74cac748fd6e6ebd6d35c6cdd90d5b116a231b61a1104ebdec526eee938e26,character,measured,0,newRoot,colliders_pair,8,0.0,0.0,0.0,0.0,8,0.0,0.0,0,0,0.0,0.0,0.0,0.0
player00-66233b83,IL2CPP,ac74cac748fd6e6ebd6d35c6cdd90d5b116a231b61a1104ebdec526eee938e26,character,measured,0,newRoot,newRoot+,8,0.0,0.0,0.0,0.0,8,0.0,0.0,0,0,0.0,0.0,0.0,0.0
player00-66233b83,IL2CPP,ac74cac748fd6e6ebd6d35c6cdd90d5b116a231b61a1104ebdec526eee938e26,character,measured,0,newRoot,newRoot-,8,0.0,0.0,0.0,0.0,8,0.0,0.0,0,0,0.0,0.0,0.0,0.0
player00-66233b83,IL2CPP,ac74cac748fd6e6ebd6d35c6cdd90d5b116a231b61a1104ebdec526eee938e26,character,measured,0,newRoot,newRoot_pair,8,0.0,0.0,0.0,0.0,8,0.0,0.0,0,0,0.0,0.0,0.0,0.0
player00-66233b83,IL2CPP,ac74cac748fd6e6ebd6d35c6cdd90d5b116a231b61a1104ebdec526eee938e26,character,measured,0,newRoot,objects+,8,0.0,0.0,0.0,0.0,8,0.0,0.0,0,0,0.0,0.0,0.0,0.0
player00-66233b83,IL2CPP,ac74cac748fd6e6ebd6d35c6cdd90d5b116a231b61a1104ebdec526eee938e26,character,measured,0,newRoot,objects-,8,0.0,0.0,0.0,0.0,8,0.0,0.0,0,0,0.0,0.0,0.0,0.0
player00-66233b83,IL2CPP,ac74cac748fd6e6ebd6d35c6cdd90d5b116a231b61a1104ebdec526eee938e26,character,measured,0,newRoot,objects_pair,8,0.0,0.0,0.0,0.0,8,0.0,0.0,0,0,0.0,0.0,0.0,0.0
player00-66233b83,IL2CPP,ac74cac748fd6e6ebd6d35c6cdd90d5b116a231b61a1104ebdec526eee938e26,character,measured,0,newRoot,publishtotal,8,0.0,0.0,0.0,0.0,8,0.0,0.0,0,0,0.0,0.0,0.0,0.0
player00-66233b83,IL2CPP,ac74cac748fd6e6ebd6d35c6cdd90d5b116a231b61a1104ebdec526eee938e26,character,measured,1,newRoot,BuildPublish,8,-3.4499999999999886,6.399999999999988,-53.79999999999998,8.499999999999986,8,-7054.0,13131.049999999994,-82271,17575,-3.4499999999999886,-2.5998492840994647,-7054.0,-2.5194341809428034
player00-66233b83,IL2CPP,ac74cac748fd6e6ebd6d35c6cdd90d5b116a231b61a1104ebdec526eee938e26,character,measured,1,newRoot,BuildSide+,8,-11.55,-10.204999999999998,-25.300000000000004,-10.099999999999998,8,-24257.0,-21757.1,-43097,-21545,-10.950000000000003,-35.49432739059968,-23148.0,-35.69385442125471
player00-66233b83,IL2CPP,ac74cac748fd6e6ebd6d35c6cdd90d5b116a231b61a1104ebdec526eee938e26,character,measured,1,newRoot,BuildSide-,8,12.600000000000001,13.32,-24.800000000000004,13.600000000000001,8,26511.0,28305.8,-21395,28926,12.200000000000003,77.95527156549524,25746.0,78.37323632821418
player00-66233b83,IL2CPP,ac74cac748fd6e6ebd6d35c6cdd90d5b116a231b61a1104ebdec526eee938e26,character,measured,1,newRoot,BuildSide_pair,8,0.5500000000000007,2.33,-34.900000000000006,2.3999999999999986,8,1359.5,4535.099999999999,-42940,4715,0.29999999999999716,0.6315789473684053,732.5,0.7343137549747913
player00-66233b83,IL2CPP,ac74cac748fd6e6ebd6d35c6cdd90d5b116a231b61a1104ebdec526eee938e26,character,measured,1,newRoot,SetActive+,8,-1.6500000000000004,0.8399999999999985,-4.0,1.3999999999999986,8,-3402.5,1796.0499999999984,-8240,2943,-0.40000000000000213,-1.4362657091562037,-910.0,-1.5382924953301846
player00-66233b83,IL2CPP,ac74cac748fd6e6ebd6d35c6cdd90d5b116a231b61a1104ebdec526eee938e26,character,measured,1,newRoot,SetActive-,8,-1.1500000000000004,0.5199999999999977,-8.8,0.7999999999999972,8,-2372.5,1005.799999999999,-18300,1577,-1.0500000000000007,-5.585106382978722,-2386.0,-5.952574001771305
player00-66233b83,IL2CPP,ac74cac748fd6e6ebd6d35c6cdd90d5b116a231b61a1104ebdec526eee938e26,character,measured,1,newRoot,SetActive_pair,8,-2.25,0.7349999999999981,-12.799999999999997,1.3999999999999986,8,-4653.0,1556.2499999999982,-26540,2888,-1.6999999999999957,-3.6519871106337143,-3577.0,-3.6174247212600763
player00-66233b83,IL2CPP,ac74cac748fd6e6ebd6d35c6cdd90d5b116a231b61a1104ebdec526eee938e26,character,measured,1,newRoot,buildtotal,8,-0.45000000000000284,5.304999999999994,-36.2,5.8999999999999915,8,-941.5,10721.949999999997,-45049,11976,-1.0000000000000142,-1.4803849000740388,-2056.5,-1.4399848754323763
player00-66233b83,IL2CPP,ac74cac748fd6e6ebd6d35c6cdd90d5b116a231b61a1104ebdec526eee938e26,character,measured,1,newRoot,colliders+,8,-1.5,-0.4450000000000012,-11.3,-0.20000000000000107,8,-3377.0,-1020.8000000000009,-13118,-465,-1.8499999999999996,-13.214285714285712,-3892.5,-13.029724844346259
player00-66233b83,IL2CPP,ac74cac748fd6e6ebd6d35c6cdd90d5b116a231b61a1104ebdec526eee938e26,character,measured,1,newRoot,colliders-,8,1.3999999999999995,2.5549999999999993,-34.0,2.8,8,3057.5,5375.65,-42229,5824,1.3999999999999995,18.181818181818166,2828.5,17.03402589581451
player00-66233b83,IL2CPP,ac74cac748fd6e6ebd6d35c6cdd90d5b116a231b61a1104ebdec526eee938e26,character,measured,1,newRoot,colliders_pair,8,-0.5500000000000007,2.0750000000000006,-35.6,2.6000000000000014,8,-1385.0,4267.699999999998,-45755,5359,-0.6500000000000021,-2.995391705069139,-1468.5,-3.1649730055928527
player00-66233b83,IL2CPP,ac74cac748fd6e6ebd6d35c6cdd90d5b116a231b61a1104ebdec526eee938e26,character,measured,1,newRoot,newRoot+,8,-2.7,-2.07,-2.9999999999999996,-2.0,8,-5789.0,-4488.0,-6360,-4313,-2.85,-57.57575757575757,-6010.5,-56.17552222066451
player00-66233b83,IL2CPP,ac74cac748fd6e6ebd6d35c6cdd90d5b116a231b61a1104ebdec526eee938e26,character,measured,1,newRoot,newRoot-,8,3.05,3.43,2.0,3.5,8,6497.5,7278.3,4362,7433,2.9,138.0952380952381,6186.0,130.28643639427128
player00-66233b83,IL2CPP,ac74cac748fd6e6ebd6d35c6cdd90d5b116a231b61a1104ebdec526eee938e26,character,measured,1,newRoot,newRoot_pair,8,0.25,1.1149999999999993,-0.20000000000000018,1.5,8,530.0,2352.0999999999985,-521,3120,0.20000000000000018,2.8368794326241176,353.5,2.265880392282549
player00-66233b83,IL2CPP,ac74cac748fd6e6ebd6d35c6cdd90d5b116a231b61a1104ebdec526eee938e26,character,measured,1,newRoot,objects+,8,-9.7,-8.11,-13.200000000000001,-7.8999999999999995,8,-20459.5,-17337.65,-27960,-16855,-9.449999999999998,-57.97546012269939,-19917.0,-57.591880403666536
player00-66233b83,IL2CPP,ac74cac748fd6e6ebd6d35c6cdd90d5b116a231b61a1104ebdec526eee938e26,character,measured,1,newRoot,objects-,8,10.100000000000001,11.32,8.999999999999998,11.6,8,21462.5,23821.2,19150,24349,10.299999999999999,144.05594405594405,21878.0,143.35419192084657
player00-66233b83,IL2CPP,ac74cac748fd6e6ebd6d35c6cdd90d5b116a231b61a1104ebdec526eee938e26,character,measured,1,newRoot,objects_pair,8,0.5,2.714999999999998,-4.199999999999999,3.099999999999998,8,1075.5,5418.499999999999,-8810,6115,1.3499999999999979,5.882352941176472,2905.5,5.946582071223916
player00-66233b83,IL2CPP,ac74cac748fd6e6ebd6d35c6cdd90d5b116a231b61a1104ebdec526eee938e26,character,measured,1,newRoot,publishtotal,8,-3.3500000000000014,1.339999999999999,-17.60000000000001,2.6000000000000014,8,-7092.5,2974.699999999996,-37222,5599,-2.6000000000000014,-4.0154440154440145,-5310.5,-3.894256329404
player00-66233b83,IL2CPP,ac74cac748fd6e6ebd6d35c6cdd90d5b116a231b61a1104ebdec526eee938e26,character,measured,2,newRoot,BuildPublish,8,-9.099999999999994,2.870000000000002,-55.69999999999999,4.200000000000003,8,-18190.0,5887.699999999996,-86969,8561,-6.8999999999999915,-5.19969856819894,-14372.5,-5.1333382145733575
player00-66233b83,IL2CPP,ac74cac748fd6e6ebd6d35c6cdd90d5b116a231b61a1104ebdec526eee938e26,character,measured,2,newRoot,BuildSide+,8,0.0,4.1649999999999965,-12.300000000000004,5.599999999999998,8,-22.5,8792.299999999996,-18284,11761,0.8999999999999986,2.917341977309551,1973.0,3.0423351811446064
player00-66233b83,IL2CPP,ac74cac748fd6e6ebd6d35c6cdd90d5b116a231b61a1104ebdec526eee938e26,character,measured,2,newRoot,BuildSide-,8,-0.09999999999999964,1.120000000000001,-37.2,1.4000000000000021,8,-197.5,2340.5499999999993,-47645,2945,-0.14999999999999858,-0.9584664536741117,-334.0,-1.0167272948661377
player00-66233b83,IL2CPP,ac74cac748fd6e6ebd6d35c6cdd90d5b116a231b61a1104ebdec526eee938e26,character,measured,2,newRoot,BuildSide_pair,8,-1.4499999999999993,1.855,-31.60000000000001,2.1000000000000014,8,-2981.5,3931.399999999999,-35884,4497,-0.20000000000000284,-0.42105263157895534,-144.0,-0.14435656070493907
player00-66233b83,IL2CPP,ac74cac748fd6e6ebd6d35c6cdd90d5b116a231b61a1104ebdec526eee938e26,character,measured,2,newRoot,SetActive+,8,5.4,6.700000000000002,-0.30000000000000426,6.700000000000003,8,11442.5,14282.35,-294,14331,5.149999999999999,18.49192100538599,10865.0,18.366536221716977
player00-66233b83,IL2CPP,ac74cac748fd6e6ebd6d35c6cdd90d5b116a231b61a1104ebdec526eee938e26,character,measured,2,newRoot,SetActive-,8,-7.7,-6.205000000000002,-17.9,-6.100000000000001,8,-16365.5,-13081.800000000001,-37807,-12827,-7.800000000000001,-41.48936170212766,-16516.0,-41.203986677810065
player00-66233b83,IL2CPP,ac74cac748fd6e6ebd6d35c6cdd90d5b116a231b61a1104ebdec526eee938e26,character,measured,2,newRoot,SetActive_pair,8,-2.4499999999999957,0.2649999999999966,-18.199999999999996,0.29999999999999716,8,-5115.5,682.5,-38101,707,-2.4499999999999957,-5.263157894736836,-5115.5,-5.173311758905774
player00-66233b83,IL2CPP,ac74cac748fd6e6ebd6d35c6cdd90d5b116a231b61a1104ebdec526eee938e26,character,measured,2,newRoot,buildtotal,8,-4.400000000000006,2.894999999999998,-33.89999999999999,3.700000000000003,8,-9446.5,6099.249999999998,-40738,7641,-2.8000000000000114,-4.145077720207269,-5830.0,-4.082232834315969
player00-66233b83,IL2CPP,ac74cac748fd6e6ebd6d35c6cdd90d5b116a231b61a1104ebdec526eee938e26,character,measured,2,newRoot,colliders+,8,-0.4499999999999993,0.5599999999999989,-8.9,0.6999999999999993,8,-980.0,1066.3999999999996,-7930,1324,-0.5500000000000007,-3.928571428571437,-1169.0,-3.9131016937805407
player00-66233b83,IL2CPP,ac74cac748fd6e6ebd6d35c6cdd90d5b116a231b61a1104ebdec526eee938e26,character,measured,2,newRoot,colliders-,8,-0.15000000000000036,0.9149999999999994,-34.9,1.2999999999999998,8,-276.0,1932.3499999999988,-44264,2765,-0.15000000000000036,-1.9480519480519543,-424.0,-2.5534477566997893
player00-66233b83,IL2CPP,ac74cac748fd6e6ebd6d35c6cdd90d5b116a231b61a1104ebdec526eee938e26,character,measured,2,newRoot,colliders_pair,8,-0.9000000000000004,1.4749999999999992,-35.2,2.0,8,-1843.5,2998.749999999998,-44938,4089,-0.5000000000000036,-2.3041474654378002,-1041.5,-2.2446846342015325
player00-66233b83,IL2CPP,ac74cac748fd6e6ebd6d35c6cdd90d5b116a231b61a1104ebdec526eee938e26,character,measured,2,newRoot,newRoot+,8,-0.09999999999999964,1.2449999999999992,-0.7999999999999998,1.7000000000000002,8,160.5,2763.9999999999986,-1485,3730,-0.2999999999999998,-6.060606060606055,-559.0,-5.224543202953413
player00-66233b83,IL2CPP,ac74cac748fd6e6ebd6d35c6cdd90d5b116a231b61a1104ebdec526eee938e26,character,measured,2,newRoot,newRoot-,8,0.0,0.6000000000000001,-0.7000000000000002,0.6000000000000001,8,-70.5,1095.2,-1438,1119,-0.10000000000000009,-4.761904761904767,-257.5,-5.423336141533275
player00-66233b83,IL2CPP,ac74cac748fd6e6ebd6d35c6cdd90d5b116a231b61a1104ebdec526eee938e26,character,measured,2,newRoot,newRoot_pair,8,0.10000000000000009,0.8949999999999999,-1.1000000000000005,1.0,8,225.5,1913.6499999999994,-1732,2292,8.881784197001252e-16,2.220446049250313e-14,389.5,2.4966348311005637
player00-66233b83,IL2CPP,ac74cac748fd6e6ebd6d35c6cdd90d5b116a231b61a1104ebdec526eee938e26,character,measured,2,newRoot,objects+,8,-0.2499999999999991,4.2349999999999985,-4.5,5.600000000000001,8,-510.0,8945.199999999995,-9641,11867,0.30000000000000426,1.840490797546046,608.0,1.7580892345950394
player00-66233b83,IL2CPP,ac74cac748fd6e6ebd6d35c6cdd90d5b116a231b61a1104ebdec526eee938e26,character,measured,2,newRoot,objects-,8,0.1499999999999999,0.3649999999999999,-1.0,0.39999999999999947,8,287.5,753.85,-2023,771,-0.20000000000000107,-2.7972027972028135,-384.5,-2.5194115912590465
player00-66233b83,IL2CPP,ac74cac748fd6e6ebd6d35c6cdd90d5b116a231b61a1104ebdec526eee938e26,character,measured,2,newRoot,objects_pair,8,-0.09999999999999964,3.654999999999999,-4.199999999999999,4.600000000000001,8,-158.5,7764.999999999996,-8919,9844,0.9000000000000021,3.9215686274509887,1782.5,3.6481784690953756
player00-66233b83,IL2CPP,ac74cac748fd6e6ebd6d35c6cdd90d5b116a231b61a1104ebdec526eee938e26,character,measured,2,newRoot,publishtotal,8,-4.0,0.36000000000000026,-21.800000000000004,0.5,8,-8261.5,678.8499999999997,-46231,920,-3.700000000000003,-5.714285714285716,-7660.0,-5.617174180064898
player00-66233b83,IL2CPP,ac74cac748fd6e6ebd6d35c6cdd90d5b116a231b61a1104ebdec526eee938e26,character,measured,3,newRoot,BuildPublish,8,-0.6999999999999957,7.630000000000003,-58.099999999999994,9.799999999999997,8,-1903.0,16275.999999999993,-91984,20602,-2.0,-1.5071590052750605,-4130.5,-1.4752655067173603
player00-66233b83,IL2CPP,ac74cac748fd6e6ebd6d35c6cdd90d5b116a231b61a1104ebdec526eee938e26,character,measured,3,newRoot,BuildSide+,8,-10.549999999999999,-9.445,-24.700000000000003,-9.2,8,-22235.0,-19949.350000000002,-43352,-19494,-10.75,-34.846029173419765,-22640.5,-34.91129734855786
player00-66233b83,IL2CPP,ac74cac748fd6e6ebd6d35c6cdd90d5b116a231b61a1104ebdec526eee938e26,character,measured,3,newRoot,BuildSide-,8,11.350000000000001,14.225000000000001,-23.6,14.4,8,24027.0,30004.05,-18879,30290,12.550000000000004,80.19169329073486,26580.5,80.91353251853093
player00-66233b83,IL2CPP,ac74cac748fd6e6ebd6d35c6cdd90d5b116a231b61a1104ebdec526eee938e26,character,measured,3,newRoot,BuildSide_pair,8,-0.4499999999999993,3.9649999999999994,-32.800000000000004,4.0,8,-979.0,8465.55,-38373,8678,1.3499999999999943,2.8421052631578902,2971.0,2.9783565406554136
player00-66233b83,IL2CPP,ac74cac748fd6e6ebd6d35c6cdd90d5b116a231b61a1104ebdec526eee938e26,character,measured,3,newRoot,SetActive+,8,5.6,7.03,0.10000000000000142,7.100000000000001,8,11873.0,15015.65,375,15184,6.100000000000001,21.903052064631968,12887.0,21.78458833771437
player00-66233b83,IL2CPP,ac74cac748fd6e6ebd6d35c6cdd90d5b116a231b61a1104ebdec526eee938e26,character,measured,3,newRoot,SetActive-,8,-6.800000000000002,-3.815000000000002,-17.9,-2.8000000000000007,8,-14368.0,-8078.050000000004,-37787,-5858,-7.449999999999999,-39.627659574468076,-15851.0,-39.544949917048164
player00-66233b83,IL2CPP,ac74cac748fd6e6ebd6d35c6cdd90d5b116a231b61a1104ebdec526eee938e26,character,measured,3,newRoot,SetActive_pair,8,-1.0,1.590000000000001,-17.799999999999997,1.8000000000000043,8,-2046.0,3322.9499999999994,-37412,3765,-1.25,-2.685284640171859,-2661.0,-2.6910727378454236
player00-66233b83,IL2CPP,ac74cac748fd6e6ebd6d35c6cdd90d5b116a231b61a1104ebdec526eee938e26,character,measured,3,newRoot,buildtotal,8,-3.650000000000002,5.844999999999997,-34.8,6.299999999999997,8,-8284.0,12359.999999999998,-42791,13151,-0.9000000000000057,-1.3323464100666205,-2163.5,-1.514907502065621
player00-66233b83,IL2CPP,ac74cac748fd6e6ebd6d35c6cdd90d5b116a231b61a1104ebdec526eee938e26,character,measured,3,newRoot,colliders+,8,-2.05,-0.33500000000000063,-10.9,-0.3000000000000007,8,-4434.5,-726.8000000000002,-12997,-605,-1.9499999999999993,-13.928571428571423,-4147.5,-13.88330990158666
player00-66233b83,IL2CPP,ac74cac748fd6e6ebd6d35c6cdd90d5b116a231b61a1104ebdec526eee938e26,character,measured,3,newRoot,colliders-,8,1.4999999999999996,2.329999999999999,-33.3,2.3999999999999995,8,3204.5,5227.65,-40634,5396,1.4999999999999991,19.480519480519476,3160.0,19.030412526347497
player00-66233b83,IL2CPP,ac74cac748fd6e6ebd6d35c6cdd90d5b116a231b61a1104ebdec526eee938e26,character,measured,3,newRoot,colliders_pair,8,-1.25,1.8600000000000003,-35.5,2.0,8,-2677.0,4031.3999999999996,-45348,4443,-0.5,-2.304147465437789,-968.5,-2.087351961809114
player00-66233b83,IL2CPP,ac74cac748fd6e6ebd6d35c6cdd90d5b116a231b61a1104ebdec526eee938e26,character,measured,3,newRoot,newRoot+,8,-2.5999999999999996,-1.8800000000000001,-3.0,-1.5999999999999996,8,-5672.0,-4008.350000000001,-6341,-3441,-2.9000000000000004,-58.58585858585859,-6042.5,-56.47460161689799
player00-66233b83,IL2CPP,ac74cac748fd6e6ebd6d35c6cdd90d5b116a231b61a1104ebdec526eee938e26,character,measured,3,newRoot,newRoot-,8,2.7,3.9499999999999993,2.0,4.3,8,5750.0,8323.649999999998,4270,9108,2.65,126.19047619047619,6149.0,129.50716090985676
player00-66233b83,IL2CPP,ac74cac748fd6e6ebd6d35c6cdd90d5b116a231b61a1104ebdec526eee938e26,character,measured,3,newRoot,newRoot_pair,8,0.20000000000000018,1.2249999999999996,-1.0,1.3999999999999995,8,511.0,2499.6999999999994,-1807,2940,0.2500000000000009,3.546099290780158,375.5,2.406896993782448
player00-66233b83,IL2CPP,ac74cac748fd6e6ebd6d35c6cdd90d5b116a231b61a1104ebdec526eee938e26,character,measured,3,newRoot,objects+,8,-9.399999999999999,-6.6499999999999995,-13.200000000000001,-6.299999999999999,8,-19707.5,-14337.6,-27954,-13639,-8.949999999999998,-54.90797546012269,-18900.0,-54.65112916751005
player00-66233b83,IL2CPP,ac74cac748fd6e6ebd6d35c6cdd90d5b116a231b61a1104ebdec526eee938e26,character,measured,3,newRoot,objects-,8,10.05,12.065,8.4,12.1,8,21308.5,25488.6,17860,25504,10.1,141.25874125874125,21324.5,139.7274186678898
player00-66233b83,IL2CPP,ac74cac748fd6e6ebd6d35c6cdd90d5b116a231b61a1104ebdec526eee938e26,character,measured,3,newRoot,objects_pair,8,0.8499999999999996,3.5649999999999986,-4.599999999999998,3.599999999999998,8,1766.0,7367.6,-9654,7390,1.8000000000000007,7.843137254901955,3781.5,7.739459680720429
player00-66233b83,IL2CPP,ac74cac748fd6e6ebd6d35c6cdd90d5b116a231b61a1104ebdec526eee938e26,character,measured,3,newRoot,publishtotal,8,-1.1499999999999986,4.605,-23.300000000000004,5.200000000000003,8,-2351.0,9863.149999999998,-49193,11162,-2.799999999999997,-4.324324324324325,-5689.0,-4.1718151319046
player00-66233b83,IL2CPP,ac74cac748fd6e6ebd6d35c6cdd90d5b116a231b61a1104ebdec526eee938e26,character,warmup,0,newRoot,BuildPublish,1,0.0,0.0,0.0,0.0,1,0.0,0.0,0,0,0.0,0.0,0.0,0.0
player00-66233b83,IL2CPP,ac74cac748fd6e6ebd6d35c6cdd90d5b116a231b61a1104ebdec526eee938e26,character,warmup,0,newRoot,BuildSide+,1,0.0,0.0,0.0,0.0,1,0.0,0.0,0,0,0.0,0.0,0.0,0.0
player00-66233b83,IL2CPP,ac74cac748fd6e6ebd6d35c6cdd90d5b116a231b61a1104ebdec526eee938e26,character,warmup,0,newRoot,BuildSide-,1,0.0,0.0,0.0,0.0,1,0.0,0.0,0,0,0.0,0.0,0.0,0.0
player00-66233b83,IL2CPP,ac74cac748fd6e6ebd6d35c6cdd90d5b116a231b61a1104ebdec526eee938e26,character,warmup,0,newRoot,BuildSide_pair,1,0.0,0.0,0.0,0.0,1,0.0,0.0,0,0,0.0,0.0,0.0,0.0
player00-66233b83,IL2CPP,ac74cac748fd6e6ebd6d35c6cdd90d5b116a231b61a1104ebdec526eee938e26,character,warmup,0,newRoot,SetActive+,1,0.0,0.0,0.0,0.0,1,0.0,0.0,0,0,0.0,0.0,0.0,0.0
player00-66233b83,IL2CPP,ac74cac748fd6e6ebd6d35c6cdd90d5b116a231b61a1104ebdec526eee938e26,character,warmup,0,newRoot,SetActive-,1,0.0,0.0,0.0,0.0,1,0.0,0.0,0,0,0.0,0.0,0.0,0.0
player00-66233b83,IL2CPP,ac74cac748fd6e6ebd6d35c6cdd90d5b116a231b61a1104ebdec526eee938e26,character,warmup,0,newRoot,SetActive_pair,1,0.0,0.0,0.0,0.0,1,0.0,0.0,0,0,0.0,0.0,0.0,0.0
player00-66233b83,IL2CPP,ac74cac748fd6e6ebd6d35c6cdd90d5b116a231b61a1104ebdec526eee938e26,character,warmup,0,newRoot,buildtotal,1,0.0,0.0,0.0,0.0,1,0.0,0.0,0,0,0.0,0.0,0.0,0.0
player00-66233b83,IL2CPP,ac74cac748fd6e6ebd6d35c6cdd90d5b116a231b61a1104ebdec526eee938e26,character,warmup,0,newRoot,colliders+,1,0.0,0.0,0.0,0.0,1,0.0,0.0,0,0,0.0,0.0,0.0,0.0
player00-66233b83,IL2CPP,ac74cac748fd6e6ebd6d35c6cdd90d5b116a231b61a1104ebdec526eee938e26,character,warmup,0,newRoot,colliders-,1,0.0,0.0,0.0,0.0,1,0.0,0.0,0,0,0.0,0.0,0.0,0.0
player00-66233b83,IL2CPP,ac74cac748fd6e6ebd6d35c6cdd90d5b116a231b61a1104ebdec526eee938e26,character,warmup,0,newRoot,colliders_pair,1,0.0,0.0,0.0,0.0,1,0.0,0.0,0,0,0.0,0.0,0.0,0.0
player00-66233b83,IL2CPP,ac74cac748fd6e6ebd6d35c6cdd90d5b116a231b61a1104ebdec526eee938e26,character,warmup,0,newRoot,newRoot+,1,0.0,0.0,0.0,0.0,1,0.0,0.0,0,0,0.0,0.0,0.0,0.0
player00-66233b83,IL2CPP,ac74cac748fd6e6ebd6d35c6cdd90d5b116a231b61a1104ebdec526eee938e26,character,warmup,0,newRoot,newRoot-,1,0.0,0.0,0.0,0.0,1,0.0,0.0,0,0,0.0,0.0,0.0,0.0
player00-66233b83,IL2CPP,ac74cac748fd6e6ebd6d35c6cdd90d5b116a231b61a1104ebdec526eee938e26,character,warmup,0,newRoot,newRoot_pair,1,0.0,0.0,0.0,0.0,1,0.0,0.0,0,0,0.0,0.0,0.0,0.0
player00-66233b83,IL2CPP,ac74cac748fd6e6ebd6d35c6cdd90d5b116a231b61a1104ebdec526eee938e26,character,warmup,0,newRoot,objects+,1,0.0,0.0,0.0,0.0,1,0.0,0.0,0,0,0.0,0.0,0.0,0.0
player00-66233b83,IL2CPP,ac74cac748fd6e6ebd6d35c6cdd90d5b116a231b61a1104ebdec526eee938e26,character,warmup,0,newRoot,objects-,1,0.0,0.0,0.0,0.0,1,0.0,0.0,0,0,0.0,0.0,0.0,0.0
player00-66233b83,IL2CPP,ac74cac748fd6e6ebd6d35c6cdd90d5b116a231b61a1104ebdec526eee938e26,character,warmup,0,newRoot,objects_pair,1,0.0,0.0,0.0,0.0,1,0.0,0.0,0,0,0.0,0.0,0.0,0.0
player00-66233b83,IL2CPP,ac74cac748fd6e6ebd6d35c6cdd90d5b116a231b61a1104ebdec526eee938e26,character,warmup,0,newRoot,publishtotal,1,0.0,0.0,0.0,0.0,1,0.0,0.0,0,0,0.0,0.0,0.0,0.0
player00-66233b83,IL2CPP,ac74cac748fd6e6ebd6d35c6cdd90d5b116a231b61a1104ebdec526eee938e26,character,warmup,1,newRoot,BuildPublish,1,-73.89999999999999,-73.89999999999999,-73.89999999999999,-73.89999999999999,1,-149825.0,-149825.0,-149825,-149825,-73.89999999999999,-38.56993736951983,-149825.0,-37.69134979434221
player00-66233b83,IL2CPP,ac74cac748fd6e6ebd6d35c6cdd90d5b116a231b61a1104ebdec526eee938e26,character,warmup,1,newRoot,BuildSide+,1,-43.2,-43.2,-43.2,-43.2,1,-84595.0,-84595.0,-84595,-84595,-43.2,-68.68044515103338,-84595.0,-67.16927498947936
player00-66233b83,IL2CPP,ac74cac748fd6e6ebd6d35c6cdd90d5b116a231b61a1104ebdec526eee938e26,character,warmup,1,newRoot,BuildSide-,1,7.199999999999999,7.199999999999999,7.199999999999999,7.199999999999999,1,15098.0,15098.0,15098,15098,7.199999999999999,44.17177914110428,15098.0,44.19142397190108
player00-66233b83,IL2CPP,ac74cac748fd6e6ebd6d35c6cdd90d5b116a231b61a1104ebdec526eee938e26,character,warmup,1,newRoot,BuildSide_pair,1,-36.0,-36.0,-36.0,-36.0,1,-69497.0,-69497.0,-69497,-69497,-36.0,-45.454545454545446,-69497.0,-43.40632573013215
player00-66233b83,IL2CPP,ac74cac748fd6e6ebd6d35c6cdd90d5b116a231b61a1104ebdec526eee938e26,character,warmup,1,newRoot,SetActive+,1,-8.7,-8.7,-8.7,-8.7,1,-18368.0,-18368.0,-18368,-18368,-8.7,-24.233983286908078,-18368.0,-24.1388826830326
player00-66233b83,IL2CPP,ac74cac748fd6e6ebd6d35c6cdd90d5b116a231b61a1104ebdec526eee938e26,character,warmup,1,newRoot,SetActive-,1,-10.2,-10.2,-10.2,-10.2,1,-21484.0,-21484.0,-21484,-21484,-10.2,-37.9182156133829,-21484.0,-37.50109095987013
player00-66233b83,IL2CPP,ac74cac748fd6e6ebd6d35c6cdd90d5b116a231b61a1104ebdec526eee938e26,character,warmup,1,newRoot,SetActive_pair,1,-18.9,-18.9,-18.9,-18.9,1,-39852.0,-39852.0,-39852,-39852,-18.9,-30.095541401273884,-39852.0,-29.878094495509146
player00-66233b83,IL2CPP,ac74cac748fd6e6ebd6d35c6cdd90d5b116a231b61a1104ebdec526eee938e26,character,warmup,1,newRoot,buildtotal,1,-45.00000000000001,-45.00000000000001,-45.00000000000001,-45.00000000000001,1,-88735.0,-88735.0,-88735,-88735,-45.00000000000001,-44.16094210009815,-88735.0,-42.592868148589034
player00-66233b83,IL2CPP,ac74cac748fd6e6ebd6d35c6cdd90d5b116a231b61a1104ebdec526eee938e26,character,warmup,1,newRoot,colliders+,1,-4.799999999999999,-4.799999999999999,-4.799999999999999,-4.799999999999999,1,-9942.0,-9942.0,-9942,-9942,-4.799999999999999,-27.90697674418604,-9942.0,-27.16913070805892
player00-66233b83,IL2CPP,ac74cac748fd6e6ebd6d35c6cdd90d5b116a231b61a1104ebdec526eee938e26,character,warmup,1,newRoot,colliders-,1,0.7000000000000011,0.7000000000000011,0.7000000000000011,0.7000000000000011,1,1712.0,1712.0,1712,1712,0.7000000000000011,9.21052631578949,1712.0,10.574428659666468
player00-66233b83,IL2CPP,ac74cac748fd6e6ebd6d35c6cdd90d5b116a231b61a1104ebdec526eee938e26,character,warmup,1,newRoot,colliders_pair,1,-4.100000000000001,-4.100000000000001,-4.100000000000001,-4.100000000000001,1,-8230.0,-8230.0,-8230,-8230,-4.100000000000001,-16.532258064516135,-8230.0,-15.592141409165826
player00-66233b83,IL2CPP,ac74cac748fd6e6ebd6d35c6cdd90d5b116a231b61a1104ebdec526eee938e26,character,warmup,1,newRoot,newRoot+,1,-5.2,-5.2,-5.2,-5.2,1,-10957.0,-10957.0,-10957,-10957,-5.2,-75.36231884057972,-10957.0,-74.01877997703168
player00-66233b83,IL2CPP,ac74cac748fd6e6ebd6d35c6cdd90d5b116a231b61a1104ebdec526eee938e26,character,warmup,1,newRoot,newRoot-,1,1.2999999999999998,1.2999999999999998,1.2999999999999998,1.2999999999999998,1,3059.0,3059.0,3059,3059,1.2999999999999998,46.428571428571416,3059.0,50.23813434061422
player00-66233b83,IL2CPP,ac74cac748fd6e6ebd6d35c6cdd90d5b116a231b61a1104ebdec526eee938e26,character,warmup,1,newRoot,newRoot_pair,1,-3.8999999999999995,-3.8999999999999995,-3.8999999999999995,-3.8999999999999995,1,-7898.0,-7898.0,-7898,-7898,-3.8999999999999995,-40.20618556701031,-7898.0,-37.8039440934329
player00-66233b83,IL2CPP,ac74cac748fd6e6ebd6d35c6cdd90d5b116a231b61a1104ebdec526eee938e26,character,warmup,1,newRoot,objects+,1,-37.4,-37.4,-37.4,-37.4,1,-72748.0,-72748.0,-72748,-72748,-37.4,-85.19362186788155,-72748.0,-84.02984729826507
player00-66233b83,IL2CPP,ac74cac748fd6e6ebd6d35c6cdd90d5b116a231b61a1104ebdec526eee938e26,character,warmup,1,newRoot,objects-,1,6.1,6.1,6.1,6.1,1,13170.0,13170.0,13170,13170,6.1,76.25,13170.0,78.20665083135393
player00-66233b83,IL2CPP,ac74cac748fd6e6ebd6d35c6cdd90d5b116a231b61a1104ebdec526eee938e26,character,warmup,1,newRoot,objects_pair,1,-31.299999999999997,-31.299999999999997,-31.299999999999997,-31.299999999999997,1,-59578.0,-59578.0,-59578,-59578,-31.299999999999997,-60.30828516377649,-59578.0,-57.61115516274392
player00-66233b83,IL2CPP,ac74cac748fd6e6ebd6d35c6cdd90d5b116a231b61a1104ebdec526eee938e26,character,warmup,1,newRoot,publishtotal,1,-28.900000000000006,-28.900000000000006,-28.900000000000006,-28.900000000000006,1,-61090.0,-61090.0,-61090,-61090,-28.900000000000006,-32.21850613154962,-61090.0,-32.293362654092576
player00-66233b83,IL2CPP,ac74cac748fd6e6ebd6d35c6cdd90d5b116a231b61a1104ebdec526eee938e26,character,warmup,2,newRoot,BuildPublish,1,-68.3,-68.3,-68.3,-68.3,1,-137100.0,-137100.0,-137100,-137100,-68.3,-35.64718162839249,-137100.0,-34.49013219959497
player00-66233b83,IL2CPP,ac74cac748fd6e6ebd6d35c6cdd90d5b116a231b61a1104ebdec526eee938e26,character,warmup,2,newRoot,BuildSide+,1,-31.799999999999997,-31.799999999999997,-31.799999999999997,-31.799999999999997,1,-60301.0,-60301.0,-60301,-60301,-31.799999999999997,-50.5564387917329,-60301.0,-47.87959632532177
player00-66233b83,IL2CPP,ac74cac748fd6e6ebd6d35c6cdd90d5b116a231b61a1104ebdec526eee938e26,character,warmup,2,newRoot,BuildSide-,1,-1.6000000000000014,-1.6000000000000014,-1.6000000000000014,-1.6000000000000014,1,-3264.0,-3264.0,-3264,-3264,-1.6000000000000014,-9.81595092024541,-3264.0,-9.553636762768914
player00-66233b83,IL2CPP,ac74cac748fd6e6ebd6d35c6cdd90d5b116a231b61a1104ebdec526eee938e26,character,warmup,2,newRoot,BuildSide_pair,1,-33.400000000000006,-33.400000000000006,-33.400000000000006,-33.400000000000006,1,-63565.0,-63565.0,-63565,-63565,-33.400000000000006,-42.171717171717184,-63565.0,-39.70132660454193
player00-66233b83,IL2CPP,ac74cac748fd6e6ebd6d35c6cdd90d5b116a231b61a1104ebdec526eee938e26,character,warmup,2,newRoot,SetActive+,1,-3.1000000000000014,-3.1000000000000014,-3.1000000000000014,-3.1000000000000014,1,-6469.0,-6469.0,-6469,-6469,-3.1000000000000014,-8.635097493036215,-6469.0,-8.501439028557156
player00-66233b83,IL2CPP,ac74cac748fd6e6ebd6d35c6cdd90d5b116a231b61a1104ebdec526eee938e26,character,warmup,2,newRoot,SetActive-,1,-15.499999999999998,-15.499999999999998,-15.499999999999998,-15.499999999999998,1,-32955.0,-32955.0,-32955,-32955,-15.499999999999998,-57.62081784386617,-32955.0,-57.52413203232732
player00-66233b83,IL2CPP,ac74cac748fd6e6ebd6d35c6cdd90d5b116a231b61a1104ebdec526eee938e26,character,warmup,2,newRoot,SetActive_pair,1,-18.599999999999994,-18.599999999999994,-18.599999999999994,-18.599999999999994,1,-39424.0,-39424.0,-39424,-39424,-18.599999999999994,-29.617834394904452,-39424.0,-29.557211617759517
player00-66233b83,IL2CPP,ac74cac748fd6e6ebd6d35c6cdd90d5b116a231b61a1104ebdec526eee938e26,character,warmup,2,newRoot,buildtotal,1,-40.7,-40.7,-40.7,-40.7,1,-78960.0,-78960.0,-78960,-78960,-40.7,-39.94111874386653,-78960.0,-37.90086064137702
player00-66233b83,IL2CPP,ac74cac748fd6e6ebd6d35c6cdd90d5b116a231b61a1104ebdec526eee938e26,character,warmup,2,newRoot,colliders+,1,-4.699999999999999,-4.699999999999999,-4.699999999999999,-4.699999999999999,1,-9828.0,-9828.0,-9828,-9828,-4.699999999999999,-27.32558139534883,-9828.0,-26.85759571502746
player00-66233b83,IL2CPP,ac74cac748fd6e6ebd6d35c6cdd90d5b116a231b61a1104ebdec526eee938e26,character,warmup,2,newRoot,colliders-,1,-0.5999999999999996,-0.5999999999999996,-0.5999999999999996,-0.5999999999999996,1,-1135.0,-1135.0,-1135,-1135,-0.5999999999999996,-7.894736842105255,-1135.0,-7.010500308832612
player00-66233b83,IL2CPP,ac74cac748fd6e6ebd6d35c6cdd90d5b116a231b61a1104ebdec526eee938e26,character,warmup,2,newRoot,colliders_pair,1,-5.300000000000001,-5.300000000000001,-5.300000000000001,-5.300000000000001,1,-10963.0,-10963.0,-10963,-10963,-5.300000000000001,-21.370967741935488,-10963.0,-20.769944868613
player00-66233b83,IL2CPP,ac74cac748fd6e6ebd6d35c6cdd90d5b116a231b61a1104ebdec526eee938e26,character,warmup,2,newRoot,newRoot+,1,-2.5,-2.5,-2.5,-2.5,1,-5078.0,-5078.0,-5078,-5078,-2.5,-36.23188405797101,-5078.0,-34.30385732621766
player00-66233b83,IL2CPP,ac74cac748fd6e6ebd6d35c6cdd90d5b116a231b61a1104ebdec526eee938e26,character,warmup,2,newRoot,newRoot-,1,-0.8999999999999999,-0.8999999999999999,-0.8999999999999999,-0.8999999999999999,1,-1764.0,-1764.0,-1764,-1764,-0.8999999999999999,-32.14285714285714,-1764.0,-28.970274265068152
player00-66233b83,IL2CPP,ac74cac748fd6e6ebd6d35c6cdd90d5b116a231b61a1104ebdec526eee938e26,character,warmup,2,newRoot,newRoot_pair,1,-3.3999999999999995,-3.3999999999999995,-3.3999999999999995,-3.3999999999999995,1,-6842.0,-6842.0,-6842,-6842,-3.3999999999999995,-35.051546391752574,-6842.0,-32.749377752249664
player00-66233b83,IL2CPP,ac74cac748fd6e6ebd6d35c6cdd90d5b116a231b61a1104ebdec526eee938e26,character,warmup,2,newRoot,objects+,1,-26.5,-26.5,-26.5,-26.5,1,-49652.0,-49652.0,-49652,-49652,-26.5,-60.36446469248291,-49652.0,-57.35209185205721
player00-66233b83,IL2CPP,ac74cac748fd6e6ebd6d35c6cdd90d5b116a231b61a1104ebdec526eee938e26,character,warmup,2,newRoot,objects-,1,-1.0,-1.0,-1.0,-1.0,1,-1922.0,-1922.0,-1922,-1922,-1.0,-12.5,-1922.0,-11.413301662707841
player00-66233b83,IL2CPP,ac74cac748fd6e6ebd6d35c6cdd90d5b116a231b61a1104ebdec526eee938e26,character,warmup,2,newRoot,objects_pair,1,-27.5,-27.5,-27.5,-27.5,1,-51574.0,-51574.0,-51574,-51574,-27.5,-52.98651252408477,-51574.0,-49.87139072079215
player00-66233b83,IL2CPP,ac74cac748fd6e6ebd6d35c6cdd90d5b116a231b61a1104ebdec526eee938e26,character,warmup,2,newRoot,publishtotal,1,-27.6,-27.6,-27.6,-27.6,1,-58140.0,-58140.0,-58140,-58140,-27.6,-30.76923076923077,-58140.0,-30.73393525468886
player00-66233b83,IL2CPP,ac74cac748fd6e6ebd6d35c6cdd90d5b116a231b61a1104ebdec526eee938e26,character,warmup,3,newRoot,BuildPublish,1,-67.19999999999999,-67.19999999999999,-67.19999999999999,-67.19999999999999,1,-134739.0,-134739.0,-134739,-134739,-67.19999999999999,-35.07306889352818,-134739.0,-33.8961774065735
player00-66233b83,IL2CPP,ac74cac748fd6e6ebd6d35c6cdd90d5b116a231b61a1104ebdec526eee938e26,character,warmup,3,newRoot,BuildSide+,1,-41.9,-41.9,-41.9,-41.9,1,-81903.0,-81903.0,-81903,-81903,-41.9,-66.61367249602543,-81903.0,-65.03180010004526
player00-66233b83,IL2CPP,ac74cac748fd6e6ebd6d35c6cdd90d5b116a231b61a1104ebdec526eee938e26,character,warmup,3,newRoot,BuildSide-,1,8.7,8.7,8.7,8.7,1,18312.0,18312.0,18312,18312,8.7,53.37423312883436,18312.0,53.59871213229914
player00-66233b83,IL2CPP,ac74cac748fd6e6ebd6d35c6cdd90d5b116a231b61a1104ebdec526eee938e26,character,warmup,3,newRoot,BuildSide_pair,1,-33.2,-33.2,-33.2,-33.2,1,-63591.0,-63591.0,-63591,-63591,-33.2,-41.919191919191924,-63591.0,-39.717565643190845
player00-66233b83,IL2CPP,ac74cac748fd6e6ebd6d35c6cdd90d5b116a231b61a1104ebdec526eee938e26,character,warmup,3,newRoot,SetActive+,1,-2.299999999999997,-2.299999999999997,-2.299999999999997,-2.299999999999997,1,-4809.0,-4809.0,-4809,-4809,-2.299999999999997,-6.406685236768794,-4809.0,-6.319898019528736
player00-66233b83,IL2CPP,ac74cac748fd6e6ebd6d35c6cdd90d5b116a231b61a1104ebdec526eee938e26,character,warmup,3,newRoot,SetActive-,1,-16.099999999999998,-16.099999999999998,-16.099999999999998,-16.099999999999998,1,-34122.0,-34122.0,-34122,-34122,-16.099999999999998,-59.851301115241625,-34122.0,-59.56117230183805
player00-66233b83,IL2CPP,ac74cac748fd6e6ebd6d35c6cdd90d5b116a231b61a1104ebdec526eee938e26,character,warmup,3,newRoot,SetActive_pair,1,-18.4,-18.4,-18.4,-18.4,1,-38931.0,-38931.0,-38931,-38931,-18.4,-29.299363057324847,-38931.0,-29.187596527267544
player00-66233b83,IL2CPP,ac74cac748fd6e6ebd6d35c6cdd90d5b116a231b61a1104ebdec526eee938e26,character,warmup,3,newRoot,buildtotal,1,-38.300000000000004,-38.300000000000004,-38.300000000000004,-38.300000000000004,1,-73824.0,-73824.0,-73824,-73824,-38.300000000000004,-37.58586849852797,-73824.0,-35.43557669692271
player00-66233b83,IL2CPP,ac74cac748fd6e6ebd6d35c6cdd90d5b116a231b61a1104ebdec526eee938e26,character,warmup,3,newRoot,colliders+,1,-4.5,-4.5,-4.5,-4.5,1,-9525.0,-9525.0,-9525,-9525,-4.5,-26.16279069767442,-9525.0,-26.02956849670702
player00-66233b83,IL2CPP,ac74cac748fd6e6ebd6d35c6cdd90d5b116a231b61a1104ebdec526eee938e26,character,warmup,3,newRoot,colliders-,1,0.5999999999999996,0.5999999999999996,0.5999999999999996,0.5999999999999996,1,1321.0,1321.0,1321,1321,0.5999999999999996,7.8947368421052655,1321.0,8.15935762816553
player00-66233b83,IL2CPP,ac74cac748fd6e6ebd6d35c6cdd90d5b116a231b61a1104ebdec526eee938e26,character,warmup,3,newRoot,colliders_pair,1,-3.900000000000002,-3.900000000000002,-3.900000000000002,-3.900000000000002,1,-8204.0,-8204.0,-8204,-8204,-3.900000000000002,-15.725806451612911,-8204.0,-15.542883125248663
player00-66233b83,IL2CPP,ac74cac748fd6e6ebd6d35c6cdd90d5b116a231b61a1104ebdec526eee938e26,character,warmup,3,newRoot,newRoot+,1,-4.9,-4.9,-4.9,-4.9,1,-10362.0,-10362.0,-10362,-10362,-4.9,-71.01449275362319,-10362.0,-69.99932446125786
player00-66233b83,IL2CPP,ac74cac748fd6e6ebd6d35c6cdd90d5b116a231b61a1104ebdec526eee938e26,character,warmup,3,newRoot,newRoot-,1,1.7000000000000002,1.7000000000000002,1.7000000000000002,1.7000000000000002,1,3939.0,3939.0,3939,3939,1.7000000000000002,60.71428571428572,3939.0,64.6904253572015
player00-66233b83,IL2CPP,ac74cac748fd6e6ebd6d35c6cdd90d5b116a231b61a1104ebdec526eee938e26,character,warmup,3,newRoot,newRoot_pair,1,-3.1999999999999993,-3.1999999999999993,-3.1999999999999993,-3.1999999999999993,1,-6423.0,-6423.0,-6423,-6423,-3.1999999999999993,-32.98969072164948,-6423.0,-30.743825387708213
player00-66233b83,IL2CPP,ac74cac748fd6e6ebd6d35c6cdd90d5b116a231b61a1104ebdec526eee938e26,character,warmup,3,newRoot,objects+,1,-36.4,-36.4,-36.4,-36.4,1,-70494.0,-70494.0,-70494,-70494,-36.4,-82.91571753986334,-70494.0,-81.42629426848707
player00-66233b83,IL2CPP,ac74cac748fd6e6ebd6d35c6cdd90d5b116a231b61a1104ebdec526eee938e26,character,warmup,3,newRoot,objects-,1,7.6,7.6,7.6,7.6,1,16293.0,16293.0,16293,16293,7.6,95.0,16293.0,96.75178147268409
player00-66233b83,IL2CPP,ac74cac748fd6e6ebd6d35c6cdd90d5b116a231b61a1104ebdec526eee938e26,character,warmup,3,newRoot,objects_pair,1,-28.799999999999997,-28.799999999999997,-28.799999999999997,-28.799999999999997,1,-54201.0,-54201.0,-54201,-54201,-28.799999999999997,-55.49132947976878,-54201.0,-52.41166573191251
player00-66233b83,IL2CPP,ac74cac748fd6e6ebd6d35c6cdd90d5b116a231b61a1104ebdec526eee938e26,character,warmup,3,newRoot,publishtotal,1,-28.900000000000006,-28.900000000000006,-28.900000000000006,-28.900000000000006,1,-60915.0,-60915.0,-60915,-60915,-28.900000000000006,-32.21850613154962,-60915.0,-32.200854249043196
player01-a923265f,IL2CPP,ac74cac748fd6e6ebd6d35c6cdd90d5b116a231b61a1104ebdec526eee938e26,box,measured,0,newRoot,BuildPublish,8,0.0,0.0,0.0,0.0,8,0.0,0.0,0,0,0.0,0.0,0.0,0.0
player01-a923265f,IL2CPP,ac74cac748fd6e6ebd6d35c6cdd90d5b116a231b61a1104ebdec526eee938e26,box,measured,0,newRoot,BuildSide+,8,0.0,0.0,0.0,0.0,8,0.0,0.0,0,0,0.0,0.0,0.0,0.0
player01-a923265f,IL2CPP,ac74cac748fd6e6ebd6d35c6cdd90d5b116a231b61a1104ebdec526eee938e26,box,measured,0,newRoot,BuildSide-,8,0.0,0.0,0.0,0.0,8,0.0,0.0,0,0,0.0,0.0,0.0,0.0
player01-a923265f,IL2CPP,ac74cac748fd6e6ebd6d35c6cdd90d5b116a231b61a1104ebdec526eee938e26,box,measured,0,newRoot,BuildSide_pair,8,0.0,0.0,0.0,0.0,8,0.0,0.0,0,0,0.0,0.0,0.0,0.0
player01-a923265f,IL2CPP,ac74cac748fd6e6ebd6d35c6cdd90d5b116a231b61a1104ebdec526eee938e26,box,measured,0,newRoot,SetActive+,8,0.0,0.0,0.0,0.0,8,0.0,0.0,0,0,0.0,0.0,0.0,0.0
player01-a923265f,IL2CPP,ac74cac748fd6e6ebd6d35c6cdd90d5b116a231b61a1104ebdec526eee938e26,box,measured,0,newRoot,SetActive-,8,0.0,0.0,0.0,0.0,8,0.0,0.0,0,0,0.0,0.0,0.0,0.0
player01-a923265f,IL2CPP,ac74cac748fd6e6ebd6d35c6cdd90d5b116a231b61a1104ebdec526eee938e26,box,measured,0,newRoot,SetActive_pair,8,0.0,0.0,0.0,0.0,8,0.0,0.0,0,0,0.0,0.0,0.0,0.0
player01-a923265f,IL2CPP,ac74cac748fd6e6ebd6d35c6cdd90d5b116a231b61a1104ebdec526eee938e26,box,measured,0,newRoot,buildtotal,8,0.0,0.0,0.0,0.0,8,0.0,0.0,0,0,0.0,0.0,0.0,0.0
player01-a923265f,IL2CPP,ac74cac748fd6e6ebd6d35c6cdd90d5b116a231b61a1104ebdec526eee938e26,box,measured,0,newRoot,colliders+,8,0.0,0.0,0.0,0.0,8,0.0,0.0,0,0,0.0,0.0,0.0,0.0
player01-a923265f,IL2CPP,ac74cac748fd6e6ebd6d35c6cdd90d5b116a231b61a1104ebdec526eee938e26,box,measured,0,newRoot,colliders-,8,0.0,0.0,0.0,0.0,8,0.0,0.0,0,0,0.0,0.0,0.0,0.0
player01-a923265f,IL2CPP,ac74cac748fd6e6ebd6d35c6cdd90d5b116a231b61a1104ebdec526eee938e26,box,measured,0,newRoot,colliders_pair,8,0.0,0.0,0.0,0.0,8,0.0,0.0,0,0,0.0,0.0,0.0,0.0
player01-a923265f,IL2CPP,ac74cac748fd6e6ebd6d35c6cdd90d5b116a231b61a1104ebdec526eee938e26,box,measured,0,newRoot,newRoot+,8,0.0,0.0,0.0,0.0,8,0.0,0.0,0,0,0.0,0.0,0.0,0.0
player01-a923265f,IL2CPP,ac74cac748fd6e6ebd6d35c6cdd90d5b116a231b61a1104ebdec526eee938e26,box,measured,0,newRoot,newRoot-,8,0.0,0.0,0.0,0.0,8,0.0,0.0,0,0,0.0,0.0,0.0,0.0
player01-a923265f,IL2CPP,ac74cac748fd6e6ebd6d35c6cdd90d5b116a231b61a1104ebdec526eee938e26,box,measured,0,newRoot,newRoot_pair,8,0.0,0.0,0.0,0.0,8,0.0,0.0,0,0,0.0,0.0,0.0,0.0
player01-a923265f,IL2CPP,ac74cac748fd6e6ebd6d35c6cdd90d5b116a231b61a1104ebdec526eee938e26,box,measured,0,newRoot,objects+,8,0.0,0.0,0.0,0.0,8,0.0,0.0,0,0,0.0,0.0,0.0,0.0
player01-a923265f,IL2CPP,ac74cac748fd6e6ebd6d35c6cdd90d5b116a231b61a1104ebdec526eee938e26,box,measured,0,newRoot,objects-,8,0.0,0.0,0.0,0.0,8,0.0,0.0,0,0,0.0,0.0,0.0,0.0
player01-a923265f,IL2CPP,ac74cac748fd6e6ebd6d35c6cdd90d5b116a231b61a1104ebdec526eee938e26,box,measured,0,newRoot,objects_pair,8,0.0,0.0,0.0,0.0,8,0.0,0.0,0,0,0.0,0.0,0.0,0.0
player01-a923265f,IL2CPP,ac74cac748fd6e6ebd6d35c6cdd90d5b116a231b61a1104ebdec526eee938e26,box,measured,0,newRoot,publishtotal,8,0.0,0.0,0.0,0.0,8,0.0,0.0,0,0,0.0,0.0,0.0,0.0
player01-a923265f,IL2CPP,ac74cac748fd6e6ebd6d35c6cdd90d5b116a231b61a1104ebdec526eee938e26,box,measured,1,newRoot,BuildPublish,8,2.3999999999999915,7.415000000000001,-7.8999999999999915,8.5,8,5143.5,16417.35,-17117,18335,1.7000000000000028,1.9351166761525374,3455.5,1.860135869857782
player01-a923265f,IL2CPP,ac74cac748fd6e6ebd6d35c6cdd90d5b116a231b61a1104ebdec526eee938e26,box,measured,1,newRoot,BuildSide+,8,-11.399999999999999,-10.08,-13.3,-9.8,8,-24024.0,-21352.95,-28259,-20794,-11.399999999999999,-52.90023201856149,-24076.0,-53.05070180464051
player01-a923265f,IL2CPP,ac74cac748fd6e6ebd6d35c6cdd90d5b116a231b61a1104ebdec526eee938e26,box,measured,1,newRoot,BuildSide-,8,12.649999999999999,13.624999999999998,9.7,13.799999999999999,8,26604.0,28686.399999999998,20548,29105,12.750000000000004,128.14070351758798,26815.0,128.31678430434263
player01-a923265f,IL2CPP,ac74cac748fd6e6ebd6d35c6cdd90d5b116a231b61a1104ebdec526eee938e26,box,measured,1,newRoot,BuildSide_pair,8,0.9499999999999993,2.664999999999998,-2.0,2.6999999999999957,8,1844.5,5498.3,-4235,5555,1.6500000000000021,5.246422893481717,3321.0,5.022344214322971
player01-a923265f,IL2CPP,ac74cac748fd6e6ebd6d35c6cdd90d5b116a231b61a1104ebdec526eee938e26,box,measured,1,newRoot,SetActive+,8,0.20000000000000018,1.2650000000000008,-1.0999999999999996,1.3000000000000007,8,576.0,2662.7,-2079,2739,0.15000000000000213,1.0791366906474975,342.5,1.1556110398812436
player01-a923265f,IL2CPP,ac74cac748fd6e6ebd6d35c6cdd90d5b116a231b61a1104ebdec526eee938e26,box,measured,1,newRoot,SetActive-,8,0.25,1.5849999999999997,-0.7999999999999989,1.9000000000000004,8,612.0,3400.3999999999987,-1589,4183,0.14999999999999858,1.492537313432818,203.0,0.9376659969052348
player01-a923265f,IL2CPP,ac74cac748fd6e6ebd6d35c6cdd90d5b116a231b61a1104ebdec526eee938e26,box,measured,1,newRoot,SetActive_pair,8,0.9499999999999993,1.9500000000000002,-1.9000000000000021,2.3000000000000007,8,2250.0,3934.249999999999,-3668,4468,0.5999999999999979,2.5210084033613356,1177.0,2.305898947945839
player01-a923265f,IL2CPP,ac74cac748fd6e6ebd6d35c6cdd90d5b116a231b61a1104ebdec526eee938e26,box,measured,1,newRoot,buildtotal,8,1.9499999999999993,3.980000000000004,-3.8000000000000043,4.400000000000006,8,3649.0,9181.8,-8494,9676,1.7000000000000028,3.501544799176104,3253.0,3.1552044384308253
player01-a923265f,IL2CPP,ac74cac748fd6e6ebd6d35c6cdd90d5b116a231b61a1104ebdec526eee938e26,box,measured,1,newRoot,colliders+,8,-1.15,-1.0350000000000001,-2.1,-1.0,8,-2573.0,-2071.2000000000003,-4484,-1934,-1.1999999999999997,-52.17391304347825,-2608.5,-49.8518872431916
player01-a923265f,IL2CPP,ac74cac748fd6e6ebd6d35c6cdd90d5b116a231b61a1104ebdec526eee938e26,box,measured,1,newRoot,colliders-,8,1.0,1.13,0.8999999999999999,1.1999999999999997,8,2160.5,2555.3999999999996,1834,2652,1.0,90.90909090909089,2152.5,82.36081882533001
player01-a923265f,IL2CPP,ac74cac748fd6e6ebd6d35c6cdd90d5b116a231b61a1104ebdec526eee938e26,box,measured,1,newRoot,colliders_pair,8,-0.24999999999999978,-0.034999999999999934,-1.0999999999999996,0.0,8,-435.5,112.29999999999987,-2279,190,-0.25,-7.246376811594201,-492.5,-6.234177215189874
player01-a923265f,IL2CPP,ac74cac748fd6e6ebd6d35c6cdd90d5b116a231b61a1104ebdec526eee938e26,box,measured,1,newRoot,newRoot+,8,-2.7,-1.6349999999999998,-2.9999999999999996,-1.5999999999999996,8,-5697.0,-3647.7500000000005,-6537,-3471,-2.5500000000000007,-49.514563106796125,-5567.5,-49.04206121999559
player01-a923265f,IL2CPP,ac74cac748fd6e6ebd6d35c6cdd90d5b116a231b61a1104ebdec526eee938e26,box,measured,1,newRoot,newRoot-,8,2.95,3.7549999999999994,2.2,4.0,8,6334.0,7968.199999999999,4914,8524,2.9000000000000004,126.08695652173915,6208.0,120.68429237947123
player01-a923265f,IL2CPP,ac74cac748fd6e6ebd6d35c6cdd90d5b116a231b61a1104ebdec526eee938e26,box,measured,1,newRoot,newRoot_pair,8,0.6000000000000001,1.1649999999999994,-0.7000000000000002,1.1999999999999993,8,1397.5,2438.7999999999997,-1623,2513,0.5999999999999996,7.8947368421052655,1321.5,7.891672389597204
player01-a923265f,IL2CPP,ac74cac748fd6e6ebd6d35c6cdd90d5b116a231b61a1104ebdec526eee938e26,box,measured,1,newRoot,objects+,8,-9.45,-8.375,-10.1,-8.200000000000001,8,-20088.0,-17746.75,-21431,-17304,-9.299999999999997,-52.691218130311604,-19779.5,-52.6435557921352
player01-a923265f,IL2CPP,ac74cac748fd6e6ebd6d35c6cdd90d5b116a231b61a1104ebdec526eee938e26,box,measured,1,newRoot,objects-,8,10.450000000000001,11.825000000000001,8.299999999999999,12.000000000000002,8,22267.0,24761.6,17424,25071,10.600000000000003,130.86419753086426,22344.0,128.61706720391425
player01-a923265f,IL2CPP,ac74cac748fd6e6ebd6d35c6cdd90d5b116a231b61a1104ebdec526eee938e26,box,measured,1,newRoot,objects_pair,8,1.3999999999999986,2.294999999999998,-1.1000000000000014,2.3999999999999986,8,2852.0,4736.85,-2562,4775,1.7499999999999964,6.782945736434098,3757.5,6.851188359817306
player01-a923265f,IL2CPP,ac74cac748fd6e6ebd6d35c6cdd90d5b116a231b61a1104ebdec526eee938e26,box,measured,1,newRoot,publishtotal,8,0.9500000000000028,3.54,-4.5,4.100000000000001,8,1952.5,7538.299999999998,-9455,8659,-0.05000000000000426,-0.12870012870014325,-98.5,-0.12031416042702636
player01-a923265f,IL2CPP,ac74cac748fd6e6ebd6d35c6cdd90d5b116a231b61a1104ebdec526eee938e26,box,measured,2,newRoot,BuildPublish,8,0.44999999999999574,572.0099999999995,-8.0,875.6,8,699.5,1088897.299999999,-18353,1665754,-1.0,-1.138303927148554,-1876.0,-1.0098726354661247
player01-a923265f,IL2CPP,ac74cac748fd6e6ebd6d35c6cdd90d5b116a231b61a1104ebdec526eee938e26,box,measured,2,newRoot,BuildSide+,8,-0.9999999999999982,15.37999999999999,-2.8000000000000007,22.800000000000004,8,-1994.0,33021.549999999974,-5931,49019,-0.6499999999999986,-3.0162412993039345,-1350.0,-2.9746821497036335
player01-a923265f,IL2CPP,ac74cac748fd6e6ebd6d35c6cdd90d5b116a231b61a1104ebdec526eee938e26,box,measured,2,newRoot,BuildSide-,8,-0.15000000000000036,0.7299999999999991,-0.5999999999999996,0.7999999999999989,8,-204.0,1696.9999999999995,-1265,1921,0.0,0.0,-120.5,-0.57662399808589
player01-a923265f,IL2CPP,ac74cac748fd6e6ebd6d35c6cdd90d5b116a231b61a1104ebdec526eee938e26,box,measured,2,newRoot,BuildSide_pair,8,-1.1500000000000004,15.829999999999986,-2.900000000000002,23.599999999999998,8,-2234.5,34192.49999999997,-6385,50940,-0.6999999999999993,-2.225755166931631,-1513.0,-2.288108038624115
player01-a923265f,IL2CPP,ac74cac748fd6e6ebd6d35c6cdd90d5b116a231b61a1104ebdec526eee938e26,box,measured,2,newRoot,SetActive+,8,7.150000000000001,12.894999999999996,6.100000000000001,15.1,8,15081.5,27378.299999999992,12711,32076,7.700000000000003,55.395683453237446,16291.0,54.96659693636548
player01-a923265f,IL2CPP,ac74cac748fd6e6ebd6d35c6cdd90d5b116a231b61a1104ebdec526eee938e26,box,measured,2,newRoot,SetActive-,8,-6.25,-5.8,-7.6000000000000005,-5.799999999999999,8,-13165.5,-12392.85,-15834,-12389,-6.500000000000001,-64.6766169154229,-13791.0,-63.70124021339984
player01-a923265f,IL2CPP,ac74cac748fd6e6ebd6d35c6cdd90d5b116a231b61a1104ebdec526eee938e26,box,measured,2,newRoot,SetActive_pair,8,1.1999999999999993,6.884999999999996,-1.0999999999999979,9.3,8,2316.0,14705.449999999992,-2296,19687,1.3499999999999979,5.672268907563005,2826.0,5.53650843406539
player01-a923265f,IL2CPP,ac74cac748fd6e6ebd6d35c6cdd90d5b116a231b61a1104ebdec526eee938e26,box,measured,2,newRoot,buildtotal,8,0.05000000000000071,562.4799999999996,-4.5,862.5,8,-237.0,1068707.299999999,-10865,1637955,-0.7000000000000028,-1.4418125643666402,-1483.5,-1.4389012555832026
player01-a923265f,IL2CPP,ac74cac748fd6e6ebd6d35c6cdd90d5b116a231b61a1104ebdec526eee938e26,box,measured,2,newRoot,colliders+,8,-0.10000000000000009,0.9949999999999999,-1.0,1.1,8,-284.0,2020.2999999999997,-2031,2126,-0.09999999999999964,-4.347826086956507,-245.0,-4.682274247491636
player01-a923265f,IL2CPP,ac74cac748fd6e6ebd6d35c6cdd90d5b116a231b61a1104ebdec526eee938e26,box,measured,2,newRoot,colliders-,8,-0.04999999999999993,0.16499999999999987,-0.29999999999999993,0.19999999999999996,8,-72.0,403.2999999999999,-507,467,0.0,0.0,-95.0,-3.634972259422231
player01-a923265f,IL2CPP,ac74cac748fd6e6ebd6d35c6cdd90d5b116a231b61a1104ebdec526eee938e26,box,measured,2,newRoot,colliders_pair,8,-0.1499999999999999,1.1249999999999996,-1.2999999999999998,1.2999999999999998,8,-235.0,2264.6999999999994,-2538,2593,-0.10000000000000053,-2.898550724637694,-228.5,-2.892405063291137
player01-a923265f,IL2CPP,ac74cac748fd6e6ebd6d35c6cdd90d5b116a231b61a1104ebdec526eee938e26,box,measured,2,newRoot,newRoot+,8,-0.09999999999999964,7.774999999999994,-0.5,11.799999999999999,8,-276.0,16524.099999999988,-847,25083,0.049999999999998934,0.9708737864077444,-45.0,-0.39638846069147693
player01-a923265f,IL2CPP,ac74cac748fd6e6ebd6d35c6cdd90d5b116a231b61a1104ebdec526eee938e26,box,measured,2,newRoot,newRoot-,8,-0.04999999999999982,0.5249999999999997,-0.5,0.6999999999999997,8,-72.0,1179.0499999999995,-1089,1493,0.0,0.0,-5.0,-0.09720062208398161
player01-a923265f,IL2CPP,ac74cac748fd6e6ebd6d35c6cdd90d5b116a231b61a1104ebdec526eee938e26,box,measured,2,newRoot,newRoot_pair,8,-0.19999999999999973,8.019999999999996,-0.5999999999999996,11.8,8,-236.0,17079.149999999987,-1427,25133,-0.09999999999999964,-1.3157894736842035,-340.0,-2.030396225851716
player01-a923265f,IL2CPP,ac74cac748fd6e6ebd6d35c6cdd90d5b116a231b61a1104ebdec526eee938e26,box,measured,2,newRoot,objects+,8,-0.6000000000000014,14.499999999999991,-2.3999999999999986,21.500000000000004,8,-1173.5,30638.099999999977,-5000,45441,-0.25,-1.4164305949008527,-534.0,-1.4212522456583887
player01-a923265f,IL2CPP,ac74cac748fd6e6ebd6d35c6cdd90d5b116a231b61a1104ebdec526eee938e26,box,measured,2,newRoot,objects-,8,-0.04999999999999982,0.6999999999999993,-0.6999999999999993,0.6999999999999993,8,-60.0,1428.35,-1464,1491,0.0,0.0,-90.5,-0.5209382644984939
player01-a923265f,IL2CPP,ac74cac748fd6e6ebd6d35c6cdd90d5b116a231b61a1104ebdec526eee938e26,box,measured,2,newRoot,objects_pair,8,-0.6000000000000014,14.849999999999985,-2.400000000000002,22.199999999999996,8,-1321.0,31312.399999999976,-4994,46753,-0.5500000000000007,-2.131782945736438,-1119.0,-2.0403139786122626
player01-a923265f,IL2CPP,ac74cac748fd6e6ebd6d35c6cdd90d5b116a231b61a1104ebdec526eee938e26,box,measured,2,newRoot,publishtotal,8,0.9499999999999993,9.529999999999998,-3.5,13.100000000000001,8,2150.5,20189.99999999999,-7488,27799,0.19999999999999574,0.5148005148005064,599.5,0.7322674028020337
player01-a923265f,IL2CPP,ac74cac748fd6e6ebd6d35c6cdd90d5b116a231b61a1104ebdec526eee938e26,box,measured,3,newRoot,BuildPublish,8,-3.1499999999999986,9.649999999999999,-8.899999999999991,11.400000000000006,8,-6841.0,20646.649999999994,-19205,24266,-0.25,-0.2845759817871385,-613.0,-0.32998503493643083
player01-a923265f,IL2CPP,ac74cac748fd6e6ebd6d35c6cdd90d5b116a231b61a1104ebdec526eee938e26,box,measured,3,newRoot,BuildSide+,8,-12.049999999999999,-10.005,-13.299999999999999,-9.9,8,-25450.5,-21170.75,-28019,-20910,-11.599999999999998,-53.82830626450116,-24347.0,-53.64784170284027
player01-a923265f,IL2CPP,ac74cac748fd6e6ebd6d35c6cdd90d5b116a231b61a1104ebdec526eee938e26,box,measured,3,newRoot,BuildSide-,8,12.399999999999999,13.319999999999999,8.2,13.6,8,26154.5,28146.25,17089,28806,12.150000000000002,122.11055276381914,25567.5,122.34717071420027
player01-a923265f,IL2CPP,ac74cac748fd6e6ebd6d35c6cdd90d5b116a231b61a1104ebdec526eee938e26,box,measured,3,newRoot,BuildSide_pair,8,0.15000000000000036,3.154999999999997,-4.5,3.3999999999999986,8,250.5,6684.799999999999,-9849,7151,0.5999999999999979,1.9077901430842648,1223.5,1.8502975447829417
player01-a923265f,IL2CPP,ac74cac748fd6e6ebd6d35c6cdd90d5b116a231b61a1104ebdec526eee938e26,box,measured,3,newRoot,SetActive+,8,6.5,8.985,4.700000000000001,9.299999999999999,8,13480.0,18866.85,10181,19472,6.850000000000001,49.280575539568346,14456.5,48.77690802348336
player01-a923265f,IL2CPP,ac74cac748fd6e6ebd6d35c6cdd90d5b116a231b61a1104ebdec526eee938e26,box,measured,3,newRoot,SetActive-,8,-6.65,-6.0,-7.6000000000000005,-6.0,8,-14054.0,-12776.35,-15954,-12762,-6.550000000000001,-65.17412935323384,-13947.0,-64.42181112727776
player01-a923265f,IL2CPP,ac74cac748fd6e6ebd6d35c6cdd90d5b116a231b61a1104ebdec526eee938e26,box,measured,3,newRoot,SetActive_pair,8,-0.40000000000000036,2.7900000000000005,-2.1999999999999993,3.0,8,-931.5,5913.099999999999,-4422,6415,0.5500000000000007,2.310924369747913,891.0,1.7455870540524554
player01-a923265f,IL2CPP,ac74cac748fd6e6ebd6d35c6cdd90d5b116a231b61a1104ebdec526eee938e26,box,measured,3,newRoot,buildtotal,8,-0.9000000000000021,4.949999999999998,-6.199999999999996,6.0,8,-2710.5,10881.649999999998,-13555,13059,0.10000000000000853,0.2059732234809708,87.0,0.08438450234966588
player01-a923265f,IL2CPP,ac74cac748fd6e6ebd6d35c6cdd90d5b116a231b61a1104ebdec526eee938e26,box,measured,3,newRoot,colliders+,8,-1.3,-0.7400000000000003,-2.0,-0.6000000000000001,8,-2719.0,-1543.4000000000005,-4398,-1164,-1.1999999999999997,-52.17391304347825,-2719.0,-51.96368848542762
player01-a923265f,IL2CPP,ac74cac748fd6e6ebd6d35c6cdd90d5b116a231b61a1104ebdec526eee938e26,box,measured,3,newRoot,colliders-,8,1.0499999999999998,1.6,0.7,1.6,8,2248.0,3487.75,1489,3514,1.0500000000000003,95.45454545454548,2267.0,86.74191696958103
player01-a923265f,IL2CPP,ac74cac748fd6e6ebd6d35c6cdd90d5b116a231b61a1104ebdec526eee938e26,box,measured,3,newRoot,colliders_pair,8,-0.44999999999999973,0.565,-0.8999999999999999,0.6000000000000001,8,-889.5,1192.5,-2122,1266,-0.20000000000000018,-5.797101449275366,-462.0,-5.8481012658227804
player01-a923265f,IL2CPP,ac74cac748fd6e6ebd6d35c6cdd90d5b116a231b61a1104ebdec526eee938e26,box,measured,3,newRoot,newRoot+,8,-3.0999999999999996,-2.1399999999999997,-3.2,-1.9999999999999996,8,-6500.0,-4486.450000000001,-7130,-4274,-2.8500000000000005,-55.33980582524273,-6193.5,-54.556265139837045
player01-a923265f,IL2CPP,ac74cac748fd6e6ebd6d35c6cdd90d5b116a231b61a1104ebdec526eee938e26,box,measured,3,newRoot,newRoot-,8,2.7500000000000004,3.7599999999999993,1.3999999999999995,3.8999999999999995,8,6223.5,7987.4,3246,8203,2.9000000000000004,126.08695652173915,6299.0,122.4533437013997
player01-a923265f,IL2CPP,ac74cac748fd6e6ebd6d35c6cdd90d5b116a231b61a1104ebdec526eee938e26,box,measured,3,newRoot,newRoot_pair,8,0.20000000000000018,0.8650000000000001,-1.7999999999999998,0.9000000000000004,8,565.0,1878.6,-3884,1957,0.05000000000000071,0.657894736842124,441.5,2.6365292168045062
player01-a923265f,IL2CPP,ac74cac748fd6e6ebd6d35c6cdd90d5b116a231b61a1104ebdec526eee938e26,box,measured,3,newRoot,objects+,8,-9.649999999999999,-8.440000000000001,-11.5,-8.3,8,-20505.5,-17906.9,-24270,-17587,-9.399999999999999,-53.25779036827195,-20053.5,-53.3728125623794
player01-a923265f,IL2CPP,ac74cac748fd6e6ebd6d35c6cdd90d5b116a231b61a1104ebdec526eee938e26,box,measured,3,newRoot,objects-,8,10.3,11.68,6.600000000000001,12.100000000000001,8,21719.0,24613.149999999998,14000,25429,10.549999999999999,130.2469135802469,22163.5,127.5780687868758
player01-a923265f,IL2CPP,ac74cac748fd6e6ebd6d35c6cdd90d5b116a231b61a1104ebdec526eee938e26,box,measured,3,newRoot,objects_pair,8,0.8499999999999979,2.9449999999999976,-4.300000000000001,3.3999999999999986,8,1537.0,6048.0999999999985,-9035,6928,1.0,3.875968992248069,2052.5,3.742398964344651
player01-a923265f,IL2CPP,ac74cac748fd6e6ebd6d35c6cdd90d5b116a231b61a1104ebdec526eee938e26,box,measured,3,newRoot,publishtotal,8,-0.3000000000000007,4.7,-4.399999999999999,5.399999999999999,8,-755.5,9764.999999999998,-9264,11207,0.6499999999999986,1.6731016731016624,1323.0,1.615996286750776
player01-a923265f,IL2CPP,ac74cac748fd6e6ebd6d35c6cdd90d5b116a231b61a1104ebdec526eee938e26,box,warmup,0,newRoot,BuildPublish,1,0.0,0.0,0.0,0.0,1,0.0,0.0,0,0,0.0,0.0,0.0,0.0
player01-a923265f,IL2CPP,ac74cac748fd6e6ebd6d35c6cdd90d5b116a231b61a1104ebdec526eee938e26,box,warmup,0,newRoot,BuildSide+,1,0.0,0.0,0.0,0.0,1,0.0,0.0,0,0,0.0,0.0,0.0,0.0
player01-a923265f,IL2CPP,ac74cac748fd6e6ebd6d35c6cdd90d5b116a231b61a1104ebdec526eee938e26,box,warmup,0,newRoot,BuildSide-,1,0.0,0.0,0.0,0.0,1,0.0,0.0,0,0,0.0,0.0,0.0,0.0
player01-a923265f,IL2CPP,ac74cac748fd6e6ebd6d35c6cdd90d5b116a231b61a1104ebdec526eee938e26,box,warmup,0,newRoot,BuildSide_pair,1,0.0,0.0,0.0,0.0,1,0.0,0.0,0,0,0.0,0.0,0.0,0.0
player01-a923265f,IL2CPP,ac74cac748fd6e6ebd6d35c6cdd90d5b116a231b61a1104ebdec526eee938e26,box,warmup,0,newRoot,SetActive+,1,0.0,0.0,0.0,0.0,1,0.0,0.0,0,0,0.0,0.0,0.0,0.0
player01-a923265f,IL2CPP,ac74cac748fd6e6ebd6d35c6cdd90d5b116a231b61a1104ebdec526eee938e26,box,warmup,0,newRoot,SetActive-,1,0.0,0.0,0.0,0.0,1,0.0,0.0,0,0,0.0,0.0,0.0,0.0
player01-a923265f,IL2CPP,ac74cac748fd6e6ebd6d35c6cdd90d5b116a231b61a1104ebdec526eee938e26,box,warmup,0,newRoot,SetActive_pair,1,0.0,0.0,0.0,0.0,1,0.0,0.0,0,0,0.0,0.0,0.0,0.0
player01-a923265f,IL2CPP,ac74cac748fd6e6ebd6d35c6cdd90d5b116a231b61a1104ebdec526eee938e26,box,warmup,0,newRoot,buildtotal,1,0.0,0.0,0.0,0.0,1,0.0,0.0,0,0,0.0,0.0,0.0,0.0
player01-a923265f,IL2CPP,ac74cac748fd6e6ebd6d35c6cdd90d5b116a231b61a1104ebdec526eee938e26,box,warmup,0,newRoot,colliders+,1,0.0,0.0,0.0,0.0,1,0.0,0.0,0,0,0.0,0.0,0.0,0.0
player01-a923265f,IL2CPP,ac74cac748fd6e6ebd6d35c6cdd90d5b116a231b61a1104ebdec526eee938e26,box,warmup,0,newRoot,colliders-,1,0.0,0.0,0.0,0.0,1,0.0,0.0,0,0,0.0,0.0,0.0,0.0
player01-a923265f,IL2CPP,ac74cac748fd6e6ebd6d35c6cdd90d5b116a231b61a1104ebdec526eee938e26,box,warmup,0,newRoot,colliders_pair,1,0.0,0.0,0.0,0.0,1,0.0,0.0,0,0,0.0,0.0,0.0,0.0
player01-a923265f,IL2CPP,ac74cac748fd6e6ebd6d35c6cdd90d5b116a231b61a1104ebdec526eee938e26,box,warmup,0,newRoot,newRoot+,1,0.0,0.0,0.0,0.0,1,0.0,0.0,0,0,0.0,0.0,0.0,0.0
player01-a923265f,IL2CPP,ac74cac748fd6e6ebd6d35c6cdd90d5b116a231b61a1104ebdec526eee938e26,box,warmup,0,newRoot,newRoot-,1,0.0,0.0,0.0,0.0,1,0.0,0.0,0,0,0.0,0.0,0.0,0.0
player01-a923265f,IL2CPP,ac74cac748fd6e6ebd6d35c6cdd90d5b116a231b61a1104ebdec526eee938e26,box,warmup,0,newRoot,newRoot_pair,1,0.0,0.0,0.0,0.0,1,0.0,0.0,0,0,0.0,0.0,0.0,0.0
player01-a923265f,IL2CPP,ac74cac748fd6e6ebd6d35c6cdd90d5b116a231b61a1104ebdec526eee938e26,box,warmup,0,newRoot,objects+,1,0.0,0.0,0.0,0.0,1,0.0,0.0,0,0,0.0,0.0,0.0,0.0
player01-a923265f,IL2CPP,ac74cac748fd6e6ebd6d35c6cdd90d5b116a231b61a1104ebdec526eee938e26,box,warmup,0,newRoot,objects-,1,0.0,0.0,0.0,0.0,1,0.0,0.0,0,0,0.0,0.0,0.0,0.0
player01-a923265f,IL2CPP,ac74cac748fd6e6ebd6d35c6cdd90d5b116a231b61a1104ebdec526eee938e26,box,warmup,0,newRoot,objects_pair,1,0.0,0.0,0.0,0.0,1,0.0,0.0,0,0,0.0,0.0,0.0,0.0
player01-a923265f,IL2CPP,ac74cac748fd6e6ebd6d35c6cdd90d5b116a231b61a1104ebdec526eee938e26,box,warmup,0,newRoot,publishtotal,1,0.0,0.0,0.0,0.0,1,0.0,0.0,0,0,0.0,0.0,0.0,0.0
player01-a923265f,IL2CPP,ac74cac748fd6e6ebd6d35c6cdd90d5b116a231b61a1104ebdec526eee938e26,box,warmup,1,newRoot,BuildPublish,1,-5.900000000000006,-5.900000000000006,-5.900000000000006,-5.900000000000006,1,-13354.0,-13354.0,-13354,-13354,-5.900000000000006,-7.24815724815725,-13354.0,-7.724924653928699
player01-a923265f,IL2CPP,ac74cac748fd6e6ebd6d35c6cdd90d5b116a231b61a1104ebdec526eee938e26,box,warmup,1,newRoot,BuildSide+,1,-10.3,-10.3,-10.3,-10.3,1,-21774.0,-21774.0,-21774,-21774,-10.3,-52.55102040816326,-21774.0,-52.91887425266126
player01-a923265f,IL2CPP,ac74cac748fd6e6ebd6d35c6cdd90d5b116a231b61a1104ebdec526eee938e26,box,warmup,1,newRoot,BuildSide-,1,10.099999999999998,10.099999999999998,10.099999999999998,10.099999999999998,1,21098.0,21098.0,21098,21098,10.099999999999998,114.77272727272725,21098.0,113.99394856278366
player01-a923265f,IL2CPP,ac74cac748fd6e6ebd6d35c6cdd90d5b116a231b61a1104ebdec526eee938e26,box,warmup,1,newRoot,BuildSide_pair,1,-0.1999999999999993,-0.1999999999999993,-0.1999999999999993,-0.1999999999999993,1,-676.0,-676.0,-676,-676,-0.1999999999999993,-0.7042253521126751,-676.0,-1.1332014617628339
player01-a923265f,IL2CPP,ac74cac748fd6e6ebd6d35c6cdd90d5b116a231b61a1104ebdec526eee938e26,box,warmup,1,newRoot,SetActive+,1,-0.5999999999999996,-0.5999999999999996,-0.5999999999999996,-0.5999999999999996,1,-1395.0,-1395.0,-1395,-1395,-0.5999999999999996,-4.761904761904756,-1395.0,-5.15806988352745
player01-a923265f,IL2CPP,ac74cac748fd6e6ebd6d35c6cdd90d5b116a231b61a1104ebdec526eee938e26,box,warmup,1,newRoot,SetActive-,1,-1.0999999999999996,-1.0999999999999996,-1.0999999999999996,-1.0999999999999996,1,-2129.0,-2129.0,-2129,-2129,-1.0999999999999996,-11.458333333333325,-2129.0,-10.364132022198424
player01-a923265f,IL2CPP,ac74cac748fd6e6ebd6d35c6cdd90d5b116a231b61a1104ebdec526eee938e26,box,warmup,1,newRoot,SetActive_pair,1,-1.6999999999999993,-1.6999999999999993,-1.6999999999999993,-1.6999999999999993,1,-3524.0,-3524.0,-3524,-3524,-1.6999999999999993,-7.657657657657657,-3524.0,-7.405383823313095
player01-a923265f,IL2CPP,ac74cac748fd6e6ebd6d35c6cdd90d5b116a231b61a1104ebdec526eee938e26,box,warmup,1,newRoot,buildtotal,1,-0.5,-0.5,-0.5,-0.5,1,-2128.0,-2128.0,-2128,-2128,-0.5,-1.1494252873563204,-2128.0,-2.284634544361419
player01-a923265f,IL2CPP,ac74cac748fd6e6ebd6d35c6cdd90d5b116a231b61a1104ebdec526eee938e26,box,warmup,1,newRoot,colliders+,1,-0.7999999999999998,-0.7999999999999998,-0.7999999999999998,-0.7999999999999998,1,-1795.0,-1795.0,-1795,-1795,-0.7999999999999998,-42.10526315789473,-1795.0,-42.50532796590102
player01-a923265f,IL2CPP,ac74cac748fd6e6ebd6d35c6cdd90d5b116a231b61a1104ebdec526eee938e26,box,warmup,1,newRoot,colliders-,1,0.8999999999999999,0.8999999999999999,0.8999999999999999,0.8999999999999999,1,1984.0,1984.0,1984,1984,0.8999999999999999,89.99999999999999,1984.0,81.9157720891825
player01-a923265f,IL2CPP,ac74cac748fd6e6ebd6d35c6cdd90d5b116a231b61a1104ebdec526eee938e26,box,warmup,1,newRoot,colliders_pair,1,0.10000000000000009,0.10000000000000009,0.10000000000000009,0.10000000000000009,1,189.0,189.0,189,189,0.10000000000000009,3.4482758620689724,189.0,2.844243792325063
player01-a923265f,IL2CPP,ac74cac748fd6e6ebd6d35c6cdd90d5b116a231b61a1104ebdec526eee938e26,box,warmup,1,newRoot,newRoot+,1,-1.8000000000000003,-1.8000000000000003,-1.8000000000000003,-1.8000000000000003,1,-3930.0,-3930.0,-3930,-3930,-1.8000000000000003,-40.90909090909092,-3930.0,-40.61595700702769
player01-a923265f,IL2CPP,ac74cac748fd6e6ebd6d35c6cdd90d5b116a231b61a1104ebdec526eee938e26,box,warmup,1,newRoot,newRoot-,1,2.8,2.8,2.8,2.8,1,6059.0,6059.0,6059,6059,2.8,140.0,6059.0,133.8709677419355
player01-a923265f,IL2CPP,ac74cac748fd6e6ebd6d35c6cdd90d5b116a231b61a1104ebdec526eee938e26,box,warmup,1,newRoot,newRoot_pair,1,1.0,1.0,1.0,1.0,1,2129.0,2129.0,2129,2129,1.0,15.625,2129.0,14.990846359667653
player01-a923265f,IL2CPP,ac74cac748fd6e6ebd6d35c6cdd90d5b116a231b61a1104ebdec526eee938e26,box,warmup,1,newRoot,objects+,1,-8.8,-8.8,-8.8,-8.8,1,-18622.0,-18622.0,-18622,-18622,-8.8,-53.987730061349694,-18622.0,-53.68117613144998
player01-a923265f,IL2CPP,ac74cac748fd6e6ebd6d35c6cdd90d5b116a231b61a1104ebdec526eee938e26,box,warmup,1,newRoot,objects-,1,8.6,8.6,8.6,8.6,1,18191.0,18191.0,18191,18191,8.6,121.1267605633803,18191.0,119.74065297525014
player01-a923265f,IL2CPP,ac74cac748fd6e6ebd6d35c6cdd90d5b116a231b61a1104ebdec526eee938e26,box,warmup,1,newRoot,objects_pair,1,-0.1999999999999993,-0.1999999999999993,-0.1999999999999993,-0.1999999999999993,1,-431.0,-431.0,-431,-431,-0.1999999999999993,-0.8547008547008517,-431.0,-0.8640391323523566
player01-a923265f,IL2CPP,ac74cac748fd6e6ebd6d35c6cdd90d5b116a231b61a1104ebdec526eee938e26,box,warmup,1,newRoot,publishtotal,1,-5.399999999999999,-5.399999999999999,-5.399999999999999,-5.399999999999999,1,-11226.0,-11226.0,-11226,-11226,-5.399999999999999,-14.24802110817942,-11226.0,-14.080903104421449
player01-a923265f,IL2CPP,ac74cac748fd6e6ebd6d35c6cdd90d5b116a231b61a1104ebdec526eee938e26,box,warmup,2,newRoot,BuildPublish,1,-1.2000000000000028,-1.2000000000000028,-1.2000000000000028,-1.2000000000000028,1,-3343.0,-3343.0,-3343,-3343,-1.2000000000000028,-1.4742014742014753,-3343.0,-1.9338342907056827
player01-a923265f,IL2CPP,ac74cac748fd6e6ebd6d35c6cdd90d5b116a231b61a1104ebdec526eee938e26,box,warmup,2,newRoot,BuildSide+,1,0.3999999999999986,0.3999999999999986,0.3999999999999986,0.3999999999999986,1,975.0,975.0,975,975,0.3999999999999986,2.0408163265306145,975.0,2.3696106547416607
player01-a923265f,IL2CPP,ac74cac748fd6e6ebd6d35c6cdd90d5b116a231b61a1104ebdec526eee938e26,box,warmup,2,newRoot,BuildSide-,1,0.3999999999999986,0.3999999999999986,0.3999999999999986,0.3999999999999986,1,753.0,753.0,753,753,0.3999999999999986,4.545454545454519,753.0,4.068510914199264
player01-a923265f,IL2CPP,ac74cac748fd6e6ebd6d35c6cdd90d5b116a231b61a1104ebdec526eee938e26,box,warmup,2,newRoot,BuildSide_pair,1,0.8000000000000007,0.8000000000000007,0.8000000000000007,0.8000000000000007,1,1728.0,1728.0,1728,1728,0.8000000000000007,2.8169014084507005,1728.0,2.896704328293165
player01-a923265f,IL2CPP,ac74cac748fd6e6ebd6d35c6cdd90d5b116a231b61a1104ebdec526eee938e26,box,warmup,2,newRoot,SetActive+,1,5.6,5.6,5.6,5.6,1,11757.0,11757.0,11757,11757,5.6,44.44444444444444,11757.0,43.471991125901276
player01-a923265f,IL2CPP,ac74cac748fd6e6ebd6d35c6cdd90d5b116a231b61a1104ebdec526eee938e26,box,warmup,2,newRoot,SetActive-,1,-6.3999999999999995,-6.3999999999999995,-6.3999999999999995,-6.3999999999999995,1,-13490.0,-13490.0,-13490,-13490,-6.3999999999999995,-66.66666666666666,-13490.0,-65.67033394995619
player01-a923265f,IL2CPP,ac74cac748fd6e6ebd6d35c6cdd90d5b116a231b61a1104ebdec526eee938e26,box,warmup,2,newRoot,SetActive_pair,1,-0.8000000000000007,-0.8000000000000007,-0.8000000000000007,-0.8000000000000007,1,-1733.0,-1733.0,-1733,-1733,-0.8000000000000007,-3.603603603603611,-1733.0,-3.64175089835459
player01-a923265f,IL2CPP,ac74cac748fd6e6ebd6d35c6cdd90d5b116a231b61a1104ebdec526eee938e26,box,warmup,2,newRoot,buildtotal,1,3.200000000000003,3.200000000000003,3.200000000000003,3.200000000000003,1,5677.0,5677.0,5677,5677,3.200000000000003,7.35632183908046,5677.0,6.094863866701017
player01-a923265f,IL2CPP,ac74cac748fd6e6ebd6d35c6cdd90d5b116a231b61a1104ebdec526eee938e26,box,warmup,2,newRoot,colliders+,1,0.5,0.5,0.5,0.5,1,1277.0,1277.0,1277,1277,0.5,26.315789473684205,1277.0,30.2391664693346
player01-a923265f,IL2CPP,ac74cac748fd6e6ebd6d35c6cdd90d5b116a231b61a1104ebdec526eee938e26,box,warmup,2,newRoot,colliders-,1,0.0,0.0,0.0,0.0,1,8.0,8.0,8,8,0.0,0.0,8.0,0.3303055326176807
player01-a923265f,IL2CPP,ac74cac748fd6e6ebd6d35c6cdd90d5b116a231b61a1104ebdec526eee938e26,box,warmup,2,newRoot,colliders_pair,1,0.5,0.5,0.5,0.5,1,1285.0,1285.0,1285,1285,0.5,17.24137931034482,1285.0,19.337848006019563
player01-a923265f,IL2CPP,ac74cac748fd6e6ebd6d35c6cdd90d5b116a231b61a1104ebdec526eee938e26,box,warmup,2,newRoot,newRoot+,1,0.39999999999999947,0.39999999999999947,0.39999999999999947,0.39999999999999947,1,823.0,823.0,823,823,0.39999999999999947,9.090909090909083,823.0,8.505580818520041
player01-a923265f,IL2CPP,ac74cac748fd6e6ebd6d35c6cdd90d5b116a231b61a1104ebdec526eee938e26,box,warmup,2,newRoot,newRoot-,1,0.20000000000000018,0.20000000000000018,0.20000000000000018,0.20000000000000018,1,294.0,294.0,294,294,0.20000000000000018,10.000000000000009,294.0,6.495802032699949
player01-a923265f,IL2CPP,ac74cac748fd6e6ebd6d35c6cdd90d5b116a231b61a1104ebdec526eee938e26,box,warmup,2,newRoot,newRoot_pair,1,0.5999999999999996,0.5999999999999996,0.5999999999999996,0.5999999999999996,1,1117.0,1117.0,1117,1117,0.5999999999999996,9.375,1117.0,7.865089424024796
player01-a923265f,IL2CPP,ac74cac748fd6e6ebd6d35c6cdd90d5b116a231b61a1104ebdec526eee938e26,box,warmup,2,newRoot,objects+,1,0.0,0.0,0.0,0.0,1,-58.0,-58.0,-58,-58,0.0,0.0,-58.0,-0.1671951571057928
player01-a923265f,IL2CPP,ac74cac748fd6e6ebd6d35c6cdd90d5b116a231b61a1104ebdec526eee938e26,box,warmup,2,newRoot,objects-,1,0.40000000000000036,0.40000000000000036,0.40000000000000036,0.40000000000000036,1,721.0,721.0,721,721,0.40000000000000036,5.633802816901423,721.0,4.7459189046866745
player01-a923265f,IL2CPP,ac74cac748fd6e6ebd6d35c6cdd90d5b116a231b61a1104ebdec526eee938e26,box,warmup,2,newRoot,objects_pair,1,0.40000000000000213,0.40000000000000213,0.40000000000000213,0.40000000000000213,1,663.0,663.0,663,663,0.40000000000000213,1.7094017094017255,663.0,1.3291367627601192
player01-a923265f,IL2CPP,ac74cac748fd6e6ebd6d35c6cdd90d5b116a231b61a1104ebdec526eee938e26,box,warmup,2,newRoot,publishtotal,1,-4.399999999999999,-4.399999999999999,-4.399999999999999,-4.399999999999999,1,-9020.0,-9020.0,-9020,-9020,-4.399999999999999,-11.609498680738783,-9020.0,-11.313891502038253
player01-a923265f,IL2CPP,ac74cac748fd6e6ebd6d35c6cdd90d5b116a231b61a1104ebdec526eee938e26,box,warmup,3,newRoot,BuildPublish,1,0.5999999999999943,0.5999999999999943,0.5999999999999943,0.5999999999999943,1,327.0,327.0,327,327,0.5999999999999943,0.7371007371007376,327.0,0.18916057824132082
player01-a923265f,IL2CPP,ac74cac748fd6e6ebd6d35c6cdd90d5b116a231b61a1104ebdec526eee938e26,box,warmup,3,newRoot,BuildSide+,1,-11.000000000000002,-11.000000000000002,-11.000000000000002,-11.000000000000002,1,-23073.0,-23073.0,-23073,-23073,-11.000000000000002,-56.122448979591844,-23073.0,-56.07592475574783
player01-a923265f,IL2CPP,ac74cac748fd6e6ebd6d35c6cdd90d5b116a231b61a1104ebdec526eee938e26,box,warmup,3,newRoot,BuildSide-,1,11.399999999999999,11.399999999999999,11.399999999999999,11.399999999999999,1,23963.0,23963.0,23963,23963,11.399999999999999,129.5454545454545,23963.0,129.47374108493625
player01-a923265f,IL2CPP,ac74cac748fd6e6ebd6d35c6cdd90d5b116a231b61a1104ebdec526eee938e26,box,warmup,3,newRoot,BuildSide_pair,1,0.40000000000000213,0.40000000000000213,0.40000000000000213,0.40000000000000213,1,890.0,890.0,890,890,0.40000000000000213,1.4084507042253502,890.0,1.4919368357528384
player01-a923265f,IL2CPP,ac74cac748fd6e6ebd6d35c6cdd90d5b116a231b61a1104ebdec526eee938e26,box,warmup,3,newRoot,SetActive+,1,7.9,7.9,7.9,7.9,1,16411.0,16411.0,16411,16411,7.9,62.698412698412696,16411.0,60.68034756886671
player01-a923265f,IL2CPP,ac74cac748fd6e6ebd6d35c6cdd90d5b116a231b61a1104ebdec526eee938e26,box,warmup,3,newRoot,SetActive-,1,-6.3,-6.3,-6.3,-6.3,1,-13390.0,-13390.0,-13390,-13390,-6.3,-65.625,-13390.0,-65.18352643364813
player01-a923265f,IL2CPP,ac74cac748fd6e6ebd6d35c6cdd90d5b116a231b61a1104ebdec526eee938e26,box,warmup,3,newRoot,SetActive_pair,1,1.6000000000000014,1.6000000000000014,1.6000000000000014,1.6000000000000014,1,3021.0,3021.0,3021,3021,1.6000000000000014,7.207207207207222,3021.0,6.348372454661977
player01-a923265f,IL2CPP,ac74cac748fd6e6ebd6d35c6cdd90d5b116a231b61a1104ebdec526eee938e26,box,warmup,3,newRoot,buildtotal,1,0.8999999999999986,0.8999999999999986,0.8999999999999986,0.8999999999999986,1,855.0,855.0,855,855,0.8999999999999986,2.0689655172413834,855.0,0.9179335222880614
player01-a923265f,IL2CPP,ac74cac748fd6e6ebd6d35c6cdd90d5b116a231b61a1104ebdec526eee938e26,box,warmup,3,newRoot,colliders+,1,-0.8999999999999999,-0.8999999999999999,-0.8999999999999999,-0.8999999999999999,1,-1846.0,-1846.0,-1846,-1846,-0.8999999999999999,-47.36842105263158,-1846.0,-43.713000236798486
player01-a923265f,IL2CPP,ac74cac748fd6e6ebd6d35c6cdd90d5b116a231b61a1104ebdec526eee938e26,box,warmup,3,newRoot,colliders-,1,1.0,1.0,1.0,1.0,1,2002.0,2002.0,2002,2002,1.0,100.0,2002.0,82.65895953757226
player01-a923265f,IL2CPP,ac74cac748fd6e6ebd6d35c6cdd90d5b116a231b61a1104ebdec526eee938e26,box,warmup,3,newRoot,colliders_pair,1,0.10000000000000009,0.10000000000000009,0.10000000000000009,0.10000000000000009,1,156.0,156.0,156,156,0.10000000000000009,3.4482758620689724,156.0,2.347629796839734
player01-a923265f,IL2CPP,ac74cac748fd6e6ebd6d35c6cdd90d5b116a231b61a1104ebdec526eee938e26,box,warmup,3,newRoot,newRoot+,1,-2.2,-2.2,-2.2,-2.2,1,-4765.0,-4765.0,-4765,-4765,-2.2,-50.0,-4765.0,-49.24555601488218
player01-a923265f,IL2CPP,ac74cac748fd6e6ebd6d35c6cdd90d5b116a231b61a1104ebdec526eee938e26,box,warmup,3,newRoot,newRoot-,1,3.0999999999999996,3.0999999999999996,3.0999999999999996,3.0999999999999996,1,6409.0,6409.0,6409,6409,3.0999999999999996,154.99999999999997,6409.0,141.60406539991163
player01-a923265f,IL2CPP,ac74cac748fd6e6ebd6d35c6cdd90d5b116a231b61a1104ebdec526eee938e26,box,warmup,3,newRoot,newRoot_pair,1,0.8999999999999995,0.8999999999999995,0.8999999999999995,0.8999999999999995,1,1644.0,1644.0,1644,1644,0.8999999999999995,14.0625,1644.0,11.57583438952261
player01-a923265f,IL2CPP,ac74cac748fd6e6ebd6d35c6cdd90d5b116a231b61a1104ebdec526eee938e26,box,warmup,3,newRoot,objects+,1,-9.4,-9.4,-9.4,-9.4,1,-19867.0,-19867.0,-19867,-19867,-9.4,-57.668711656441715,-19867.0,-57.270106658979536
player01-a923265f,IL2CPP,ac74cac748fd6e6ebd6d35c6cdd90d5b116a231b61a1104ebdec526eee938e26,box,warmup,3,newRoot,objects-,1,9.6,9.6,9.6,9.6,1,20302.0,20302.0,20302,20302,9.6,135.2112676056338,20302.0,133.6361242759347
player01-a923265f,IL2CPP,ac74cac748fd6e6ebd6d35c6cdd90d5b116a231b61a1104ebdec526eee938e26,box,warmup,3,newRoot,objects_pair,1,0.20000000000000284,0.20000000000000284,0.20000000000000284,0.20000000000000284,1,435.0,435.0,435,435,0.20000000000000284,0.8547008547008739,435.0,0.8720580570145575
player01-a923265f,IL2CPP,ac74cac748fd6e6ebd6d35c6cdd90d5b116a231b61a1104ebdec526eee938e26,box,warmup,3,newRoot,publishtotal,1,-0.29999999999999716,-0.29999999999999716,-0.29999999999999716,-0.29999999999999716,1,-528.0,-528.0,-528,-528,-0.29999999999999716,-0.7915567282321789,-528.0,-0.6622765757290705
player01-a923265f,IL2CPP,ac74cac748fd6e6ebd6d35c6cdd90d5b116a231b61a1104ebdec526eee938e26,character,measured,0,newRoot,BuildPublish,8,0.0,0.0,0.0,0.0,8,0.0,0.0,0,0,0.0,0.0,0.0,0.0
player01-a923265f,IL2CPP,ac74cac748fd6e6ebd6d35c6cdd90d5b116a231b61a1104ebdec526eee938e26,character,measured,0,newRoot,BuildSide+,8,0.0,0.0,0.0,0.0,8,0.0,0.0,0,0,0.0,0.0,0.0,0.0
player01-a923265f,IL2CPP,ac74cac748fd6e6ebd6d35c6cdd90d5b116a231b61a1104ebdec526eee938e26,character,measured,0,newRoot,BuildSide-,8,0.0,0.0,0.0,0.0,8,0.0,0.0,0,0,0.0,0.0,0.0,0.0
player01-a923265f,IL2CPP,ac74cac748fd6e6ebd6d35c6cdd90d5b116a231b61a1104ebdec526eee938e26,character,measured,0,newRoot,BuildSide_pair,8,0.0,0.0,0.0,0.0,8,0.0,0.0,0,0,0.0,0.0,0.0,0.0
player01-a923265f,IL2CPP,ac74cac748fd6e6ebd6d35c6cdd90d5b116a231b61a1104ebdec526eee938e26,character,measured,0,newRoot,SetActive+,8,0.0,0.0,0.0,0.0,8,0.0,0.0,0,0,0.0,0.0,0.0,0.0
player01-a923265f,IL2CPP,ac74cac748fd6e6ebd6d35c6cdd90d5b116a231b61a1104ebdec526eee938e26,character,measured,0,newRoot,SetActive-,8,0.0,0.0,0.0,0.0,8,0.0,0.0,0,0,0.0,0.0,0.0,0.0
player01-a923265f,IL2CPP,ac74cac748fd6e6ebd6d35c6cdd90d5b116a231b61a1104ebdec526eee938e26,character,measured,0,newRoot,SetActive_pair,8,0.0,0.0,0.0,0.0,8,0.0,0.0,0,0,0.0,0.0,0.0,0.0
player01-a923265f,IL2CPP,ac74cac748fd6e6ebd6d35c6cdd90d5b116a231b61a1104ebdec526eee938e26,character,measured,0,newRoot,buildtotal,8,0.0,0.0,0.0,0.0,8,0.0,0.0,0,0,0.0,0.0,0.0,0.0
player01-a923265f,IL2CPP,ac74cac748fd6e6ebd6d35c6cdd90d5b116a231b61a1104ebdec526eee938e26,character,measured,0,newRoot,colliders+,8,0.0,0.0,0.0,0.0,8,0.0,0.0,0,0,0.0,0.0,0.0,0.0
player01-a923265f,IL2CPP,ac74cac748fd6e6ebd6d35c6cdd90d5b116a231b61a1104ebdec526eee938e26,character,measured,0,newRoot,colliders-,8,0.0,0.0,0.0,0.0,8,0.0,0.0,0,0,0.0,0.0,0.0,0.0
player01-a923265f,IL2CPP,ac74cac748fd6e6ebd6d35c6cdd90d5b116a231b61a1104ebdec526eee938e26,character,measured,0,newRoot,colliders_pair,8,0.0,0.0,0.0,0.0,8,0.0,0.0,0,0,0.0,0.0,0.0,0.0
player01-a923265f,IL2CPP,ac74cac748fd6e6ebd6d35c6cdd90d5b116a231b61a1104ebdec526eee938e26,character,measured,0,newRoot,newRoot+,8,0.0,0.0,0.0,0.0,8,0.0,0.0,0,0,0.0,0.0,0.0,0.0
player01-a923265f,IL2CPP,ac74cac748fd6e6ebd6d35c6cdd90d5b116a231b61a1104ebdec526eee938e26,character,measured,0,newRoot,newRoot-,8,0.0,0.0,0.0,0.0,8,0.0,0.0,0,0,0.0,0.0,0.0,0.0
player01-a923265f,IL2CPP,ac74cac748fd6e6ebd6d35c6cdd90d5b116a231b61a1104ebdec526eee938e26,character,measured,0,newRoot,newRoot_pair,8,0.0,0.0,0.0,0.0,8,0.0,0.0,0,0,0.0,0.0,0.0,0.0
player01-a923265f,IL2CPP,ac74cac748fd6e6ebd6d35c6cdd90d5b116a231b61a1104ebdec526eee938e26,character,measured,0,newRoot,objects+,8,0.0,0.0,0.0,0.0,8,0.0,0.0,0,0,0.0,0.0,0.0,0.0
player01-a923265f,IL2CPP,ac74cac748fd6e6ebd6d35c6cdd90d5b116a231b61a1104ebdec526eee938e26,character,measured,0,newRoot,objects-,8,0.0,0.0,0.0,0.0,8,0.0,0.0,0,0,0.0,0.0,0.0,0.0
player01-a923265f,IL2CPP,ac74cac748fd6e6ebd6d35c6cdd90d5b116a231b61a1104ebdec526eee938e26,character,measured,0,newRoot,objects_pair,8,0.0,0.0,0.0,0.0,8,0.0,0.0,0,0,0.0,0.0,0.0,0.0
player01-a923265f,IL2CPP,ac74cac748fd6e6ebd6d35c6cdd90d5b116a231b61a1104ebdec526eee938e26,character,measured,0,newRoot,publishtotal,8,0.0,0.0,0.0,0.0,8,0.0,0.0,0,0,0.0,0.0,0.0,0.0
player01-a923265f,IL2CPP,ac74cac748fd6e6ebd6d35c6cdd90d5b116a231b61a1104ebdec526eee938e26,character,measured,1,newRoot,BuildPublish,8,0.20000000000000284,6.330000000000004,-7.400000000000006,7.800000000000011,8,-1561.5,13417.099999999995,-15423,16544,2.450000000000003,1.9710378117457683,5346.0,2.0364938478534045
player01-a923265f,IL2CPP,ac74cac748fd6e6ebd6d35c6cdd90d5b116a231b61a1104ebdec526eee938e26,character,measured,1,newRoot,BuildSide+,8,-10.4,-8.735000000000001,-13.700000000000003,-8.700000000000003,8,-21996.5,-18432.3,-28978,-18272,-9.599999999999998,-32.05342237061769,-20358.5,-32.26131051422233
player01-a923265f,IL2CPP,ac74cac748fd6e6ebd6d35c6cdd90d5b116a231b61a1104ebdec526eee938e26,character,measured,1,newRoot,BuildSide-,8,11.2,19.56,9.599999999999998,22.500000000000004,8,23925.5,29024.05,20179,29723,11.2,72.49190938511327,23925.5,74.00745472261316
player01-a923265f,IL2CPP,ac74cac748fd6e6ebd6d35c6cdd90d5b116a231b61a1104ebdec526eee938e26,character,measured,1,newRoot,BuildSide_pair,8,1.3999999999999986,7.575000000000003,-0.8999999999999986,8.800000000000004,8,1082.0,9074.649999999998,-2097,10993,1.499999999999993,3.289473684210509,3030.0,3.154656241378051
player01-a923265f,IL2CPP,ac74cac748fd6e6ebd6d35c6cdd90d5b116a231b61a1104ebdec526eee938e26,character,measured,1,newRoot,SetActive+,8,-0.6999999999999975,0.5900000000000012,-1.1999999999999993,0.8000000000000007,8,-1546.5,1528.0999999999995,-2773,1988,-0.3000000000000007,-1.1029411764705954,-581.5,-1.0063600571107223
player01-a923265f,IL2CPP,ac74cac748fd6e6ebd6d35c6cdd90d5b116a231b61a1104ebdec526eee938e26,character,measured,1,newRoot,SetActive-,8,-0.5999999999999996,0.2549999999999999,-1.6999999999999993,0.5,8,-1118.5,589.3999999999992,-3640,1120,-0.6500000000000021,-3.542234332425076,-1275.5,-3.2673292689174627
player01-a923265f,IL2CPP,ac74cac748fd6e6ebd6d35c6cdd90d5b116a231b61a1104ebdec526eee938e26,character,measured,1,newRoot,SetActive_pair,8,-1.3999999999999986,0.5299999999999996,-1.9000000000000057,1.3000000000000043,8,-2800.0,1448.2999999999975,-3939,3108,-1.1000000000000014,-2.41758241758242,-2273.5,-2.3483780336013838
player01-a923265f,IL2CPP,ac74cac748fd6e6ebd6d35c6cdd90d5b116a231b61a1104ebdec526eee938e26,character,measured,1,newRoot,buildtotal,8,1.5499999999999972,6.520000000000002,-4.599999999999994,6.800000000000004,8,999.0,11522.749999999996,-9648,14293,2.200000000000003,3.514376996805124,4548.0,3.4315852218495646
player01-a923265f,IL2CPP,ac74cac748fd6e6ebd6d35c6cdd90d5b116a231b61a1104ebdec526eee938e26,character,measured,1,newRoot,colliders+,8,-0.9500000000000002,0.15499999999999847,-2.0,0.3999999999999986,8,-1867.0,432.0499999999993,-4095,907,-1.200000000000001,-8.955223880597018,-2331.5,-8.196951851916957
player01-a923265f,IL2CPP,ac74cac748fd6e6ebd6d35c6cdd90d5b116a231b61a1104ebdec526eee938e26,character,measured,1,newRoot,colliders-,8,1.4999999999999996,2.2600000000000002,0.40000000000000036,2.4000000000000004,8,3079.0,4764.049999999999,815,4994,1.200000000000001,15.686274509803933,2467.5,15.015974440894574
player01-a923265f,IL2CPP,ac74cac748fd6e6ebd6d35c6cdd90d5b116a231b61a1104ebdec526eee938e26,character,measured,1,newRoot,colliders_pair,8,0.7999999999999989,1.4650000000000007,-1.1000000000000014,1.5,8,1699.0,3192.2999999999997,-2431,3242,0.75,3.649635036496357,1723.0,3.9259917515437337
player01-a923265f,IL2CPP,ac74cac748fd6e6ebd6d35c6cdd90d5b116a231b61a1104ebdec526eee938e26,character,measured,1,newRoot,newRoot+,8,-2.7,-2.235,-3.6999999999999997,-2.1999999999999997,8,-5685.5,-4798.0,-7765,-4791,-2.8000000000000003,-57.14285714285714,-6065.5,-56.50472774698403
player01-a923265f,IL2CPP,ac74cac748fd6e6ebd6d35c6cdd90d5b116a231b61a1104ebdec526eee938e26,character,measured,1,newRoot,newRoot-,8,2.5500000000000003,10.814999999999996,2.1,14.700000000000001,8,5518.0,10019.399999999998,4439,11271,2.5999999999999996,129.99999999999997,5562.0,123.57253943568094
player01-a923265f,IL2CPP,ac74cac748fd6e6ebd6d35c6cdd90d5b116a231b61a1104ebdec526eee938e26,character,measured,1,newRoot,newRoot_pair,8,-0.25,7.994999999999996,-0.9000000000000004,11.600000000000001,8,-437.5,4103.249999999999,-1700,4749,-0.35000000000000053,-4.895104895104907,-666.0,-4.245283018867929
player01-a923265f,IL2CPP,ac74cac748fd6e6ebd6d35c6cdd90d5b116a231b61a1104ebdec526eee938e26,character,measured,1,newRoot,objects+,8,-8.950000000000001,-7.325000000000001,-11.3,-6.8,8,-18920.0,-15550.800000000001,-23710,-14414,-8.9,-55.625,-18821.0,-55.381129632626646
player01-a923265f,IL2CPP,ac74cac748fd6e6ebd6d35c6cdd90d5b116a231b61a1104ebdec526eee938e26,character,measured,1,newRoot,objects-,8,9.25,17.919999999999995,8.100000000000001,21.7,8,19492.5,24961.1,17122,26009,9.250000000000002,135.036496350365,19492.5,132.77365302091138
player01-a923265f,IL2CPP,ac74cac748fd6e6ebd6d35c6cdd90d5b116a231b61a1104ebdec526eee938e26,character,measured,1,newRoot,objects_pair,8,0.6500000000000004,8.194999999999997,-1.1000000000000014,10.400000000000002,8,1448.0,6395.2999999999965,-2444,8601,0.29999999999999716,1.2847965738757905,636.0,1.2799742395121605
player01-a923265f,IL2CPP,ac74cac748fd6e6ebd6d35c6cdd90d5b116a231b61a1104ebdec526eee938e26,character,measured,1,newRoot,publishtotal,8,-1.2000000000000028,0.8599999999999979,-3.200000000000003,1.0,8,-2426.5,1894.3499999999995,-6478,2251,-0.29999999999999716,-0.48192771084336616,-565.5,-0.4305619004111416
player01-a923265f,IL2CPP,ac74cac748fd6e6ebd6d35c6cdd90d5b116a231b61a1104ebdec526eee938e26,character,measured,2,newRoot,BuildPublish,8,2.6000000000000014,6.214999999999995,-9.099999999999994,6.599999999999994,8,5347.5,12817.65,-19276,13434,2.6500000000000057,2.131938857602589,5469.0,2.0833492057445335
player01-a923265f,IL2CPP,ac74cac748fd6e6ebd6d35c6cdd90d5b116a231b61a1104ebdec526eee938e26,character,measured,2,newRoot,BuildSide+,8,1.5,2.3849999999999993,-3.1000000000000014,2.6999999999999993,8,3003.0,5160.049999999999,-6574,5859,1.5999999999999979,5.342237061769617,3372.0,5.343475160446864
player01-a923265f,IL2CPP,ac74cac748fd6e6ebd6d35c6cdd90d5b116a231b61a1104ebdec526eee938e26,character,measured,2,newRoot,BuildSide-,8,0.04999999999999982,2.3449999999999993,-0.7000000000000011,2.8000000000000007,8,202.0,4940.399999999999,-1600,5926,-0.049999999999998934,-0.3236245954692518,7.0,0.02165272128307194
player01-a923265f,IL2CPP,ac74cac748fd6e6ebd6d35c6cdd90d5b116a231b61a1104ebdec526eee938e26,character,measured,2,newRoot,BuildSide_pair,8,1.2999999999999972,4.025000000000002,-3.1999999999999957,4.200000000000003,8,2869.0,8544.8,-6839,8969,1.4499999999999957,3.1798245614035103,2876.0,2.994320577624854
player01-a923265f,IL2CPP,ac74cac748fd6e6ebd6d35c6cdd90d5b116a231b61a1104ebdec526eee938e26,character,measured,2,newRoot,SetActive+,8,6.400000000000002,8.565000000000003,4.700000000000003,9.300000000000004,8,13500.0,18061.699999999997,9892,19566,6.050000000000001,22.24264705882353,12687.5,21.95734002509411
player01-a923265f,IL2CPP,ac74cac748fd6e6ebd6d35c6cdd90d5b116a231b61a1104ebdec526eee938e26,character,measured,2,newRoot,SetActive-,8,-6.949999999999999,-6.114999999999999,-8.299999999999999,-5.799999999999999,8,-14729.0,-12891.050000000001,-17578,-12253,-7.200000000000003,-39.23705722070846,-15160.5,-38.8352374609355
player01-a923265f,IL2CPP,ac74cac748fd6e6ebd6d35c6cdd90d5b116a231b61a1104ebdec526eee938e26,character,measured,2,newRoot,SetActive_pair,8,-0.6500000000000021,1.6050000000000009,-3.200000000000003,2.200000000000003,8,-1354.0,3337.499999999998,-6900,4559,-1.1000000000000014,-2.41758241758242,-2477.5,-2.5590968015163473
player01-a923265f,IL2CPP,ac74cac748fd6e6ebd6d35c6cdd90d5b116a231b61a1104ebdec526eee938e26,character,measured,2,newRoot,buildtotal,8,2.4999999999999964,6.145,-6.199999999999996,6.600000000000001,8,5358.5,12969.499999999998,-13178,13862,3.3000000000000114,5.271565495207686,6952.0,5.245466240610863
player01-a923265f,IL2CPP,ac74cac748fd6e6ebd6d35c6cdd90d5b116a231b61a1104ebdec526eee938e26,character,measured,2,newRoot,colliders+,8,0.1999999999999993,1.1550000000000002,-0.8000000000000007,1.4000000000000004,8,438.5,2410.5999999999995,-1831,2909,-0.20000000000000107,-1.4925373134328401,-259.0,-0.9105771090055725
player01-a923265f,IL2CPP,ac74cac748fd6e6ebd6d35c6cdd90d5b116a231b61a1104ebdec526eee938e26,character,measured,2,newRoot,colliders-,8,0.25,1.4049999999999991,-0.09999999999999964,2.0,8,426.0,2967.249999999998,-339,4222,0.09999999999999964,1.3071895424836555,224.5,1.3661950403164536
player01-a923265f,IL2CPP,ac74cac748fd6e6ebd6d35c6cdd90d5b116a231b61a1104ebdec526eee938e26,character,measured,2,newRoot,colliders_pair,8,0.5499999999999989,1.3000000000000007,-0.9000000000000021,1.3000000000000007,8,1201.5,2642.7999999999997,-2112,2682,0.5999999999999979,2.9197080291970767,1318.0,3.003167224918535
player01-a923265f,IL2CPP,ac74cac748fd6e6ebd6d35c6cdd90d5b116a231b61a1104ebdec526eee938e26,character,measured,2,newRoot,newRoot+,8,-0.09999999999999964,1.145,-1.0,1.6000000000000005,8,-193.0,2462.3999999999987,-1952,3378,0.0,0.0,-43.0,-0.40057757697145036
player01-a923265f,IL2CPP,ac74cac748fd6e6ebd6d35c6cdd90d5b116a231b61a1104ebdec526eee938e26,character,measured,2,newRoot,newRoot-,8,0.050000000000000044,0.5299999999999998,-0.6000000000000001,0.5999999999999999,8,251.5,1061.85,-1236,1149,0.10000000000000009,5.000000000000004,166.0,3.6880693179293544
player01-a923265f,IL2CPP,ac74cac748fd6e6ebd6d35c6cdd90d5b116a231b61a1104ebdec526eee938e26,character,measured,2,newRoot,newRoot_pair,8,-0.20000000000000018,1.5699999999999998,-1.0999999999999996,2.200000000000001,8,-444.5,3340.499999999998,-2303,4527,-0.3000000000000007,-4.195804195804209,-548.0,-3.493115757266696
player01-a923265f,IL2CPP,ac74cac748fd6e6ebd6d35c6cdd90d5b116a231b61a1104ebdec526eee938e26,character,measured,2,newRoot,objects+,8,0.8499999999999996,1.7949999999999988,-2.1999999999999993,1.8999999999999986,8,1786.0,3895.5999999999995,-4546,4100,0.6000000000000014,3.750000000000009,1367.5,4.023893245450139
player01-a923265f,IL2CPP,ac74cac748fd6e6ebd6d35c6cdd90d5b116a231b61a1104ebdec526eee938e26,character,measured,2,newRoot,objects-,8,0.14999999999999947,1.0599999999999998,-1.1000000000000005,1.2000000000000002,8,137.5,2167.1499999999996,-2123,2430,0.15000000000000036,2.1897810218978186,185.0,1.2601321435869561
player01-a923265f,IL2CPP,ac74cac748fd6e6ebd6d35c6cdd90d5b116a231b61a1104ebdec526eee938e26,character,measured,2,newRoot,objects_pair,8,0.5,2.8549999999999978,-1.8000000000000007,3.099999999999998,8,925.0,6045.249999999999,-3753,6530,0.34999999999999787,1.498929336188426,790.0,1.5899051088279936
player01-a923265f,IL2CPP,ac74cac748fd6e6ebd6d35c6cdd90d5b116a231b61a1104ebdec526eee938e26,character,measured,2,newRoot,publishtotal,8,-0.8500000000000014,2.0899999999999936,-5.300000000000004,2.999999999999993,8,-1763.5,4267.649999999997,-11010,6214,-0.5,-0.8032128514056214,-1160.0,-0.8832038982792723
player01-a923265f,IL2CPP,ac74cac748fd6e6ebd6d35c6cdd90d5b116a231b61a1104ebdec526eee938e26,character,measured,3,newRoot,BuildPublish,8,2.0,5.60500000000001,-12.299999999999997,6.200000000000017,8,4293.0,11583.249999999998,-24504,12726,2.450000000000003,1.9710378117457683,5628.5,2.144108795855404
player01-a923265f,IL2CPP,ac74cac748fd6e6ebd6d35c6cdd90d5b116a231b61a1104ebdec526eee938e26,character,measured,3,newRoot,BuildSide+,8,-10.25,-9.634999999999998,-14.400000000000002,-9.599999999999998,8,-21904.5,-20567.65,-30487,-20484,-10.249999999999996,-34.223706176961585,-21808.0,-34.5582758893907
player01-a923265f,IL2CPP,ac74cac748fd6e6ebd6d35c6cdd90d5b116a231b61a1104ebdec526eee938e26,character,measured,3,newRoot,BuildSide-,8,11.55,12.915000000000001,9.4,13.3,8,24419.0,27277.85,19735,27981,11.45,74.11003236245955,24259.5,75.04059885240576
player01-a923265f,IL2CPP,ac74cac748fd6e6ebd6d35c6cdd90d5b116a231b61a1104ebdec526eee938e26,character,measured,3,newRoot,BuildSide_pair,8,1.6000000000000014,2.6250000000000013,-3.6999999999999957,2.8000000000000043,8,3493.0,5300.749999999999,-7827,5677,0.8500000000000014,1.8640350877193068,1675.5,1.744431198821439
player01-a923265f,IL2CPP,ac74cac748fd6e6ebd6d35c6cdd90d5b116a231b61a1104ebdec526eee938e26,character,measured,3,newRoot,SetActive+,8,6.35,7.465000000000001,4.5,7.5,8,13549.0,15892.65,9751,15991,5.950000000000006,21.87500000000002,12547.0,21.714186821269422
player01-a923265f,IL2CPP,ac74cac748fd6e6ebd6d35c6cdd90d5b116a231b61a1104ebdec526eee938e26,character,measured,3,newRoot,SetActive-,8,-7.099999999999999,-5.345000000000001,-8.100000000000001,-5.100000000000001,8,-14936.0,-11253.7,-17288,-10756,-7.150000000000002,-38.96457765667576,-15069.5,-38.60213125672421
player01-a923265f,IL2CPP,ac74cac748fd6e6ebd6d35c6cdd90d5b116a231b61a1104ebdec526eee938e26,character,measured,3,newRoot,SetActive_pair,8,-0.5500000000000007,2.119999999999999,-3.6000000000000014,2.3999999999999986,8,-1223.5,4638.949999999999,-7537,5235,-1.2000000000000028,-2.637362637362639,-2513.5,-2.5962824664425233
player01-a923265f,IL2CPP,ac74cac748fd6e6ebd6d35c6cdd90d5b116a231b61a1104ebdec526eee938e26,character,measured,3,newRoot,buildtotal,8,1.9999999999999964,2.83,-6.3999999999999915,2.8999999999999986,8,3838.0,5913.549999999999,-12551,6112,1.75,2.7955271565495154,3546.0,2.675549955294332
player01-a923265f,IL2CPP,ac74cac748fd6e6ebd6d35c6cdd90d5b116a231b61a1104ebdec526eee938e26,character,measured,3,newRoot,colliders+,8,-1.0500000000000007,-0.09999999999999964,-1.9000000000000004,-0.09999999999999964,8,-2218.0,-262.30000000000007,-4044,-221,-1.4000000000000004,-10.447761194029848,-2786.0,-9.794856469843726
player01-a923265f,IL2CPP,ac74cac748fd6e6ebd6d35c6cdd90d5b116a231b61a1104ebdec526eee938e26,character,measured,3,newRoot,colliders-,8,1.25,1.7650000000000001,0.5000000000000009,1.7999999999999998,8,2647.0,3818.85,1086,3990,1.1500000000000004,15.032679738562106,2505.0,15.244180739388401
player01-a923265f,IL2CPP,ac74cac748fd6e6ebd6d35c6cdd90d5b116a231b61a1104ebdec526eee938e26,character,measured,3,newRoot,colliders_pair,8,0.14999999999999858,1.160000000000001,-0.40000000000000213,1.3000000000000007,8,329.0,2409.6,-675,2551,-3.552713678800501e-15,-2.220446049250313e-14,172.5,0.39305489096999047
player01-a923265f,IL2CPP,ac74cac748fd6e6ebd6d35c6cdd90d5b116a231b61a1104ebdec526eee938e26,character,measured,3,newRoot,newRoot+,8,-2.8,-2.3699999999999997,-3.6999999999999997,-2.3,8,-5997.0,-5096.25,-7809,-4958,-2.9000000000000004,-59.183673469387756,-6294.5,-58.63803623829709
player01-a923265f,IL2CPP,ac74cac748fd6e6ebd6d35c6cdd90d5b116a231b61a1104ebdec526eee938e26,character,measured,3,newRoot,newRoot-,8,2.85,4.109999999999999,1.9999999999999996,4.6000000000000005,8,6229.5,8765.649999999998,4275,9781,2.9000000000000004,145.00000000000003,6286.5,139.66896245278826
player01-a923265f,IL2CPP,ac74cac748fd6e6ebd6d35c6cdd90d5b116a231b61a1104ebdec526eee938e26,character,measured,3,newRoot,newRoot_pair,8,-0.04999999999999982,1.6349999999999996,-1.2000000000000002,2.3000000000000007,8,-1.5,3499.299999999998,-2335,4823,-0.05000000000000071,-0.6993006993007089,9.5,0.0605558388577343
player01-a923265f,IL2CPP,ac74cac748fd6e6ebd6d35c6cdd90d5b116a231b61a1104ebdec526eee938e26,character,measured,3,newRoot,objects+,8,-9.05,-8.14,-12.000000000000002,-8.0,8,-19051.5,-17186.3,-25370,-16865,-9.3,-58.12500000000001,-19561.0,-57.55859288793421
player01-a923265f,IL2CPP,ac74cac748fd6e6ebd6d35c6cdd90d5b116a231b61a1104ebdec526eee938e26,character,measured,3,newRoot,objects-,8,9.600000000000001,10.665,7.999999999999999,10.7,8,20232.0,22440.9,16907,22506,9.549999999999999,139.41605839416056,20163.5,137.34418636332677
player01-a923265f,IL2CPP,ac74cac748fd6e6ebd6d35c6cdd90d5b116a231b61a1104ebdec526eee938e26,character,measured,3,newRoot,objects_pair,8,0.7500000000000018,2.3849999999999993,-3.400000000000002,2.6999999999999993,8,1541.0,5018.3499999999985,-7120,5641,0.3999999999999986,1.7130620985010614,874.5,1.7599645793292318
player01-a923265f,IL2CPP,ac74cac748fd6e6ebd6d35c6cdd90d5b116a231b61a1104ebdec526eee938e26,character,measured,3,newRoot,publishtotal,8,-3.552713678800501e-15,3.1599999999999993,-5.900000000000006,4.0,8,79.5,6775.149999999998,-11953,8620,-0.25,-0.40160642570281624,-536.5,-0.4084818029541637
player01-a923265f,IL2CPP,ac74cac748fd6e6ebd6d35c6cdd90d5b116a231b61a1104ebdec526eee938e26,character,warmup,0,newRoot,BuildPublish,1,0.0,0.0,0.0,0.0,1,0.0,0.0,0,0,0.0,0.0,0.0,0.0
player01-a923265f,IL2CPP,ac74cac748fd6e6ebd6d35c6cdd90d5b116a231b61a1104ebdec526eee938e26,character,warmup,0,newRoot,BuildSide+,1,0.0,0.0,0.0,0.0,1,0.0,0.0,0,0,0.0,0.0,0.0,0.0
player01-a923265f,IL2CPP,ac74cac748fd6e6ebd6d35c6cdd90d5b116a231b61a1104ebdec526eee938e26,character,warmup,0,newRoot,BuildSide-,1,0.0,0.0,0.0,0.0,1,0.0,0.0,0,0,0.0,0.0,0.0,0.0
player01-a923265f,IL2CPP,ac74cac748fd6e6ebd6d35c6cdd90d5b116a231b61a1104ebdec526eee938e26,character,warmup,0,newRoot,BuildSide_pair,1,0.0,0.0,0.0,0.0,1,0.0,0.0,0,0,0.0,0.0,0.0,0.0
player01-a923265f,IL2CPP,ac74cac748fd6e6ebd6d35c6cdd90d5b116a231b61a1104ebdec526eee938e26,character,warmup,0,newRoot,SetActive+,1,0.0,0.0,0.0,0.0,1,0.0,0.0,0,0,0.0,0.0,0.0,0.0
player01-a923265f,IL2CPP,ac74cac748fd6e6ebd6d35c6cdd90d5b116a231b61a1104ebdec526eee938e26,character,warmup,0,newRoot,SetActive-,1,0.0,0.0,0.0,0.0,1,0.0,0.0,0,0,0.0,0.0,0.0,0.0
player01-a923265f,IL2CPP,ac74cac748fd6e6ebd6d35c6cdd90d5b116a231b61a1104ebdec526eee938e26,character,warmup,0,newRoot,SetActive_pair,1,0.0,0.0,0.0,0.0,1,0.0,0.0,0,0,0.0,0.0,0.0,0.0
player01-a923265f,IL2CPP,ac74cac748fd6e6ebd6d35c6cdd90d5b116a231b61a1104ebdec526eee938e26,character,warmup,0,newRoot,buildtotal,1,0.0,0.0,0.0,0.0,1,0.0,0.0,0,0,0.0,0.0,0.0,0.0
player01-a923265f,IL2CPP,ac74cac748fd6e6ebd6d35c6cdd90d5b116a231b61a1104ebdec526eee938e26,character,warmup,0,newRoot,colliders+,1,0.0,0.0,0.0,0.0,1,0.0,0.0,0,0,0.0,0.0,0.0,0.0
player01-a923265f,IL2CPP,ac74cac748fd6e6ebd6d35c6cdd90d5b116a231b61a1104ebdec526eee938e26,character,warmup,0,newRoot,colliders-,1,0.0,0.0,0.0,0.0,1,0.0,0.0,0,0,0.0,0.0,0.0,0.0
player01-a923265f,IL2CPP,ac74cac748fd6e6ebd6d35c6cdd90d5b116a231b61a1104ebdec526eee938e26,character,warmup,0,newRoot,colliders_pair,1,0.0,0.0,0.0,0.0,1,0.0,0.0,0,0,0.0,0.0,0.0,0.0
player01-a923265f,IL2CPP,ac74cac748fd6e6ebd6d35c6cdd90d5b116a231b61a1104ebdec526eee938e26,character,warmup,0,newRoot,newRoot+,1,0.0,0.0,0.0,0.0,1,0.0,0.0,0,0,0.0,0.0,0.0,0.0
player01-a923265f,IL2CPP,ac74cac748fd6e6ebd6d35c6cdd90d5b116a231b61a1104ebdec526eee938e26,character,warmup,0,newRoot,newRoot-,1,0.0,0.0,0.0,0.0,1,0.0,0.0,0,0,0.0,0.0,0.0,0.0
player01-a923265f,IL2CPP,ac74cac748fd6e6ebd6d35c6cdd90d5b116a231b61a1104ebdec526eee938e26,character,warmup,0,newRoot,newRoot_pair,1,0.0,0.0,0.0,0.0,1,0.0,0.0,0,0,0.0,0.0,0.0,0.0
player01-a923265f,IL2CPP,ac74cac748fd6e6ebd6d35c6cdd90d5b116a231b61a1104ebdec526eee938e26,character,warmup,0,newRoot,objects+,1,0.0,0.0,0.0,0.0,1,0.0,0.0,0,0,0.0,0.0,0.0,0.0
player01-a923265f,IL2CPP,ac74cac748fd6e6ebd6d35c6cdd90d5b116a231b61a1104ebdec526eee938e26,character,warmup,0,newRoot,objects-,1,0.0,0.0,0.0,0.0,1,0.0,0.0,0,0,0.0,0.0,0.0,0.0
player01-a923265f,IL2CPP,ac74cac748fd6e6ebd6d35c6cdd90d5b116a231b61a1104ebdec526eee938e26,character,warmup,0,newRoot,objects_pair,1,0.0,0.0,0.0,0.0,1,0.0,0.0,0,0,0.0,0.0,0.0,0.0
player01-a923265f,IL2CPP,ac74cac748fd6e6ebd6d35c6cdd90d5b116a231b61a1104ebdec526eee938e26,character,warmup,0,newRoot,publishtotal,1,0.0,0.0,0.0,0.0,1,0.0,0.0,0,0,0.0,0.0,0.0,0.0
player01-a923265f,IL2CPP,ac74cac748fd6e6ebd6d35c6cdd90d5b116a231b61a1104ebdec526eee938e26,character,warmup,1,newRoot,BuildPublish,1,-53.099999999999994,-53.099999999999994,-53.099999999999994,-53.099999999999994,1,-111863.0,-111863.0,-111863,-111863,-53.099999999999994,-32.14285714285714,-111863.0,-32.11334967761198
player01-a923265f,IL2CPP,ac74cac748fd6e6ebd6d35c6cdd90d5b116a231b61a1104ebdec526eee938e26,character,warmup,1,newRoot,BuildSide+,1,-23.099999999999998,-23.099999999999998,-23.099999999999998,-23.099999999999998,1,-48437.0,-48437.0,-48437,-48437,-23.099999999999998,-54.60992907801418,-48437.0,-54.636616922157174
player01-a923265f,IL2CPP,ac74cac748fd6e6ebd6d35c6cdd90d5b116a231b61a1104ebdec526eee938e26,character,warmup,1,newRoot,BuildSide-,1,6.600000000000001,6.600000000000001,6.600000000000001,6.600000000000001,1,13975.0,13975.0,13975,13975,6.600000000000001,41.25000000000001,13975.0,41.4676122370256
player01-a923265f,IL2CPP,ac74cac748fd6e6ebd6d35c6cdd90d5b116a231b61a1104ebdec526eee938e26,character,warmup,1,newRoot,BuildSide_pair,1,-16.5,-16.5,-16.5,-16.5,1,-34462.0,-34462.0,-34462,-34462,-16.5,-28.301886792452834,-34462.0,-28.165813949686967
player01-a923265f,IL2CPP,ac74cac748fd6e6ebd6d35c6cdd90d5b116a231b61a1104ebdec526eee938e26,character,warmup,1,newRoot,SetActive+,1,-6.899999999999999,-6.899999999999999,-6.899999999999999,-6.899999999999999,1,-14360.0,-14360.0,-14360,-14360,-6.899999999999999,-20.29411764705882,-14360.0,-19.920926683776095
player01-a923265f,IL2CPP,ac74cac748fd6e6ebd6d35c6cdd90d5b116a231b61a1104ebdec526eee938e26,character,warmup,1,newRoot,SetActive-,1,-9.5,-9.5,-9.5,-9.5,1,-20185.0,-20185.0,-20185,-20185,-9.5,-36.398467432950184,-20185.0,-36.35299414678072
player01-a923265f,IL2CPP,ac74cac748fd6e6ebd6d35c6cdd90d5b116a231b61a1104ebdec526eee938e26,character,warmup,1,newRoot,SetActive_pair,1,-16.4,-16.4,-16.4,-16.4,1,-34545.0,-34545.0,-34545,-34545,-16.4,-27.287853577371045,-34545.0,-27.07076247942951
player01-a923265f,IL2CPP,ac74cac748fd6e6ebd6d35c6cdd90d5b116a231b61a1104ebdec526eee938e26,character,warmup,1,newRoot,buildtotal,1,-26.60000000000001,-26.60000000000001,-26.60000000000001,-26.60000000000001,1,-55929.0,-55929.0,-55929,-55929,-26.60000000000001,-33.501259445843836,-55929.0,-33.41059385062037
player01-a923265f,IL2CPP,ac74cac748fd6e6ebd6d35c6cdd90d5b116a231b61a1104ebdec526eee938e26,character,warmup,1,newRoot,colliders+,1,-3.6999999999999993,-3.6999999999999993,-3.6999999999999993,-3.6999999999999993,1,-7928.0,-7928.0,-7928,-7928,-3.6999999999999993,-24.342105263157887,-7928.0,-24.419392595330503
player01-a923265f,IL2CPP,ac74cac748fd6e6ebd6d35c6cdd90d5b116a231b61a1104ebdec526eee938e26,character,warmup,1,newRoot,colliders-,1,0.09999999999999964,0.09999999999999964,0.09999999999999964,0.09999999999999964,1,158.0,158.0,158,158,0.09999999999999964,1.2499999999999956,158.0,0.9181242373176746
player01-a923265f,IL2CPP,ac74cac748fd6e6ebd6d35c6cdd90d5b116a231b61a1104ebdec526eee938e26,character,warmup,1,newRoot,colliders_pair,1,-3.599999999999998,-3.599999999999998,-3.599999999999998,-3.599999999999998,1,-7770.0,-7770.0,-7770,-7770,-3.599999999999998,-15.517241379310331,-7770.0,-15.641670860593859
player01-a923265f,IL2CPP,ac74cac748fd6e6ebd6d35c6cdd90d5b116a231b61a1104ebdec526eee938e26,character,warmup,1,newRoot,newRoot+,1,-5.4,-5.4,-5.4,-5.4,1,-12592.0,-12592.0,-12592,-12592,-5.4,-72.97297297297298,-12592.0,-74.05751926130682
player01-a923265f,IL2CPP,ac74cac748fd6e6ebd6d35c6cdd90d5b116a231b61a1104ebdec526eee938e26,character,warmup,1,newRoot,newRoot-,1,2.5,2.5,2.5,2.5,1,5396.0,5396.0,5396,5396,2.5,125.0,5396.0,123.64802933088907
player01-a923265f,IL2CPP,ac74cac748fd6e6ebd6d35c6cdd90d5b116a231b61a1104ebdec526eee938e26,character,warmup,1,newRoot,newRoot_pair,1,-2.9000000000000004,-2.9000000000000004,-2.9000000000000004,-2.9000000000000004,1,-7196.0,-7196.0,-7196,-7196,-2.9000000000000004,-30.85106382978724,-7196.0,-33.678101745682596
player01-a923265f,IL2CPP,ac74cac748fd6e6ebd6d35c6cdd90d5b116a231b61a1104ebdec526eee938e26,character,warmup,1,newRoot,objects+,1,-18.5,-18.5,-18.5,-18.5,1,-38937.0,-38937.0,-38937,-38937,-18.5,-72.83464566929135,-38937.0,-72.48273422811296
player01-a923265f,IL2CPP,ac74cac748fd6e6ebd6d35c6cdd90d5b116a231b61a1104ebdec526eee938e26,character,warmup,1,newRoot,objects-,1,5.8999999999999995,5.8999999999999995,5.8999999999999995,5.8999999999999995,1,12568.0,12568.0,12568,12568,5.8999999999999995,80.82191780821917,12568.0,80.71933204881181
player01-a923265f,IL2CPP,ac74cac748fd6e6ebd6d35c6cdd90d5b116a231b61a1104ebdec526eee938e26,character,warmup,1,newRoot,objects_pair,1,-12.600000000000001,-12.600000000000001,-12.600000000000001,-12.600000000000001,1,-26369.0,-26369.0,-26369,-26369,-12.600000000000001,-38.53211009174312,-26369.0,-38.05654577205617
player01-a923265f,IL2CPP,ac74cac748fd6e6ebd6d35c6cdd90d5b116a231b61a1104ebdec526eee938e26,character,warmup,1,newRoot,publishtotal,1,-26.5,-26.5,-26.5,-26.5,1,-55934.0,-55934.0,-55934,-55934,-26.5,-30.88578088578089,-55934.0,-30.9131806852033
player01-a923265f,IL2CPP,ac74cac748fd6e6ebd6d35c6cdd90d5b116a231b61a1104ebdec526eee938e26,character,warmup,2,newRoot,BuildPublish,1,-34.099999999999994,-34.099999999999994,-34.099999999999994,-34.099999999999994,1,-71240.0,-71240.0,-71240,-71240,-34.099999999999994,-20.641646489104115,-71240.0,-20.451400651091756
player01-a923265f,IL2CPP,ac74cac748fd6e6ebd6d35c6cdd90d5b116a231b61a1104ebdec526eee938e26,character,warmup,2,newRoot,BuildSide+,1,-10.199999999999996,-10.199999999999996,-10.199999999999996,-10.199999999999996,1,-21220.0,-21220.0,-21220,-21220,-10.199999999999996,-24.113475177304956,-21220.0,-23.93602021364195
player01-a923265f,IL2CPP,ac74cac748fd6e6ebd6d35c6cdd90d5b116a231b61a1104ebdec526eee938e26,character,warmup,2,newRoot,BuildSide-,1,0.8999999999999986,0.8999999999999986,0.8999999999999986,0.8999999999999986,1,1628.0,1628.0,1628,1628,0.8999999999999986,5.624999999999991,1628.0,4.830717189400913
player01-a923265f,IL2CPP,ac74cac748fd6e6ebd6d35c6cdd90d5b116a231b61a1104ebdec526eee938e26,character,warmup,2,newRoot,BuildSide_pair,1,-9.299999999999997,-9.299999999999997,-9.299999999999997,-9.299999999999997,1,-19592.0,-19592.0,-19592,-19592,-9.299999999999997,-15.951972555746142,-19592.0,-16.012553737515734
player01-a923265f,IL2CPP,ac74cac748fd6e6ebd6d35c6cdd90d5b116a231b61a1104ebdec526eee938e26,character,warmup,2,newRoot,SetActive+,1,-0.10000000000000142,-0.10000000000000142,-0.10000000000000142,-0.10000000000000142,1,-275.0,-275.0,-275,-275,-0.10000000000000142,-0.2941176470588225,-275.0,-0.38149406950128695
player01-a923265f,IL2CPP,ac74cac748fd6e6ebd6d35c6cdd90d5b116a231b61a1104ebdec526eee938e26,character,warmup,2,newRoot,SetActive-,1,-14.600000000000001,-14.600000000000001,-14.600000000000001,-14.600000000000001,1,-30864.0,-30864.0,-30864,-30864,-14.600000000000001,-55.93869731800767,-30864.0,-55.58577217469609
player01-a923265f,IL2CPP,ac74cac748fd6e6ebd6d35c6cdd90d5b116a231b61a1104ebdec526eee938e26,character,warmup,2,newRoot,SetActive_pair,1,-14.700000000000003,-14.700000000000003,-14.700000000000003,-14.700000000000003,1,-31139.0,-31139.0,-31139,-31139,-14.700000000000003,-24.459234608985025,-31139.0,-24.401692657315255
player01-a923265f,IL2CPP,ac74cac748fd6e6ebd6d35c6cdd90d5b116a231b61a1104ebdec526eee938e26,character,warmup,2,newRoot,buildtotal,1,-11.200000000000003,-11.200000000000003,-11.200000000000003,-11.200000000000003,1,-22952.0,-22952.0,-22952,-22952,-11.200000000000003,-14.10579345088161,-22952.0,-13.710954067825975
player01-a923265f,IL2CPP,ac74cac748fd6e6ebd6d35c6cdd90d5b116a231b61a1104ebdec526eee938e26,character,warmup,2,newRoot,colliders+,1,-2.0999999999999996,-2.0999999999999996,-2.0999999999999996,-2.0999999999999996,1,-4375.0,-4375.0,-4375,-4375,-2.0999999999999996,-13.815789473684204,-4375.0,-13.475636050021556
player01-a923265f,IL2CPP,ac74cac748fd6e6ebd6d35c6cdd90d5b116a231b61a1104ebdec526eee938e26,character,warmup,2,newRoot,colliders-,1,0.5,0.5,0.5,0.5,1,1080.0,1080.0,1080,1080,0.5,6.25,1080.0,6.27578592596898
player01-a923265f,IL2CPP,ac74cac748fd6e6ebd6d35c6cdd90d5b116a231b61a1104ebdec526eee938e26,character,warmup,2,newRoot,colliders_pair,1,-1.5999999999999979,-1.5999999999999979,-1.5999999999999979,-1.5999999999999979,1,-3295.0,-3295.0,-3295,-3295,-1.5999999999999979,-6.896551724137923,-3295.0,-6.63311524911927
player01-a923265f,IL2CPP,ac74cac748fd6e6ebd6d35c6cdd90d5b116a231b61a1104ebdec526eee938e26,character,warmup,2,newRoot,newRoot+,1,-2.8000000000000007,-2.8000000000000007,-2.8000000000000007,-2.8000000000000007,1,-6851.0,-6851.0,-6851,-6851,-2.8000000000000007,-37.83783783783785,-6851.0,-40.29288949008999
player01-a923265f,IL2CPP,ac74cac748fd6e6ebd6d35c6cdd90d5b116a231b61a1104ebdec526eee938e26,character,warmup,2,newRoot,newRoot-,1,0.10000000000000009,0.10000000000000009,0.10000000000000009,0.10000000000000009,1,313.0,313.0,313,313,0.10000000000000009,5.000000000000004,313.0,7.172318973418879
player01-a923265f,IL2CPP,ac74cac748fd6e6ebd6d35c6cdd90d5b116a231b61a1104ebdec526eee938e26,character,warmup,2,newRoot,newRoot_pair,1,-2.7,-2.7,-2.7,-2.7,1,-6538.0,-6538.0,-6538,-6538,-2.7,-28.723404255319153,-6538.0,-30.598586605513177
player01-a923265f,IL2CPP,ac74cac748fd6e6ebd6d35c6cdd90d5b116a231b61a1104ebdec526eee938e26,character,warmup,2,newRoot,objects+,1,-8.099999999999998,-8.099999999999998,-8.099999999999998,-8.099999999999998,1,-16977.0,-16977.0,-16977,-16977,-8.099999999999998,-31.88976377952756,-16977.0,-31.603343323591282
player01-a923265f,IL2CPP,ac74cac748fd6e6ebd6d35c6cdd90d5b116a231b61a1104ebdec526eee938e26,character,warmup,2,newRoot,objects-,1,0.20000000000000018,0.20000000000000018,0.20000000000000018,0.20000000000000018,1,438.0,438.0,438,438,0.20000000000000018,2.7397260273972712,438.0,2.813102119460509
player01-a923265f,IL2CPP,ac74cac748fd6e6ebd6d35c6cdd90d5b116a231b61a1104ebdec526eee938e26,character,warmup,2,newRoot,objects_pair,1,-7.900000000000002,-7.900000000000002,-7.900000000000002,-7.900000000000002,1,-16539.0,-16539.0,-16539,-16539,-7.900000000000002,-24.15902140672783,-16539.0,-23.86958968956111
player01-a923265f,IL2CPP,ac74cac748fd6e6ebd6d35c6cdd90d5b116a231b61a1104ebdec526eee938e26,character,warmup,2,newRoot,publishtotal,1,-22.9,-22.9,-22.9,-22.9,1,-48288.0,-48288.0,-48288,-48288,-22.9,-26.689976689976692,-48288.0,-26.687447150697196
player01-a923265f,IL2CPP,ac74cac748fd6e6ebd6d35c6cdd90d5b116a231b61a1104ebdec526eee938e26,character,warmup,3,newRoot,BuildPublish,1,3.5,3.5,3.5,3.5,1,-3190.0,-3190.0,-3190,-3190,3.5,2.1186440677966045,-3190.0,-0.9157772048986934
player01-a923265f,IL2CPP,ac74cac748fd6e6ebd6d35c6cdd90d5b116a231b61a1104ebdec526eee938e26,character,warmup,3,newRoot,BuildSide+,1,-22.4,-22.4,-22.4,-22.4,1,-46876.0,-46876.0,-46876,-46876,-22.4,-52.95508274231678,-46876.0,-52.87581920521585
player01-a923265f,IL2CPP,ac74cac748fd6e6ebd6d35c6cdd90d5b116a231b61a1104ebdec526eee938e26,character,warmup,3,newRoot,BuildSide-,1,22.6,22.6,22.6,22.6,1,47726.0,47726.0,47726,47726,22.6,141.25,47726.0,141.6159757870686
player01-a923265f,IL2CPP,ac74cac748fd6e6ebd6d35c6cdd90d5b116a231b61a1104ebdec526eee938e26,character,warmup,3,newRoot,BuildSide_pair,1,0.20000000000000284,0.20000000000000284,0.20000000000000284,0.20000000000000284,1,850.0,850.0,850,850,0.20000000000000284,0.34305317324185847,850.0,0.6947055265867919
player01-a923265f,IL2CPP,ac74cac748fd6e6ebd6d35c6cdd90d5b116a231b61a1104ebdec526eee938e26,character,warmup,3,newRoot,SetActive+,1,14.899999999999999,14.899999999999999,14.899999999999999,14.899999999999999,1,31702.0,31702.0,31702,31702,14.899999999999999,43.8235294117647,31702.0,43.978636332107925
player01-a923265f,IL2CPP,ac74cac748fd6e6ebd6d35c6cdd90d5b116a231b61a1104ebdec526eee938e26,character,warmup,3,newRoot,SetActive-,1,-14.200000000000001,-14.200000000000001,-14.200000000000001,-14.200000000000001,1,-30068.0,-30068.0,-30068,-30068,-14.200000000000001,-54.406130268199234,-30068.0,-54.152183701035575
player01-a923265f,IL2CPP,ac74cac748fd6e6ebd6d35c6cdd90d5b116a231b61a1104ebdec526eee938e26,character,warmup,3,newRoot,SetActive_pair,1,0.6999999999999957,0.6999999999999957,0.6999999999999957,0.6999999999999957,1,1634.0,1634.0,1634,1634,0.6999999999999957,1.1647254575707144,1634.0,1.280463913486396
player01-a923265f,IL2CPP,ac74cac748fd6e6ebd6d35c6cdd90d5b116a231b61a1104ebdec526eee938e26,character,warmup,3,newRoot,buildtotal,1,-0.10000000000000853,-0.10000000000000853,-0.10000000000000853,-0.10000000000000853,1,128.0,128.0,128,128,-0.10000000000000853,-0.12594458438288658,128.0,0.07646401710883488
player01-a923265f,IL2CPP,ac74cac748fd6e6ebd6d35c6cdd90d5b116a231b61a1104ebdec526eee938e26,character,warmup,3,newRoot,colliders+,1,-2.8999999999999986,-2.8999999999999986,-2.8999999999999986,-2.8999999999999986,1,-6235.0,-6235.0,-6235,-6235,-2.8999999999999986,-19.07894736842104,-6235.0,-19.204706462145015
player01-a923265f,IL2CPP,ac74cac748fd6e6ebd6d35c6cdd90d5b116a231b61a1104ebdec526eee938e26,character,warmup,3,newRoot,colliders-,1,2.5999999999999996,2.5999999999999996,2.5999999999999996,2.5999999999999996,1,5404.0,5404.0,5404,5404,2.5999999999999996,32.49999999999999,5404.0,31.40217328142252
player01-a923265f,IL2CPP,ac74cac748fd6e6ebd6d35c6cdd90d5b116a231b61a1104ebdec526eee938e26,character,warmup,3,newRoot,colliders_pair,1,-0.3000000000000007,-0.3000000000000007,-0.3000000000000007,-0.3000000000000007,1,-831.0,-831.0,-831,-831,-0.3000000000000007,-1.2931034482758674,-831.0,-1.672873678912934
player01-a923265f,IL2CPP,ac74cac748fd6e6ebd6d35c6cdd90d5b116a231b61a1104ebdec526eee938e26,character,warmup,3,newRoot,newRoot+,1,-5.300000000000001,-5.300000000000001,-5.300000000000001,-5.300000000000001,1,-12367.0,-12367.0,-12367,-12367,-5.300000000000001,-71.62162162162163,-12367.0,-72.73422337234605
player01-a923265f,IL2CPP,ac74cac748fd6e6ebd6d35c6cdd90d5b116a231b61a1104ebdec526eee938e26,character,warmup,3,newRoot,newRoot-,1,9.2,9.2,9.2,9.2,1,19603.0,19603.0,19603,19603,9.2,459.99999999999994,19603.0,449.19798350137484
player01-a923265f,IL2CPP,ac74cac748fd6e6ebd6d35c6cdd90d5b116a231b61a1104ebdec526eee938e26,character,warmup,3,newRoot,newRoot_pair,1,3.9000000000000004,3.9000000000000004,3.9000000000000004,3.9000000000000004,1,7236.0,7236.0,7236,7236,3.9000000000000004,41.48936170212767,7236.0,33.86530631347404
player01-a923265f,IL2CPP,ac74cac748fd6e6ebd6d35c6cdd90d5b116a231b61a1104ebdec526eee938e26,character,warmup,3,newRoot,objects+,1,-18.5,-18.5,-18.5,-18.5,1,-38990.0,-38990.0,-38990,-38990,-18.5,-72.83464566929135,-38990.0,-72.5813957817532
player01-a923265f,IL2CPP,ac74cac748fd6e6ebd6d35c6cdd90d5b116a231b61a1104ebdec526eee938e26,character,warmup,3,newRoot,objects-,1,19.5,19.5,19.5,19.5,1,41112.0,41112.0,41112,41112,19.5,267.1232876712329,41112.0,264.04624277456645
player01-a923265f,IL2CPP,ac74cac748fd6e6ebd6d35c6cdd90d5b116a231b61a1104ebdec526eee938e26,character,warmup,3,newRoot,objects_pair,1,1.0,1.0,1.0,1.0,1,2122.0,2122.0,2122,2122,1.0,3.0581039755351647,2122.0,3.062535178744108
player01-a923265f,IL2CPP,ac74cac748fd6e6ebd6d35c6cdd90d5b116a231b61a1104ebdec526eee938e26,character,warmup,3,newRoot,publishtotal,1,3.6000000000000085,3.6000000000000085,3.6000000000000085,3.6000000000000085,1,-3318.0,-3318.0,-3318,-3318,3.6000000000000085,4.195804195804209,-3318.0,-1.8337671812047152
player10-f0ebe111,IL2CPP,ac74cac748fd6e6ebd6d35c6cdd90d5b116a231b61a1104ebdec526eee938e26,box,measured,0,newRoot,BuildPublish,8,0.0,0.0,0.0,0.0,8,0.0,0.0,0,0,0.0,0.0,0.0,0.0
player10-f0ebe111,IL2CPP,ac74cac748fd6e6ebd6d35c6cdd90d5b116a231b61a1104ebdec526eee938e26,box,measured,0,newRoot,BuildSide+,8,0.0,0.0,0.0,0.0,8,0.0,0.0,0,0,0.0,0.0,0.0,0.0
player10-f0ebe111,IL2CPP,ac74cac748fd6e6ebd6d35c6cdd90d5b116a231b61a1104ebdec526eee938e26,box,measured,0,newRoot,BuildSide-,8,0.0,0.0,0.0,0.0,8,0.0,0.0,0,0,0.0,0.0,0.0,0.0
player10-f0ebe111,IL2CPP,ac74cac748fd6e6ebd6d35c6cdd90d5b116a231b61a1104ebdec526eee938e26,box,measured,0,newRoot,BuildSide_pair,8,0.0,0.0,0.0,0.0,8,0.0,0.0,0,0,0.0,0.0,0.0,0.0
player10-f0ebe111,IL2CPP,ac74cac748fd6e6ebd6d35c6cdd90d5b116a231b61a1104ebdec526eee938e26,box,measured,0,newRoot,SetActive+,8,0.0,0.0,0.0,0.0,8,0.0,0.0,0,0,0.0,0.0,0.0,0.0
player10-f0ebe111,IL2CPP,ac74cac748fd6e6ebd6d35c6cdd90d5b116a231b61a1104ebdec526eee938e26,box,measured,0,newRoot,SetActive-,8,0.0,0.0,0.0,0.0,8,0.0,0.0,0,0,0.0,0.0,0.0,0.0
player10-f0ebe111,IL2CPP,ac74cac748fd6e6ebd6d35c6cdd90d5b116a231b61a1104ebdec526eee938e26,box,measured,0,newRoot,SetActive_pair,8,0.0,0.0,0.0,0.0,8,0.0,0.0,0,0,0.0,0.0,0.0,0.0
player10-f0ebe111,IL2CPP,ac74cac748fd6e6ebd6d35c6cdd90d5b116a231b61a1104ebdec526eee938e26,box,measured,0,newRoot,buildtotal,8,0.0,0.0,0.0,0.0,8,0.0,0.0,0,0,0.0,0.0,0.0,0.0
player10-f0ebe111,IL2CPP,ac74cac748fd6e6ebd6d35c6cdd90d5b116a231b61a1104ebdec526eee938e26,box,measured,0,newRoot,colliders+,8,0.0,0.0,0.0,0.0,8,0.0,0.0,0,0,0.0,0.0,0.0,0.0
player10-f0ebe111,IL2CPP,ac74cac748fd6e6ebd6d35c6cdd90d5b116a231b61a1104ebdec526eee938e26,box,measured,0,newRoot,colliders-,8,0.0,0.0,0.0,0.0,8,0.0,0.0,0,0,0.0,0.0,0.0,0.0
player10-f0ebe111,IL2CPP,ac74cac748fd6e6ebd6d35c6cdd90d5b116a231b61a1104ebdec526eee938e26,box,measured,0,newRoot,colliders_pair,8,0.0,0.0,0.0,0.0,8,0.0,0.0,0,0,0.0,0.0,0.0,0.0
player10-f0ebe111,IL2CPP,ac74cac748fd6e6ebd6d35c6cdd90d5b116a231b61a1104ebdec526eee938e26,box,measured,0,newRoot,newRoot+,8,0.0,0.0,0.0,0.0,8,0.0,0.0,0,0,0.0,0.0,0.0,0.0
player10-f0ebe111,IL2CPP,ac74cac748fd6e6ebd6d35c6cdd90d5b116a231b61a1104ebdec526eee938e26,box,measured,0,newRoot,newRoot-,8,0.0,0.0,0.0,0.0,8,0.0,0.0,0,0,0.0,0.0,0.0,0.0
player10-f0ebe111,IL2CPP,ac74cac748fd6e6ebd6d35c6cdd90d5b116a231b61a1104ebdec526eee938e26,box,measured,0,newRoot,newRoot_pair,8,0.0,0.0,0.0,0.0,8,0.0,0.0,0,0,0.0,0.0,0.0,0.0
player10-f0ebe111,IL2CPP,ac74cac748fd6e6ebd6d35c6cdd90d5b116a231b61a1104ebdec526eee938e26,box,measured,0,newRoot,objects+,8,0.0,0.0,0.0,0.0,8,0.0,0.0,0,0,0.0,0.0,0.0,0.0
player10-f0ebe111,IL2CPP,ac74cac748fd6e6ebd6d35c6cdd90d5b116a231b61a1104ebdec526eee938e26,box,measured,0,newRoot,objects-,8,0.0,0.0,0.0,0.0,8,0.0,0.0,0,0,0.0,0.0,0.0,0.0
player10-f0ebe111,IL2CPP,ac74cac748fd6e6ebd6d35c6cdd90d5b116a231b61a1104ebdec526eee938e26,box,measured,0,newRoot,objects_pair,8,0.0,0.0,0.0,0.0,8,0.0,0.0,0,0,0.0,0.0,0.0,0.0
player10-f0ebe111,IL2CPP,ac74cac748fd6e6ebd6d35c6cdd90d5b116a231b61a1104ebdec526eee938e26,box,measured,0,newRoot,publishtotal,8,0.0,0.0,0.0,0.0,8,0.0,0.0,0,0,0.0,0.0,0.0,0.0
player10-f0ebe111,IL2CPP,ac74cac748fd6e6ebd6d35c6cdd90d5b116a231b61a1104ebdec526eee938e26,box,measured,1,newRoot,BuildPublish,8,3.8999999999999986,58.96499999999997,-5.299999999999997,79.3,8,7929.0,91213.59999999996,-11684,115666,7.750000000000014,9.816339455351496,12521.5,7.498196037570315
player10-f0ebe111,IL2CPP,ac74cac748fd6e6ebd6d35c6cdd90d5b116a231b61a1104ebdec526eee938e26,box,measured,1,newRoot,BuildSide+,8,-10.200000000000001,-8.34,-12.6,-7.499999999999998,8,-21422.0,-17575.300000000003,-26831,-15882,-10.100000000000001,-51.7948717948718,-21119.0,-51.55628249884041
player10-f0ebe111,IL2CPP,ac74cac748fd6e6ebd6d35c6cdd90d5b116a231b61a1104ebdec526eee938e26,box,measured,1,newRoot,BuildSide-,8,11.400000000000002,15.755,9.000000000000002,16.700000000000003,8,24030.0,33284.549999999996,19115,35310,11.55,128.33333333333331,24256.0,127.83472555271547
player10-f0ebe111,IL2CPP,ac74cac748fd6e6ebd6d35c6cdd90d5b116a231b61a1104ebdec526eee938e26,box,measured,1,newRoot,BuildSide_pair,8,1.7500000000000018,4.1000000000000005,-1.1999999999999993,4.100000000000001,8,3776.5,8689.6,-2428,8803,1.9499999999999993,6.8783068783068835,4276.0,7.184019085700855
player10-f0ebe111,IL2CPP,ac74cac748fd6e6ebd6d35c6cdd90d5b116a231b61a1104ebdec526eee938e26,box,measured,1,newRoot,SetActive+,8,0.0,30.654999999999983,-2.5,43.5,8,-160.5,43805.64999999997,-5406,61985,0.5500000000000007,4.044117647058831,1096.5,3.7758914581862646
player10-f0ebe111,IL2CPP,ac74cac748fd6e6ebd6d35c6cdd90d5b116a231b61a1104ebdec526eee938e26,box,measured,1,newRoot,SetActive-,8,0.5500000000000007,1.489999999999999,-0.3000000000000007,1.6999999999999993,8,1211.0,3418.199999999999,-914,3981,0.5500000000000007,6.043956043956045,1068.5,5.452504273722347
player10-f0ebe111,IL2CPP,ac74cac748fd6e6ebd6d35c6cdd90d5b116a231b61a1104ebdec526eee938e26,box,measured,1,newRoot,SetActive_pair,8,0.0,32.03999999999998,-2.0,45.199999999999996,8,-216.0,47223.84999999997,-4308,65966,1.8500000000000014,8.167770419426045,3401.0,6.9986624138285825
player10-f0ebe111,IL2CPP,ac74cac748fd6e6ebd6d35c6cdd90d5b116a231b61a1104ebdec526eee938e26,box,measured,1,newRoot,buildtotal,8,3.1000000000000014,7.250000000000001,-2.799999999999997,7.600000000000001,8,6357.5,16130.099999999999,-6448,17101,2.1499999999999986,4.847801578354005,4142.0,4.3982882567190185
player10-f0ebe111,IL2CPP,ac74cac748fd6e6ebd6d35c6cdd90d5b116a231b61a1104ebdec526eee938e26,box,measured,1,newRoot,colliders+,8,-0.8,-0.5,-1.4,-0.5,8,-1805.0,-1010.4000000000001,-2949,-974,-0.8500000000000001,-45.94594594594595,-1785.5,-43.00855112609901
player10-f0ebe111,IL2CPP,ac74cac748fd6e6ebd6d35c6cdd90d5b116a231b61a1104ebdec526eee938e26,box,measured,1,newRoot,colliders-,8,1.1,1.5599999999999998,0.7999999999999999,1.7,8,2309.5,3306.3999999999996,1862,3592,1.1,122.22222222222223,2388.0,113.90412592415933
player10-f0ebe111,IL2CPP,ac74cac748fd6e6ebd6d35c6cdd90d5b116a231b61a1104ebdec526eee938e26,box,measured,1,newRoot,colliders_pair,8,0.30000000000000004,0.6299999999999997,0.0,0.6999999999999997,8,635.0,1291.1499999999999,108,1309,0.40000000000000036,14.54545454545455,826.5,12.91204499296985
player10-f0ebe111,IL2CPP,ac74cac748fd6e6ebd6d35c6cdd90d5b116a231b61a1104ebdec526eee938e26,box,measured,1,newRoot,newRoot+,8,-2.3000000000000003,-1.5400000000000005,-2.7,-1.4000000000000004,8,-5001.5,-3378.5000000000005,-5781,-3074,-2.0500000000000003,-46.59090909090909,-4455.5,-45.83847736625515
player10-f0ebe111,IL2CPP,ac74cac748fd6e6ebd6d35c6cdd90d5b116a231b61a1104ebdec526eee938e26,box,measured,1,newRoot,newRoot-,8,2.9499999999999997,4.889999999999999,1.8999999999999995,5.800000000000001,8,6463.0,10502.799999999997,4248,12404,2.849999999999999,135.71428571428567,6430.0,137.23188560452462
player10-f0ebe111,IL2CPP,ac74cac748fd6e6ebd6d35c6cdd90d5b116a231b61a1104ebdec526eee938e26,box,measured,1,newRoot,newRoot_pair,8,0.5,2.8299999999999987,-0.5,3.5999999999999996,8,1285.0,6042.949999999997,-823,7682,0.7999999999999989,11.76470588235292,1702.5,11.35416319317082
player10-f0ebe111,IL2CPP,ac74cac748fd6e6ebd6d35c6cdd90d5b116a231b61a1104ebdec526eee938e26,box,measured,1,newRoot,objects+,8,-8.9,-7.0200000000000005,-10.7,-6.6,8,-18751.5,-14934.45,-22588,-14029,-8.600000000000003,-53.08641975308643,-18222.5,-52.993951026580575
player10-f0ebe111,IL2CPP,ac74cac748fd6e6ebd6d35c6cdd90d5b116a231b61a1104ebdec526eee938e26,box,measured,1,newRoot,objects-,8,9.8,13.389999999999997,7.6,14.299999999999999,8,20757.5,28273.549999999996,15862,30264,9.8,131.5436241610738,20582.5,128.9589925127659
player10-f0ebe111,IL2CPP,ac74cac748fd6e6ebd6d35c6cdd90d5b116a231b61a1104ebdec526eee938e26,box,measured,1,newRoot,objects_pair,8,1.6499999999999986,3.7949999999999995,-1.3999999999999986,3.8999999999999986,8,3396.0,7861.25,-3128,7961,1.4500000000000028,6.131078224101483,3142.5,6.24354287530795
player10-f0ebe111,IL2CPP,ac74cac748fd6e6ebd6d35c6cdd90d5b116a231b61a1104ebdec526eee938e26,box,measured,1,newRoot,publishtotal,8,0.8500000000000014,52.01499999999996,-2.5,72.69999999999999,8,1831.5,75915.69999999995,-5236,101339,3.1500000000000057,8.860759493670912,6216.0,8.289768483943249
player10-f0ebe111,IL2CPP,ac74cac748fd6e6ebd6d35c6cdd90d5b116a231b61a1104ebdec526eee938e26,box,measured,2,newRoot,BuildPublish,8,1.0,6.609999999999995,-4.299999999999997,8.5,8,1603.0,13630.799999999994,-9539,17422,1.6000000000000085,2.0265991133628924,3382.0,2.0252285268588244
player10-f0ebe111,IL2CPP,ac74cac748fd6e6ebd6d35c6cdd90d5b116a231b61a1104ebdec526eee938e26,box,measured,2,newRoot,BuildSide+,8,0.45000000000000107,3.1750000000000003,-0.5,4.400000000000002,8,1143.5,6710.699999999996,-1085,9314,0.3999999999999986,2.051282051282044,954.5,2.3301516002245837
player10-f0ebe111,IL2CPP,ac74cac748fd6e6ebd6d35c6cdd90d5b116a231b61a1104ebdec526eee938e26,box,measured,2,newRoot,BuildSide-,8,0.10000000000000053,2.7849999999999975,-1.0999999999999996,3.799999999999999,8,213.0,5846.099999999997,-2252,7937,-0.1999999999999993,-2.2222222222222143,-428.0,-2.2556589106432323
player10-f0ebe111,IL2CPP,ac74cac748fd6e6ebd6d35c6cdd90d5b116a231b61a1104ebdec526eee938e26,box,measured,2,newRoot,BuildSide_pair,8,0.6500000000000004,4.5950000000000015,-1.0,4.700000000000003,8,1351.0,9448.1,-2143,9460,0.7999999999999972,2.821869488536155,1754.5,2.9476991313990064
player10-f0ebe111,IL2CPP,ac74cac748fd6e6ebd6d35c6cdd90d5b116a231b61a1104ebdec526eee938e26,box,measured,2,newRoot,SetActive+,8,5.55,6.665,2.099999999999998,6.699999999999999,8,11675.0,13939.25,4620,14053,5.35,39.33823529411764,11352.0,39.09158215534014
player10-f0ebe111,IL2CPP,ac74cac748fd6e6ebd6d35c6cdd90d5b116a231b61a1104ebdec526eee938e26,box,measured,2,newRoot,SetActive-,8,-5.95,-5.67,-7.6,-5.6,8,-12693.0,-12066.5,-16184,-11839,-6.0,-65.93406593406593,-12785.5,-65.24379353455973
player10-f0ebe111,IL2CPP,ac74cac748fd6e6ebd6d35c6cdd90d5b116a231b61a1104ebdec526eee938e26,box,measured,2,newRoot,SetActive_pair,8,-0.5,0.6299999999999994,-5.5,0.6999999999999993,8,-1269.0,1061.6499999999999,-11564,1125,-0.5499999999999972,-2.428256070640167,-1332.5,-2.7420516514044646
player10-f0ebe111,IL2CPP,ac74cac748fd6e6ebd6d35c6cdd90d5b116a231b61a1104ebdec526eee938e26,box,measured,2,newRoot,buildtotal,8,0.9499999999999993,6.375,-1.6999999999999957,7.600000000000001,8,1896.0,13460.249999999996,-3002,15793,0.9499999999999957,2.1420518602029315,2129.0,2.260732906459384
player10-f0ebe111,IL2CPP,ac74cac748fd6e6ebd6d35c6cdd90d5b116a231b61a1104ebdec526eee938e26,box,measured,2,newRoot,colliders+,8,0.15000000000000002,0.5249999999999997,0.0,0.7,8,358.5,1101.3999999999996,-157,1422,0.1499999999999999,8.108108108108091,325.0,7.828495724436957
player10-f0ebe111,IL2CPP,ac74cac748fd6e6ebd6d35c6cdd90d5b116a231b61a1104ebdec526eee938e26,box,measured,2,newRoot,colliders-,8,0.0,0.5899999999999996,-0.09999999999999998,0.8,8,112.0,1080.8499999999995,-179,1532,0.0,0.0,134.5,6.415454328642967
player10-f0ebe111,IL2CPP,ac74cac748fd6e6ebd6d35c6cdd90d5b116a231b61a1104ebdec526eee938e26,box,measured,2,newRoot,colliders_pair,8,0.19999999999999973,0.8599999999999995,-0.10000000000000009,0.9999999999999996,8,381.5,1759.7499999999995,24,2038,0.1499999999999999,5.454545454545445,291.0,4.546164661771601
player10-f0ebe111,IL2CPP,ac74cac748fd6e6ebd6d35c6cdd90d5b116a231b61a1104ebdec526eee938e26,box,measured,2,newRoot,newRoot+,8,0.49999999999999956,1.3549999999999995,-0.6000000000000005,1.5999999999999996,8,999.0,2801.9499999999994,-1287,3314,0.5499999999999989,12.499999999999979,1040.5,10.704732510288073
player10-f0ebe111,IL2CPP,ac74cac748fd6e6ebd6d35c6cdd90d5b116a231b61a1104ebdec526eee938e26,box,measured,2,newRoot,newRoot-,8,0.10000000000000009,0.3949999999999999,-0.6000000000000001,0.5,8,133.5,848.9999999999998,-1017,1017,0.10000000000000009,4.761904761904767,164.0,3.50016006829581
player10-f0ebe111,IL2CPP,ac74cac748fd6e6ebd6d35c6cdd90d5b116a231b61a1104ebdec526eee938e26,box,measured,2,newRoot,newRoot_pair,8,0.5,1.4000000000000004,-0.39999999999999947,1.4000000000000004,8,1056.5,2918.7,-779,2946,0.34999999999999964,5.147058823529416,651.0,4.341591917036247
player10-f0ebe111,IL2CPP,ac74cac748fd6e6ebd6d35c6cdd90d5b116a231b61a1104ebdec526eee938e26,box,measured,2,newRoot,objects+,8,0.5499999999999989,2.6849999999999996,-0.3999999999999986,3.700000000000001,8,1310.0,5881.349999999997,-743,8023,0.44999999999999574,2.7777777777777457,999.0,2.9052521374978157
player10-f0ebe111,IL2CPP,ac74cac748fd6e6ebd6d35c6cdd90d5b116a231b61a1104ebdec526eee938e26,box,measured,2,newRoot,objects-,8,0.20000000000000018,2.1999999999999993,-1.0999999999999996,2.9000000000000004,8,340.0,4687.349999999998,-2444,6185,-0.20000000000000018,-2.684563758389269,-477.0,-2.988628175809027
player10-f0ebe111,IL2CPP,ac74cac748fd6e6ebd6d35c6cdd90d5b116a231b61a1104ebdec526eee938e26,box,measured,2,newRoot,objects_pair,8,1.0,3.689999999999999,-1.3999999999999986,3.8999999999999986,8,2163.0,7943.599999999999,-2795,8281,0.6000000000000014,2.5369978858351017,1366.0,2.713979178256376
player10-f0ebe111,IL2CPP,ac74cac748fd6e6ebd6d35c6cdd90d5b116a231b61a1104ebdec526eee938e26,box,measured,2,newRoot,publishtotal,8,-0.6500000000000021,2.0599999999999987,-5.199999999999996,2.1999999999999957,8,-1373.0,4176.099999999999,-11248,4454,-0.5499999999999972,-1.5471167369901506,-1306.5,-1.742371705963941
player10-f0ebe111,IL2CPP,ac74cac748fd6e6ebd6d35c6cdd90d5b116a231b61a1104ebdec526eee938e26,box,measured,3,newRoot,BuildPublish,8,-1.6000000000000014,16.184999999999985,-4.700000000000003,20.69999999999999,8,-2433.5,34729.39999999999,-10095,44318,2.8500000000000085,3.6098796706776515,6823.5,4.086087183034071
player10-f0ebe111,IL2CPP,ac74cac748fd6e6ebd6d35c6cdd90d5b116a231b61a1104ebdec526eee938e26,box,measured,3,newRoot,BuildSide+,8,-10.65,-8.639999999999999,-12.8,-8.499999999999998,8,-22425.5,-18067.3,-27127,-17816,-10.7,-54.87179487179487,-22431.0,-54.75917291214023
player10-f0ebe111,IL2CPP,ac74cac748fd6e6ebd6d35c6cdd90d5b116a231b61a1104ebdec526eee938e26,box,measured,3,newRoot,BuildSide-,8,11.05,15.739999999999998,9.200000000000001,17.0,8,23281.0,33169.74999999999,19418,35919,10.75,119.44444444444446,22581.5,119.00972357637882
player10-f0ebe111,IL2CPP,ac74cac748fd6e6ebd6d35c6cdd90d5b116a231b61a1104ebdec526eee938e26,box,measured,3,newRoot,BuildSide_pair,8,-0.1999999999999993,6.259999999999997,-1.5,8.5,8,-218.5,13339.849999999993,-3381,18103,0.3999999999999986,1.4109347442680775,1043.0,1.7523227096319038
player10-f0ebe111,IL2CPP,ac74cac748fd6e6ebd6d35c6cdd90d5b116a231b61a1104ebdec526eee938e26,box,measured,3,newRoot,SetActive+,8,5.749999999999999,8.655000000000001,3.5,8.900000000000002,8,12155.5,18494.5,7419,19002,5.85,43.01470588235294,12350.0,42.528280445599954
player10-f0ebe111,IL2CPP,ac74cac748fd6e6ebd6d35c6cdd90d5b116a231b61a1104ebdec526eee938e26,box,measured,3,newRoot,SetActive-,8,-6.0,-5.21,-7.3999999999999995,-4.999999999999999,8,-12794.0,-11049.2,-15702,-10625,-5.8999999999999995,-64.83516483516483,-12617.0,-64.38394611282628
player10-f0ebe111,IL2CPP,ac74cac748fd6e6ebd6d35c6cdd90d5b116a231b61a1104ebdec526eee938e26,box,measured,3,newRoot,SetActive_pair,8,-0.6499999999999986,3.094999999999999,-2.700000000000003,3.1999999999999993,8,-1390.5,6690.4,-5512,6927,0.0,0.0,-241.5,-0.49696470830332684
player10-f0ebe111,IL2CPP,ac74cac748fd6e6ebd6d35c6cdd90d5b116a231b61a1104ebdec526eee938e26,box,measured,3,newRoot,buildtotal,8,-0.05000000000000071,9.639999999999997,-3.5,11.600000000000001,8,851.0,20871.549999999992,-7275,25249,1.1499999999999986,2.5930101465614364,2282.5,2.4237307933271834
player10-f0ebe111,IL2CPP,ac74cac748fd6e6ebd6d35c6cdd90d5b116a231b61a1104ebdec526eee938e26,box,measured,3,newRoot,colliders+,8,-0.8999999999999999,-0.7999999999999999,-1.2999999999999998,-0.7999999999999999,8,-1864.0,-1690.8,-2790,-1688,-0.8500000000000001,-45.94594594594595,-1811.0,-43.622786944477895
player10-f0ebe111,IL2CPP,ac74cac748fd6e6ebd6d35c6cdd90d5b116a231b61a1104ebdec526eee938e26,box,measured,3,newRoot,colliders-,8,1.05,1.73,0.9,1.8000000000000003,8,2109.0,3745.2499999999995,1882,3999,1.0500000000000003,116.6666666666667,2269.5,108.25184831862629
player10-f0ebe111,IL2CPP,ac74cac748fd6e6ebd6d35c6cdd90d5b116a231b61a1104ebdec526eee938e26,box,measured,3,newRoot,colliders_pair,8,0.1499999999999999,0.8649999999999998,-0.30000000000000027,0.8999999999999999,8,225.0,2033.8499999999995,-790,2303,0.1499999999999999,5.454545454545445,272.5,4.257147320731125
player10-f0ebe111,IL2CPP,ac74cac748fd6e6ebd6d35c6cdd90d5b116a231b61a1104ebdec526eee938e26,box,measured,3,newRoot,newRoot+,8,-2.25,-2.0,-3.2,-2.0,8,-4924.5,-4176.9,-6890,-4151,-2.3000000000000003,-52.27272727272727,-5064.0,-52.09876543209877
player10-f0ebe111,IL2CPP,ac74cac748fd6e6ebd6d35c6cdd90d5b116a231b61a1104ebdec526eee938e26,box,measured,3,newRoot,newRoot-,8,2.25,4.629999999999999,1.5999999999999996,5.4,8,4977.5,9913.549999999997,3895,11435,2.3000000000000003,109.52380952380953,5056.5,107.91804503254721
player10-f0ebe111,IL2CPP,ac74cac748fd6e6ebd6d35c6cdd90d5b116a231b61a1104ebdec526eee938e26,box,measured,3,newRoot,newRoot_pair,8,0.04999999999999982,2.279999999999998,-0.5,3.3999999999999995,8,250.5,5155.2999999999965,-880,7284,0.09999999999999964,1.4705882352941124,294.5,1.9640534862783054
player10-f0ebe111,IL2CPP,ac74cac748fd6e6ebd6d35c6cdd90d5b116a231b61a1104ebdec526eee938e26,box,measured,3,newRoot,objects+,8,-9.05,-7.24,-11.0,-7.1,8,-19035.5,-15425.25,-23030,-15217,-9.000000000000004,-55.55555555555557,-18992.5,-55.233234455883206
player10-f0ebe111,IL2CPP,ac74cac748fd6e6ebd6d35c6cdd90d5b116a231b61a1104ebdec526eee938e26,box,measured,3,newRoot,objects-,8,9.5,13.419999999999998,7.199999999999999,14.4,8,19870.5,28545.699999999997,15148,30715,9.2,123.489932885906,19265.0,120.70423858901664
player10-f0ebe111,IL2CPP,ac74cac748fd6e6ebd6d35c6cdd90d5b116a231b61a1104ebdec526eee938e26,box,measured,3,newRoot,objects_pair,8,-0.05000000000000071,5.409999999999995,-1.5999999999999979,7.299999999999997,8,-162.0,11531.449999999993,-3262,15498,0.45000000000000284,1.902748414376343,854.5,1.6977270921084031
player10-f0ebe111,IL2CPP,ac74cac748fd6e6ebd6d35c6cdd90d5b116a231b61a1104ebdec526eee938e26,box,measured,3,newRoot,publishtotal,8,-0.6999999999999993,7.91,-2.5,9.100000000000001,8,-1596.0,16685.85,-5343,19069,-0.14999999999999147,-0.42194092827001484,-353.5,-0.4714339058999206
player10-f0ebe111,IL2CPP,ac74cac748fd6e6ebd6d35c6cdd90d5b116a231b61a1104ebdec526eee938e26,box,warmup,0,newRoot,BuildPublish,1,0.0,0.0,0.0,0.0,1,0.0,0.0,0,0,0.0,0.0,0.0,0.0
player10-f0ebe111,IL2CPP,ac74cac748fd6e6ebd6d35c6cdd90d5b116a231b61a1104ebdec526eee938e26,box,warmup,0,newRoot,BuildSide+,1,0.0,0.0,0.0,0.0,1,0.0,0.0,0,0,0.0,0.0,0.0,0.0
player10-f0ebe111,IL2CPP,ac74cac748fd6e6ebd6d35c6cdd90d5b116a231b61a1104ebdec526eee938e26,box,warmup,0,newRoot,BuildSide-,1,0.0,0.0,0.0,0.0,1,0.0,0.0,0,0,0.0,0.0,0.0,0.0
player10-f0ebe111,IL2CPP,ac74cac748fd6e6ebd6d35c6cdd90d5b116a231b61a1104ebdec526eee938e26,box,warmup,0,newRoot,BuildSide_pair,1,0.0,0.0,0.0,0.0,1,0.0,0.0,0,0,0.0,0.0,0.0,0.0
player10-f0ebe111,IL2CPP,ac74cac748fd6e6ebd6d35c6cdd90d5b116a231b61a1104ebdec526eee938e26,box,warmup,0,newRoot,SetActive+,1,0.0,0.0,0.0,0.0,1,0.0,0.0,0,0,0.0,0.0,0.0,0.0
player10-f0ebe111,IL2CPP,ac74cac748fd6e6ebd6d35c6cdd90d5b116a231b61a1104ebdec526eee938e26,box,warmup,0,newRoot,SetActive-,1,0.0,0.0,0.0,0.0,1,0.0,0.0,0,0,0.0,0.0,0.0,0.0
player10-f0ebe111,IL2CPP,ac74cac748fd6e6ebd6d35c6cdd90d5b116a231b61a1104ebdec526eee938e26,box,warmup,0,newRoot,SetActive_pair,1,0.0,0.0,0.0,0.0,1,0.0,0.0,0,0,0.0,0.0,0.0,0.0
player10-f0ebe111,IL2CPP,ac74cac748fd6e6ebd6d35c6cdd90d5b116a231b61a1104ebdec526eee938e26,box,warmup,0,newRoot,buildtotal,1,0.0,0.0,0.0,0.0,1,0.0,0.0,0,0,0.0,0.0,0.0,0.0
player10-f0ebe111,IL2CPP,ac74cac748fd6e6ebd6d35c6cdd90d5b116a231b61a1104ebdec526eee938e26,box,warmup,0,newRoot,colliders+,1,0.0,0.0,0.0,0.0,1,0.0,0.0,0,0,0.0,0.0,0.0,0.0
player10-f0ebe111,IL2CPP,ac74cac748fd6e6ebd6d35c6cdd90d5b116a231b61a1104ebdec526eee938e26,box,warmup,0,newRoot,colliders-,1,0.0,0.0,0.0,0.0,1,0.0,0.0,0,0,0.0,0.0,0.0,0.0
player10-f0ebe111,IL2CPP,ac74cac748fd6e6ebd6d35c6cdd90d5b116a231b61a1104ebdec526eee938e26,box,warmup,0,newRoot,colliders_pair,1,0.0,0.0,0.0,0.0,1,0.0,0.0,0,0,0.0,0.0,0.0,0.0
player10-f0ebe111,IL2CPP,ac74cac748fd6e6ebd6d35c6cdd90d5b116a231b61a1104ebdec526eee938e26,box,warmup,0,newRoot,newRoot+,1,0.0,0.0,0.0,0.0,1,0.0,0.0,0,0,0.0,0.0,0.0,0.0
player10-f0ebe111,IL2CPP,ac74cac748fd6e6ebd6d35c6cdd90d5b116a231b61a1104ebdec526eee938e26,box,warmup,0,newRoot,newRoot-,1,0.0,0.0,0.0,0.0,1,0.0,0.0,0,0,0.0,0.0,0.0,0.0
player10-f0ebe111,IL2CPP,ac74cac748fd6e6ebd6d35c6cdd90d5b116a231b61a1104ebdec526eee938e26,box,warmup,0,newRoot,newRoot_pair,1,0.0,0.0,0.0,0.0,1,0.0,0.0,0,0,0.0,0.0,0.0,0.0
player10-f0ebe111,IL2CPP,ac74cac748fd6e6ebd6d35c6cdd90d5b116a231b61a1104ebdec526eee938e26,box,warmup,0,newRoot,objects+,1,0.0,0.0,0.0,0.0,1,0.0,0.0,0,0,0.0,0.0,0.0,0.0
player10-f0ebe111,IL2CPP,ac74cac748fd6e6ebd6d35c6cdd90d5b116a231b61a1104ebdec526eee938e26,box,warmup,0,newRoot,objects-,1,0.0,0.0,0.0,0.0,1,0.0,0.0,0,0,0.0,0.0,0.0,0.0
player10-f0ebe111,IL2CPP,ac74cac748fd6e6ebd6d35c6cdd90d5b116a231b61a1104ebdec526eee938e26,box,warmup,0,newRoot,objects_pair,1,0.0,0.0,0.0,0.0,1,0.0,0.0,0,0,0.0,0.0,0.0,0.0
player10-f0ebe111,IL2CPP,ac74cac748fd6e6ebd6d35c6cdd90d5b116a231b61a1104ebdec526eee938e26,box,warmup,0,newRoot,publishtotal,1,0.0,0.0,0.0,0.0,1,0.0,0.0,0,0,0.0,0.0,0.0,0.0
player10-f0ebe111,IL2CPP,ac74cac748fd6e6ebd6d35c6cdd90d5b116a231b61a1104ebdec526eee938e26,box,warmup,1,newRoot,BuildPublish,1,2.0,2.0,2.0,2.0,1,3852.0,3852.0,3852,3852,2.0,2.447980416156681,3852.0,2.2273234533921604
player10-f0ebe111,IL2CPP,ac74cac748fd6e6ebd6d35c6cdd90d5b116a231b61a1104ebdec526eee938e26,box,warmup,1,newRoot,BuildSide+,1,-9.100000000000001,-9.100000000000001,-9.100000000000001,-9.100000000000001,1,-19126.0,-19126.0,-19126,-19126,-9.100000000000001,-49.726775956284165,-19126.0,-49.81507527217794
player10-f0ebe111,IL2CPP,ac74cac748fd6e6ebd6d35c6cdd90d5b116a231b61a1104ebdec526eee938e26,box,warmup,1,newRoot,BuildSide-,1,11.1,11.1,11.1,11.1,1,23254.0,23254.0,23254,23254,11.1,118.08510638297874,23254.0,117.5216050942538
player10-f0ebe111,IL2CPP,ac74cac748fd6e6ebd6d35c6cdd90d5b116a231b61a1104ebdec526eee938e26,box,warmup,1,newRoot,BuildSide_pair,1,2.0,2.0,2.0,2.0,1,4128.0,4128.0,4128,4128,2.0,7.2202166064981865,4128.0,7.095099774840574
player10-f0ebe111,IL2CPP,ac74cac748fd6e6ebd6d35c6cdd90d5b116a231b61a1104ebdec526eee938e26,box,warmup,1,newRoot,SetActive+,1,-0.3000000000000007,-0.3000000000000007,-0.3000000000000007,-0.3000000000000007,1,-781.0,-781.0,-781,-781,-0.3000000000000007,-2.2222222222222254,-781.0,-2.709923664122138
player10-f0ebe111,IL2CPP,ac74cac748fd6e6ebd6d35c6cdd90d5b116a231b61a1104ebdec526eee938e26,box,warmup,1,newRoot,SetActive-,1,1.0999999999999996,1.0999999999999996,1.0999999999999996,1.0999999999999996,1,2226.0,2226.0,2226,2226,1.0999999999999996,12.790697674418606,2226.0,12.000646935144754
player10-f0ebe111,IL2CPP,ac74cac748fd6e6ebd6d35c6cdd90d5b116a231b61a1104ebdec526eee938e26,box,warmup,1,newRoot,SetActive_pair,1,0.7999999999999972,0.7999999999999972,0.7999999999999972,0.7999999999999972,1,1445.0,1445.0,1445,1445,0.7999999999999972,3.6199095022624306,1445.0,3.0505182714433587
player10-f0ebe111,IL2CPP,ac74cac748fd6e6ebd6d35c6cdd90d5b116a231b61a1104ebdec526eee938e26,box,warmup,1,newRoot,buildtotal,1,3.299999999999997,3.299999999999997,3.299999999999997,3.299999999999997,1,6573.0,6573.0,6573,6573,3.299999999999997,7.399103139013441,6573.0,6.934422078744151
player10-f0ebe111,IL2CPP,ac74cac748fd6e6ebd6d35c6cdd90d5b116a231b61a1104ebdec526eee938e26,box,warmup,1,newRoot,colliders+,1,-0.5,-0.5,-0.5,-0.5,1,-1024.0,-1024.0,-1024,-1024,-0.5,-27.77777777777778,-1024.0,-25.110348209906817
player10-f0ebe111,IL2CPP,ac74cac748fd6e6ebd6d35c6cdd90d5b116a231b61a1104ebdec526eee938e26,box,warmup,1,newRoot,colliders-,1,1.0,1.0,1.0,1.0,1,2065.0,2065.0,2065,2065,1.0,100.0,2065.0,85.89850249584026
player10-f0ebe111,IL2CPP,ac74cac748fd6e6ebd6d35c6cdd90d5b116a231b61a1104ebdec526eee938e26,box,warmup,1,newRoot,colliders_pair,1,0.5,0.5,0.5,0.5,1,1041.0,1041.0,1041,1041,0.5,17.85714285714286,1041.0,16.05985806849737
player10-f0ebe111,IL2CPP,ac74cac748fd6e6ebd6d35c6cdd90d5b116a231b61a1104ebdec526eee938e26,box,warmup,1,newRoot,newRoot+,1,-2.1,-2.1,-2.1,-2.1,1,-4386.0,-4386.0,-4386,-4386,-2.1,-50.0,-4386.0,-48.081561061170795
player10-f0ebe111,IL2CPP,ac74cac748fd6e6ebd6d35c6cdd90d5b116a231b61a1104ebdec526eee938e26,box,warmup,1,newRoot,newRoot-,1,2.6999999999999997,2.6999999999999997,2.6999999999999997,2.6999999999999997,1,5820.0,5820.0,5820,5820,2.6999999999999997,103.84615384615384,5820.0,103.00884955752214
player10-f0ebe111,IL2CPP,ac74cac748fd6e6ebd6d35c6cdd90d5b116a231b61a1104ebdec526eee938e26,box,warmup,1,newRoot,newRoot_pair,1,0.6000000000000005,0.6000000000000005,0.6000000000000005,0.6000000000000005,1,1434.0,1434.0,1434,1434,0.6000000000000005,8.823529411764719,1434.0,9.707554833468723
player10-f0ebe111,IL2CPP,ac74cac748fd6e6ebd6d35c6cdd90d5b116a231b61a1104ebdec526eee938e26,box,warmup,1,newRoot,objects+,1,-7.999999999999999,-7.999999999999999,-7.999999999999999,-7.999999999999999,1,-17011.0,-17011.0,-17011,-17011,-7.999999999999999,-52.63157894736842,-17011.0,-52.558240128529945
player10-f0ebe111,IL2CPP,ac74cac748fd6e6ebd6d35c6cdd90d5b116a231b61a1104ebdec526eee938e26,box,warmup,1,newRoot,objects-,1,9.399999999999999,9.399999999999999,9.399999999999999,9.399999999999999,1,19932.0,19932.0,19932,19932,9.399999999999999,120.51282051282053,19932.0,120.43504531722053
player10-f0ebe111,IL2CPP,ac74cac748fd6e6ebd6d35c6cdd90d5b116a231b61a1104ebdec526eee938e26,box,warmup,1,newRoot,objects_pair,1,1.3999999999999986,1.3999999999999986,1.3999999999999986,1.3999999999999986,1,2921.0,2921.0,2921,2921,1.3999999999999986,6.0869565217391175,2921.0,5.971461280562607
player10-f0ebe111,IL2CPP,ac74cac748fd6e6ebd6d35c6cdd90d5b116a231b61a1104ebdec526eee938e26,box,warmup,1,newRoot,publishtotal,1,-1.3000000000000043,-1.3000000000000043,-1.3000000000000043,-1.3000000000000043,1,-2721.0,-2721.0,-2721,-2721,-1.3000000000000043,-3.504043126684653,-2721.0,-3.4815430874544195
player10-f0ebe111,IL2CPP,ac74cac748fd6e6ebd6d35c6cdd90d5b116a231b61a1104ebdec526eee938e26,box,warmup,2,newRoot,BuildPublish,1,32.2,32.2,32.2,32.2,1,67190.0,67190.0,67190,67190,32.2,39.4124847001224,67190.0,38.85095089133414
player10-f0ebe111,IL2CPP,ac74cac748fd6e6ebd6d35c6cdd90d5b116a231b61a1104ebdec526eee938e26,box,warmup,2,newRoot,BuildSide+,1,10.0,10.0,10.0,10.0,1,21071.0,21071.0,21071,21071,10.0,54.64480874316939,21071.0,54.880970985049736
player10-f0ebe111,IL2CPP,ac74cac748fd6e6ebd6d35c6cdd90d5b116a231b61a1104ebdec526eee938e26,box,warmup,2,newRoot,BuildSide-,1,0.9000000000000004,0.9000000000000004,0.9000000000000004,0.9000000000000004,1,1836.0,1836.0,1836,1836,0.9000000000000004,9.57446808510638,1836.0,9.278819426896456
player10-f0ebe111,IL2CPP,ac74cac748fd6e6ebd6d35c6cdd90d5b116a231b61a1104ebdec526eee938e26,box,warmup,2,newRoot,BuildSide_pair,1,10.900000000000002,10.900000000000002,10.900000000000002,10.900000000000002,1,22907.0,22907.0,22907,22907,10.900000000000002,39.35018050541517,22907.0,39.37195991818634
player10-f0ebe111,IL2CPP,ac74cac748fd6e6ebd6d35c6cdd90d5b116a231b61a1104ebdec526eee938e26,box,warmup,2,newRoot,SetActive+,1,16.9,16.9,16.9,16.9,1,35691.0,35691.0,35691,35691,16.9,125.18518518518516,35691.0,123.84108258154059
player10-f0ebe111,IL2CPP,ac74cac748fd6e6ebd6d35c6cdd90d5b116a231b61a1104ebdec526eee938e26,box,warmup,2,newRoot,SetActive-,1,-5.3,-5.3,-5.3,-5.3,1,-11367.0,-11367.0,-11367,-11367,-5.3,-61.627906976744185,-11367.0,-61.280931586608446
player10-f0ebe111,IL2CPP,ac74cac748fd6e6ebd6d35c6cdd90d5b116a231b61a1104ebdec526eee938e26,box,warmup,2,newRoot,SetActive_pair,1,11.600000000000001,11.600000000000001,11.600000000000001,11.600000000000001,1,24324.0,24324.0,24324,24324,11.600000000000001,52.48868778280544,24324.0,51.35003905507822
player10-f0ebe111,IL2CPP,ac74cac748fd6e6ebd6d35c6cdd90d5b116a231b61a1104ebdec526eee938e26,box,warmup,2,newRoot,buildtotal,1,13.699999999999996,13.699999999999996,13.699999999999996,13.699999999999996,1,28108.0,28108.0,28108,28108,13.699999999999996,30.717488789237656,28108.0,29.653542642528596
player10-f0ebe111,IL2CPP,ac74cac748fd6e6ebd6d35c6cdd90d5b116a231b61a1104ebdec526eee938e26,box,warmup,2,newRoot,colliders+,1,0.4999999999999998,0.4999999999999998,0.4999999999999998,0.4999999999999998,1,1167.0,1167.0,1167,1167,0.4999999999999998,27.777777777777768,1167.0,28.616969102501223
player10-f0ebe111,IL2CPP,ac74cac748fd6e6ebd6d35c6cdd90d5b116a231b61a1104ebdec526eee938e26,box,warmup,2,newRoot,colliders-,1,0.19999999999999996,0.19999999999999996,0.19999999999999996,0.19999999999999996,1,387.0,387.0,387,387,0.19999999999999996,19.999999999999996,387.0,16.098169717138113
player10-f0ebe111,IL2CPP,ac74cac748fd6e6ebd6d35c6cdd90d5b116a231b61a1104ebdec526eee938e26,box,warmup,2,newRoot,colliders_pair,1,0.7000000000000002,0.7000000000000002,0.7000000000000002,0.7000000000000002,1,1554.0,1554.0,1554,1554,0.7000000000000002,25.0,1554.0,23.974082073434122
player10-f0ebe111,IL2CPP,ac74cac748fd6e6ebd6d35c6cdd90d5b116a231b61a1104ebdec526eee938e26,box,warmup,2,newRoot,newRoot+,1,3.3,3.3,3.3,3.3,1,7173.0,7173.0,7173,7173,3.3,78.57142857142856,7173.0,78.63407147555361
player10-f0ebe111,IL2CPP,ac74cac748fd6e6ebd6d35c6cdd90d5b116a231b61a1104ebdec526eee938e26,box,warmup,2,newRoot,newRoot-,1,0.10000000000000009,0.10000000000000009,0.10000000000000009,0.10000000000000009,1,198.0,198.0,198,198,0.10000000000000009,3.8461538461538547,198.0,3.5044247787610727
player10-f0ebe111,IL2CPP,ac74cac748fd6e6ebd6d35c6cdd90d5b116a231b61a1104ebdec526eee938e26,box,warmup,2,newRoot,newRoot_pair,1,3.3999999999999995,3.3999999999999995,3.3999999999999995,3.3999999999999995,1,7371.0,7371.0,7371,7371,3.3999999999999995,50.0,7371.0,49.898456539398865
player10-f0ebe111,IL2CPP,ac74cac748fd6e6ebd6d35c6cdd90d5b116a231b61a1104ebdec526eee938e26,box,warmup,2,newRoot,objects+,1,7.600000000000001,7.600000000000001,7.600000000000001,7.600000000000001,1,16045.0,16045.0,16045,16045,7.600000000000001,50.00000000000002,16045.0,49.57362664524501
player10-f0ebe111,IL2CPP,ac74cac748fd6e6ebd6d35c6cdd90d5b116a231b61a1104ebdec526eee938e26,box,warmup,2,newRoot,objects-,1,0.6000000000000005,0.6000000000000005,0.6000000000000005,0.6000000000000005,1,1300.0,1300.0,1300,1300,0.6000000000000005,7.692307692307709,1300.0,7.85498489425982
player10-f0ebe111,IL2CPP,ac74cac748fd6e6ebd6d35c6cdd90d5b116a231b61a1104ebdec526eee938e26,box,warmup,2,newRoot,objects_pair,1,8.2,8.2,8.2,8.2,1,17345.0,17345.0,17345,17345,8.2,35.65217391304347,17345.0,35.45874560471012
player10-f0ebe111,IL2CPP,ac74cac748fd6e6ebd6d35c6cdd90d5b116a231b61a1104ebdec526eee938e26,box,warmup,2,newRoot,publishtotal,1,18.5,18.5,18.5,18.5,1,39082.0,39082.0,39082,39082,18.5,49.86522911051212,39082.0,50.00575778900902
player10-f0ebe111,IL2CPP,ac74cac748fd6e6ebd6d35c6cdd90d5b116a231b61a1104ebdec526eee938e26,box,warmup,3,newRoot,BuildPublish,1,1.7000000000000028,1.7000000000000028,1.7000000000000028,1.7000000000000028,1,2967.0,2967.0,2967,2967,1.7000000000000028,2.0807833537331843,2967.0,1.7155941552997156
player10-f0ebe111,IL2CPP,ac74cac748fd6e6ebd6d35c6cdd90d5b116a231b61a1104ebdec526eee938e26,box,warmup,3,newRoot,BuildSide+,1,-8.200000000000001,-8.200000000000001,-8.200000000000001,-8.200000000000001,1,-17147.0,-17147.0,-17147,-17147,-8.200000000000001,-44.80874316939891,-17147.0,-44.66062405584206
player10-f0ebe111,IL2CPP,ac74cac748fd6e6ebd6d35c6cdd90d5b116a231b61a1104ebdec526eee938e26,box,warmup,3,newRoot,BuildSide-,1,11.200000000000001,11.200000000000001,11.200000000000001,11.200000000000001,1,23568.0,23568.0,23568,23568,11.200000000000001,119.14893617021276,23568.0,119.10850558447463
player10-f0ebe111,IL2CPP,ac74cac748fd6e6ebd6d35c6cdd90d5b116a231b61a1104ebdec526eee938e26,box,warmup,3,newRoot,BuildSide_pair,1,3.0,3.0,3.0,3.0,1,6421.0,6421.0,6421,6421,3.0,10.83032490974729,6421.0,11.036248947250815
player10-f0ebe111,IL2CPP,ac74cac748fd6e6ebd6d35c6cdd90d5b116a231b61a1104ebdec526eee938e26,box,warmup,3,newRoot,SetActive+,1,8.399999999999999,8.399999999999999,8.399999999999999,8.399999999999999,1,17892.0,17892.0,17892,17892,8.399999999999999,62.2222222222222,17892.0,62.081887578070784
player10-f0ebe111,IL2CPP,ac74cac748fd6e6ebd6d35c6cdd90d5b116a231b61a1104ebdec526eee938e26,box,warmup,3,newRoot,SetActive-,1,-5.199999999999999,-5.199999999999999,-5.199999999999999,-5.199999999999999,1,-10996.0,-10996.0,-10996,-10996,-5.199999999999999,-60.46511627906976,-10996.0,-59.280823764084325
player10-f0ebe111,IL2CPP,ac74cac748fd6e6ebd6d35c6cdd90d5b116a231b61a1104ebdec526eee938e26,box,warmup,3,newRoot,SetActive_pair,1,3.1999999999999993,3.1999999999999993,3.1999999999999993,3.1999999999999993,1,6896.0,6896.0,6896,6896,3.1999999999999993,14.479638009049767,6896.0,14.558044290569772
player10-f0ebe111,IL2CPP,ac74cac748fd6e6ebd6d35c6cdd90d5b116a231b61a1104ebdec526eee938e26,box,warmup,3,newRoot,buildtotal,1,0.6000000000000014,0.6000000000000014,0.6000000000000014,0.6000000000000014,1,549.0,549.0,549,549,0.6000000000000014,1.3452914798206317,549.0,0.579187238890988
player10-f0ebe111,IL2CPP,ac74cac748fd6e6ebd6d35c6cdd90d5b116a231b61a1104ebdec526eee938e26,box,warmup,3,newRoot,colliders+,1,0.40000000000000013,0.40000000000000013,0.40000000000000013,0.40000000000000013,1,920.0,920.0,920,920,0.40000000000000013,22.222222222222232,920.0,22.560078469838164
player10-f0ebe111,IL2CPP,ac74cac748fd6e6ebd6d35c6cdd90d5b116a231b61a1104ebdec526eee938e26,box,warmup,3,newRoot,colliders-,1,0.8,0.8,0.8,0.8,1,1698.0,1698.0,1698,1698,0.8,80.0,1698.0,70.63227953410983
player10-f0ebe111,IL2CPP,ac74cac748fd6e6ebd6d35c6cdd90d5b116a231b61a1104ebdec526eee938e26,box,warmup,3,newRoot,colliders_pair,1,1.2000000000000002,1.2000000000000002,1.2000000000000002,1.2000000000000002,1,2618.0,2618.0,2618,2618,1.2000000000000002,42.85714285714286,2618.0,40.388768898488124
player10-f0ebe111,IL2CPP,ac74cac748fd6e6ebd6d35c6cdd90d5b116a231b61a1104ebdec526eee938e26,box,warmup,3,newRoot,newRoot+,1,-1.8000000000000003,-1.8000000000000003,-1.8000000000000003,-1.8000000000000003,1,-3817.0,-3817.0,-3817,-3817,-1.8000000000000003,-42.85714285714286,-3817.0,-41.84389388292041
player10-f0ebe111,IL2CPP,ac74cac748fd6e6ebd6d35c6cdd90d5b116a231b61a1104ebdec526eee938e26,box,warmup,3,newRoot,newRoot-,1,2.4,2.4,2.4,2.4,1,5356.0,5356.0,5356,5356,2.4,92.30769230769229,5356.0,94.79646017699115
player10-f0ebe111,IL2CPP,ac74cac748fd6e6ebd6d35c6cdd90d5b116a231b61a1104ebdec526eee938e26,box,warmup,3,newRoot,newRoot_pair,1,0.6000000000000005,0.6000000000000005,0.6000000000000005,0.6000000000000005,1,1539.0,1539.0,1539,1539,0.6000000000000005,8.823529411764719,1539.0,10.418359057676696
player10-f0ebe111,IL2CPP,ac74cac748fd6e6ebd6d35c6cdd90d5b116a231b61a1104ebdec526eee938e26,box,warmup,3,newRoot,objects+,1,-7.999999999999999,-7.999999999999999,-7.999999999999999,-7.999999999999999,1,-17006.0,-17006.0,-17006,-17006,-7.999999999999999,-52.63157894736842,-17006.0,-52.54279181857504
player10-f0ebe111,IL2CPP,ac74cac748fd6e6ebd6d35c6cdd90d5b116a231b61a1104ebdec526eee938e26,box,warmup,3,newRoot,objects-,1,9.2,9.2,9.2,9.2,1,19585.0,19585.0,19585,19585,9.2,117.94871794871797,19585.0,118.33836858006043
player10-f0ebe111,IL2CPP,ac74cac748fd6e6ebd6d35c6cdd90d5b116a231b61a1104ebdec526eee938e26,box,warmup,3,newRoot,objects_pair,1,1.1999999999999993,1.1999999999999993,1.1999999999999993,1.1999999999999993,1,2579.0,2579.0,2579,2579,1.1999999999999993,5.217391304347818,2579.0,5.272303540763756
player10-f0ebe111,IL2CPP,ac74cac748fd6e6ebd6d35c6cdd90d5b116a231b61a1104ebdec526eee938e26,box,warmup,3,newRoot,publishtotal,1,1.1000000000000014,1.1000000000000014,1.1000000000000014,1.1000000000000014,1,2418.0,2418.0,2418,2418,1.1000000000000014,2.96495956873315,2418.0,3.0938519608470383
player10-f0ebe111,IL2CPP,ac74cac748fd6e6ebd6d35c6cdd90d5b116a231b61a1104ebdec526eee938e26,character,measured,0,newRoot,BuildPublish,8,0.0,0.0,0.0,0.0,8,0.0,0.0,0,0,0.0,0.0,0.0,0.0
player10-f0ebe111,IL2CPP,ac74cac748fd6e6ebd6d35c6cdd90d5b116a231b61a1104ebdec526eee938e26,character,measured,0,newRoot,BuildSide+,8,0.0,0.0,0.0,0.0,8,0.0,0.0,0,0,0.0,0.0,0.0,0.0
player10-f0ebe111,IL2CPP,ac74cac748fd6e6ebd6d35c6cdd90d5b116a231b61a1104ebdec526eee938e26,character,measured,0,newRoot,BuildSide-,8,0.0,0.0,0.0,0.0,8,0.0,0.0,0,0,0.0,0.0,0.0,0.0
player10-f0ebe111,IL2CPP,ac74cac748fd6e6ebd6d35c6cdd90d5b116a231b61a1104ebdec526eee938e26,character,measured,0,newRoot,BuildSide_pair,8,0.0,0.0,0.0,0.0,8,0.0,0.0,0,0,0.0,0.0,0.0,0.0
player10-f0ebe111,IL2CPP,ac74cac748fd6e6ebd6d35c6cdd90d5b116a231b61a1104ebdec526eee938e26,character,measured,0,newRoot,SetActive+,8,0.0,0.0,0.0,0.0,8,0.0,0.0,0,0,0.0,0.0,0.0,0.0
player10-f0ebe111,IL2CPP,ac74cac748fd6e6ebd6d35c6cdd90d5b116a231b61a1104ebdec526eee938e26,character,measured,0,newRoot,SetActive-,8,0.0,0.0,0.0,0.0,8,0.0,0.0,0,0,0.0,0.0,0.0,0.0
player10-f0ebe111,IL2CPP,ac74cac748fd6e6ebd6d35c6cdd90d5b116a231b61a1104ebdec526eee938e26,character,measured,0,newRoot,SetActive_pair,8,0.0,0.0,0.0,0.0,8,0.0,0.0,0,0,0.0,0.0,0.0,0.0
player10-f0ebe111,IL2CPP,ac74cac748fd6e6ebd6d35c6cdd90d5b116a231b61a1104ebdec526eee938e26,character,measured,0,newRoot,buildtotal,8,0.0,0.0,0.0,0.0,8,0.0,0.0,0,0,0.0,0.0,0.0,0.0
player10-f0ebe111,IL2CPP,ac74cac748fd6e6ebd6d35c6cdd90d5b116a231b61a1104ebdec526eee938e26,character,measured,0,newRoot,colliders+,8,0.0,0.0,0.0,0.0,8,0.0,0.0,0,0,0.0,0.0,0.0,0.0
player10-f0ebe111,IL2CPP,ac74cac748fd6e6ebd6d35c6cdd90d5b116a231b61a1104ebdec526eee938e26,character,measured,0,newRoot,colliders-,8,0.0,0.0,0.0,0.0,8,0.0,0.0,0,0,0.0,0.0,0.0,0.0
player10-f0ebe111,IL2CPP,ac74cac748fd6e6ebd6d35c6cdd90d5b116a231b61a1104ebdec526eee938e26,character,measured,0,newRoot,colliders_pair,8,0.0,0.0,0.0,0.0,8,0.0,0.0,0,0,0.0,0.0,0.0,0.0
player10-f0ebe111,IL2CPP,ac74cac748fd6e6ebd6d35c6cdd90d5b116a231b61a1104ebdec526eee938e26,character,measured,0,newRoot,newRoot+,8,0.0,0.0,0.0,0.0,8,0.0,0.0,0,0,0.0,0.0,0.0,0.0
player10-f0ebe111,IL2CPP,ac74cac748fd6e6ebd6d35c6cdd90d5b116a231b61a1104ebdec526eee938e26,character,measured,0,newRoot,newRoot-,8,0.0,0.0,0.0,0.0,8,0.0,0.0,0,0,0.0,0.0,0.0,0.0
player10-f0ebe111,IL2CPP,ac74cac748fd6e6ebd6d35c6cdd90d5b116a231b61a1104ebdec526eee938e26,character,measured,0,newRoot,newRoot_pair,8,0.0,0.0,0.0,0.0,8,0.0,0.0,0,0,0.0,0.0,0.0,0.0
player10-f0ebe111,IL2CPP,ac74cac748fd6e6ebd6d35c6cdd90d5b116a231b61a1104ebdec526eee938e26,character,measured,0,newRoot,objects+,8,0.0,0.0,0.0,0.0,8,0.0,0.0,0,0,0.0,0.0,0.0,0.0
player10-f0ebe111,IL2CPP,ac74cac748fd6e6ebd6d35c6cdd90d5b116a231b61a1104ebdec526eee938e26,character,measured,0,newRoot,objects-,8,0.0,0.0,0.0,0.0,8,0.0,0.0,0,0,0.0,0.0,0.0,0.0
player10-f0ebe111,IL2CPP,ac74cac748fd6e6ebd6d35c6cdd90d5b116a231b61a1104ebdec526eee938e26,character,measured,0,newRoot,objects_pair,8,0.0,0.0,0.0,0.0,8,0.0,0.0,0,0,0.0,0.0,0.0,0.0
player10-f0ebe111,IL2CPP,ac74cac748fd6e6ebd6d35c6cdd90d5b116a231b61a1104ebdec526eee938e26,character,measured,0,newRoot,publishtotal,8,0.0,0.0,0.0,0.0,8,0.0,0.0,0,0,0.0,0.0,0.0,0.0
player10-f0ebe111,IL2CPP,ac74cac748fd6e6ebd6d35c6cdd90d5b116a231b61a1104ebdec526eee938e26,character,measured,1,newRoot,BuildPublish,8,4.849999999999994,14.180000000000009,-0.7000000000000028,15.300000000000011,8,9710.0,30217.049999999996,-1405,32232,7.649999999999977,6.081081081081052,16190.0,6.089098670477844
player10-f0ebe111,IL2CPP,ac74cac748fd6e6ebd6d35c6cdd90d5b116a231b61a1104ebdec526eee938e26,character,measured,1,newRoot,BuildSide+,8,-10.800000000000002,-9.9,-12.899999999999999,-9.899999999999999,8,-23024.5,-20865.65,-27300,-20789,-10.850000000000001,-34.83146067415731,-23024.0,-35.07109726654431
player10-f0ebe111,IL2CPP,ac74cac748fd6e6ebd6d35c6cdd90d5b116a231b61a1104ebdec526eee938e26,character,measured,1,newRoot,BuildSide-,8,11.3,14.615,10.1,15.0,8,23853.5,30839.649999999998,21454,31652,11.900000000000002,77.02265372168287,25175.0,77.58089368258861
player10-f0ebe111,IL2CPP,ac74cac748fd6e6ebd6d35c6cdd90d5b116a231b61a1104ebdec526eee938e26,character,measured,1,newRoot,BuildSide_pair,8,0.6499999999999986,3.685,-2.0999999999999943,4.0,8,1223.0,7810.499999999999,-4521,8542,1.1999999999999957,2.5974025974025983,2223.5,2.2855057715830407
player10-f0ebe111,IL2CPP,ac74cac748fd6e6ebd6d35c6cdd90d5b116a231b61a1104ebdec526eee938e26,character,measured,1,newRoot,SetActive+,8,1.4000000000000004,7.744999999999996,-1.1999999999999993,8.199999999999996,8,2992.0,16487.449999999997,-2467,17388,1.4499999999999993,5.451127819548862,3092.0,5.472808531350948
player10-f0ebe111,IL2CPP,ac74cac748fd6e6ebd6d35c6cdd90d5b116a231b61a1104ebdec526eee938e26,character,measured,1,newRoot,SetActive-,8,0.3999999999999986,2.1250000000000004,-1.8999999999999986,2.3000000000000007,8,809.0,4625.799999999999,-3952,4966,0.6499999999999986,3.693181818181812,1360.0,3.6271019188969245
player10-f0ebe111,IL2CPP,ac74cac748fd6e6ebd6d35c6cdd90d5b116a231b61a1104ebdec526eee938e26,character,measured,1,newRoot,SetActive_pair,8,1.8499999999999979,7.989999999999998,-1.3999999999999986,9.600000000000001,8,4008.0,17080.249999999993,-2950,20428,1.8500000000000014,4.120267260579058,4043.0,4.234949066436222
player10-f0ebe111,IL2CPP,ac74cac748fd6e6ebd6d35c6cdd90d5b116a231b61a1104ebdec526eee938e26,character,measured,1,newRoot,buildtotal,8,1.1500000000000021,6.979999999999999,-3.299999999999997,8.100000000000001,8,2341.5,15346.549999999997,-7123,17120,1.7000000000000028,2.6562500000000044,3571.0,2.640364075964996
player10-f0ebe111,IL2CPP,ac74cac748fd6e6ebd6d35c6cdd90d5b116a231b61a1104ebdec526eee938e26,character,measured,1,newRoot,colliders+,8,-1.0999999999999996,-0.039999999999999536,-2.700000000000001,0.10000000000000142,8,-2343.0,-97.60000000000048,-5767,237,-1.2499999999999982,-9.541984732824416,-2687.5,-9.603702115494572
player10-f0ebe111,IL2CPP,ac74cac748fd6e6ebd6d35c6cdd90d5b116a231b61a1104ebdec526eee938e26,character,measured,1,newRoot,colliders-,8,1.4000000000000004,2.704999999999999,0.5,3.3,8,3061.0,5528.749999999998,1043,6731,1.200000000000001,15.286624203821674,2655.5,15.796674697361768
player10-f0ebe111,IL2CPP,ac74cac748fd6e6ebd6d35c6cdd90d5b116a231b61a1104ebdec526eee938e26,character,measured,1,newRoot,colliders_pair,8,0.45000000000000107,2.0450000000000004,-1.3000000000000007,2.5,8,1062.0,4041.0499999999984,-2763,4950,0.05000000000000426,0.23752969121142442,81.5,0.18128837085149563
player10-f0ebe111,IL2CPP,ac74cac748fd6e6ebd6d35c6cdd90d5b116a231b61a1104ebdec526eee938e26,character,measured,1,newRoot,newRoot+,8,-2.6999999999999997,-1.8450000000000004,-3.5,-1.6,8,-5791.0,-3877.3000000000006,-7686,-3409,-2.6999999999999993,-57.44680851063829,-5728.5,-55.63270855589006
player10-f0ebe111,IL2CPP,ac74cac748fd6e6ebd6d35c6cdd90d5b116a231b61a1104ebdec526eee938e26,character,measured,1,newRoot,newRoot-,8,2.6500000000000004,4.484999999999999,2.1,4.8,8,5549.5,9461.849999999999,4641,10081,2.55,124.39024390243904,5503.0,119.95640326975479
player10-f0ebe111,IL2CPP,ac74cac748fd6e6ebd6d35c6cdd90d5b116a231b61a1104ebdec526eee938e26,character,measured,1,newRoot,newRoot_pair,8,0.20000000000000018,1.8600000000000003,-1.2999999999999998,2.000000000000001,8,486.5,3727.2,-2934,3996,0.0,0.0,-65.5,-0.43739565943238246
player10-f0ebe111,IL2CPP,ac74cac748fd6e6ebd6d35c6cdd90d5b116a231b61a1104ebdec526eee938e26,character,measured,1,newRoot,objects+,8,-9.149999999999999,-7.810000000000001,-10.5,-7.600000000000001,8,-19424.5,-16625.55,-22297,-16264,-9.150000000000002,-55.963302752293586,-19424.5,-55.88658399746813
player10-f0ebe111,IL2CPP,ac74cac748fd6e6ebd6d35c6cdd90d5b116a231b61a1104ebdec526eee938e26,character,measured,1,newRoot,objects-,8,9.5,11.725,8.299999999999999,11.899999999999999,8,20011.0,24558.7,17445,24943,9.700000000000001,141.60583941605842,20358.0,137.8241148195789
player10-f0ebe111,IL2CPP,ac74cac748fd6e6ebd6d35c6cdd90d5b116a231b61a1104ebdec526eee938e26,character,measured,1,newRoot,objects_pair,8,0.3000000000000025,3.175,-1.3999999999999986,3.6999999999999993,8,581.5,6533.3499999999985,-3142,7646,0.9000000000000021,3.88768898488121,1749.5,3.5446551584407127
player10-f0ebe111,IL2CPP,ac74cac748fd6e6ebd6d35c6cdd90d5b116a231b61a1104ebdec526eee938e26,character,measured,1,newRoot,publishtotal,8,3.9999999999999964,9.604999999999995,-1.0999999999999943,10.899999999999999,8,8634.0,20205.399999999994,-2294,22948,4.799999999999997,7.741935483870965,10004.0,7.6472656668042704
player10-f0ebe111,IL2CPP,ac74cac748fd6e6ebd6d35c6cdd90d5b116a231b61a1104ebdec526eee938e26,character,measured,2,newRoot,BuildPublish,8,2.1499999999999986,9.159999999999995,-9.500000000000014,9.299999999999997,8,4230.5,19551.8,-21080,20165,4.0,3.1796502384737746,8293.0,3.119017620399789
player10-f0ebe111,IL2CPP,ac74cac748fd6e6ebd6d35c6cdd90d5b116a231b61a1104ebdec526eee938e26,character,measured,2,newRoot,BuildSide+,8,-0.3500000000000014,2.7499999999999987,-2.599999999999998,3.099999999999998,8,-772.5,5634.0999999999985,-5632,6325,-0.3999999999999986,-1.284109149277679,-916.0,-1.3952886160595313
player10-f0ebe111,IL2CPP,ac74cac748fd6e6ebd6d35c6cdd90d5b116a231b61a1104ebdec526eee938e26,character,measured,2,newRoot,BuildSide-,8,-0.04999999999999982,0.8200000000000007,-0.9000000000000004,1.1000000000000014,8,-252.0,1700.2999999999993,-1937,2247,-0.09999999999999787,-0.6472491909384925,-263.0,-0.8104776579352824
player10-f0ebe111,IL2CPP,ac74cac748fd6e6ebd6d35c6cdd90d5b116a231b61a1104ebdec526eee938e26,character,measured,2,newRoot,BuildSide_pair,8,-0.6500000000000021,3.499999999999999,-2.799999999999997,4.200000000000003,8,-1317.0,7103.749999999998,-6162,8572,-0.10000000000000142,-0.21645021645021467,-260.0,-0.26725050623412905
player10-f0ebe111,IL2CPP,ac74cac748fd6e6ebd6d35c6cdd90d5b116a231b61a1104ebdec526eee938e26,character,measured,2,newRoot,SetActive+,8,6.949999999999999,10.310000000000002,5.399999999999999,10.800000000000004,8,14657.0,21851.699999999997,11617,22831,7.449999999999996,28.007518796992457,15788.0,27.94459931855391
player10-f0ebe111,IL2CPP,ac74cac748fd6e6ebd6d35c6cdd90d5b116a231b61a1104ebdec526eee938e26,character,measured,2,newRoot,SetActive-,8,-6.200000000000001,-5.570000000000002,-9.299999999999999,-5.500000000000002,8,-13163.0,-11759.1,-19598,-11617,-6.150000000000002,-34.94318181818182,-12993.0,-34.652158258991086
player10-f0ebe111,IL2CPP,ac74cac748fd6e6ebd6d35c6cdd90d5b116a231b61a1104ebdec526eee938e26,character,measured,2,newRoot,SetActive_pair,8,1.1499999999999986,4.424999999999995,-3.1000000000000014,5.299999999999997,8,2398.0,9394.349999999997,-6567,11214,0.5,1.1135857461024523,905.0,0.9479665854872144
player10-f0ebe111,IL2CPP,ac74cac748fd6e6ebd6d35c6cdd90d5b116a231b61a1104ebdec526eee938e26,character,measured,2,newRoot,buildtotal,8,-0.09999999999999432,6.349999999999997,-4.600000000000001,7.399999999999999,8,-554.5,13934.499999999996,-10896,16241,1.1500000000000057,1.7968750000000089,2504.0,1.8514342330485434
player10-f0ebe111,IL2CPP,ac74cac748fd6e6ebd6d35c6cdd90d5b116a231b61a1104ebdec526eee938e26,character,measured,2,newRoot,colliders+,8,-0.15000000000000036,1.1600000000000004,-1.6000000000000014,1.3000000000000007,8,-453.0,2445.0999999999995,-3351,2786,0.05000000000000071,0.3816793893129722,155.5,0.5556746712407135
player10-f0ebe111,IL2CPP,ac74cac748fd6e6ebd6d35c6cdd90d5b116a231b61a1104ebdec526eee938e26,character,measured,2,newRoot,colliders-,8,-0.4500000000000002,0.29499999999999993,-0.9000000000000004,0.40000000000000036,8,-913.5,638.9499999999996,-1972,892,-0.34999999999999964,-4.458598726114649,-691.5,-4.113500490764698
player10-f0ebe111,IL2CPP,ac74cac748fd6e6ebd6d35c6cdd90d5b116a231b61a1104ebdec526eee938e26,character,measured,2,newRoot,colliders_pair,8,-0.5500000000000007,1.4200000000000008,-2.1000000000000014,1.7000000000000028,8,-1173.5,3084.0499999999993,-4310,3678,-0.34999999999999787,-1.6627078384798044,-635.0,-1.4124922146098395
player10-f0ebe111,IL2CPP,ac74cac748fd6e6ebd6d35c6cdd90d5b116a231b61a1104ebdec526eee938e26,character,measured,2,newRoot,newRoot+,8,0.1499999999999999,1.4599999999999995,-1.2000000000000002,1.5999999999999996,8,363.0,3067.95,-2605,3342,0.3000000000000007,6.382978723404276,661.5,6.4242012236573665
player10-f0ebe111,IL2CPP,ac74cac748fd6e6ebd6d35c6cdd90d5b116a231b61a1104ebdec526eee938e26,character,measured,2,newRoot,newRoot-,8,0.0,0.3299999999999999,-0.20000000000000018,0.3999999999999999,8,-75.0,631.7999999999997,-509,825,0.0,0.0,-27.0,-0.5885558583106243
player10-f0ebe111,IL2CPP,ac74cac748fd6e6ebd6d35c6cdd90d5b116a231b61a1104ebdec526eee938e26,character,measured,2,newRoot,newRoot_pair,8,0.3500000000000001,1.5599999999999996,-1.4000000000000004,1.6999999999999993,8,764.5,3261.8499999999995,-3114,3615,0.34999999999999964,5.185185185185182,679.0,4.534223706176954
player10-f0ebe111,IL2CPP,ac74cac748fd6e6ebd6d35c6cdd90d5b116a231b61a1104ebdec526eee938e26,character,measured,2,newRoot,objects+,8,-0.2500000000000009,1.6999999999999993,-1.9000000000000021,1.6999999999999993,8,-370.5,3555.75,-4009,3638,-0.05000000000000071,-0.3058103975535187,-77.5,-0.2229766665707622
player10-f0ebe111,IL2CPP,ac74cac748fd6e6ebd6d35c6cdd90d5b116a231b61a1104ebdec526eee938e26,character,measured,2,newRoot,objects-,8,0.050000000000000266,0.6650000000000003,-0.20000000000000018,0.7000000000000002,8,137.0,1330.75,-552,1336,0.35000000000000053,5.109489051094895,636.5,4.309119220093427
player10-f0ebe111,IL2CPP,ac74cac748fd6e6ebd6d35c6cdd90d5b116a231b61a1104ebdec526eee938e26,character,measured,2,newRoot,objects_pair,8,0.20000000000000107,2.1200000000000014,-1.8000000000000007,2.400000000000002,8,567.0,4209.499999999999,-3780,4724,0.15000000000000213,0.6479481641468832,285.5,0.5784504416889602
player10-f0ebe111,IL2CPP,ac74cac748fd6e6ebd6d35c6cdd90d5b116a231b61a1104ebdec526eee938e26,character,measured,2,newRoot,publishtotal,8,1.6500000000000021,4.399999999999996,-4.899999999999999,5.099999999999994,8,3396.5,9176.199999999997,-10184,10509,1.8500000000000014,2.9838709677419306,3752.0,2.868106835450779
player10-f0ebe111,IL2CPP,ac74cac748fd6e6ebd6d35c6cdd90d5b116a231b61a1104ebdec526eee938e26,character,measured,3,newRoot,BuildPublish,8,-0.29999999999999716,7.0300000000000065,-8.0,8.500000000000014,8,355.5,15205.349999999995,-16613,18285,-0.700000000000017,-0.5564387917329272,-1019.5,-0.3834364480884589
player10-f0ebe111,IL2CPP,ac74cac748fd6e6ebd6d35c6cdd90d5b116a231b61a1104ebdec526eee938e26,character,measured,3,newRoot,BuildSide+,8,-11.5,-9.930000000000001,-12.400000000000002,-9.3,8,-24385.5,-20942.7,-26241,-19570,-11.649999999999999,-37.39967897271268,-24694.0,-37.61490948141265
player10-f0ebe111,IL2CPP,ac74cac748fd6e6ebd6d35c6cdd90d5b116a231b61a1104ebdec526eee938e26,character,measured,3,newRoot,BuildSide-,8,11.45,13.08,9.399999999999999,13.500000000000002,8,24332.5,27681.199999999997,19715,28489,11.25,72.81553398058253,23866.0,73.54699537750385
player10-f0ebe111,IL2CPP,ac74cac748fd6e6ebd6d35c6cdd90d5b116a231b61a1104ebdec526eee938e26,character,measured,3,newRoot,BuildSide_pair,8,0.3999999999999986,2.259999999999999,-3.0,2.3999999999999986,8,879.5,4799.95,-6526,4997,0.20000000000000284,0.43290043290042934,330.0,0.33920256560486806
player10-f0ebe111,IL2CPP,ac74cac748fd6e6ebd6d35c6cdd90d5b116a231b61a1104ebdec526eee938e26,character,measured,3,newRoot,SetActive+,8,6.800000000000001,9.279999999999996,4.400000000000002,9.699999999999996,8,14355.5,19666.5,9254,20664,6.75,25.375939849624054,14307.0,25.323244391344744
player10-f0ebe111,IL2CPP,ac74cac748fd6e6ebd6d35c6cdd90d5b116a231b61a1104ebdec526eee938e26,character,measured,3,newRoot,SetActive-,8,-6.5,-6.000000000000001,-8.7,-6.0,8,-13752.5,-12637.6,-18182,-12611,-6.400000000000002,-36.363636363636374,-13502.0,-36.009654491872354
player10-f0ebe111,IL2CPP,ac74cac748fd6e6ebd6d35c6cdd90d5b116a231b61a1104ebdec526eee938e26,character,measured,3,newRoot,SetActive_pair,8,0.19999999999999574,2.6199999999999983,-2.3000000000000043,3.6000000000000014,8,486.0,5659.899999999997,-4998,7839,-0.14999999999999858,-0.33407572383072903,-304.0,-0.3184329745725023
player10-f0ebe111,IL2CPP,ac74cac748fd6e6ebd6d35c6cdd90d5b116a231b61a1104ebdec526eee938e26,character,measured,3,newRoot,buildtotal,8,0.4500000000000064,3.4600000000000017,-5.300000000000004,3.6000000000000014,8,1966.5,7075.699999999999,-11496,7789,-0.5499999999999972,-0.8593749999999956,-395.5,-0.2924290092534698
player10-f0ebe111,IL2CPP,ac74cac748fd6e6ebd6d35c6cdd90d5b116a231b61a1104ebdec526eee938e26,character,measured,3,newRoot,colliders+,8,-1.1500000000000004,-0.6349999999999996,-2.4000000000000004,-0.5999999999999996,8,-2464.0,-1433.5500000000002,-5080,-1331,-1.1999999999999993,-9.160305343511443,-2558.5,-9.14272441395083
player10-f0ebe111,IL2CPP,ac74cac748fd6e6ebd6d35c6cdd90d5b116a231b61a1104ebdec526eee938e26,character,measured,3,newRoot,colliders-,8,1.3000000000000003,2.625,0.1999999999999993,2.8,8,2893.5,5618.849999999999,277,6021,1.3000000000000007,16.560509554140147,2825.5,16.807947413818745
player10-f0ebe111,IL2CPP,ac74cac748fd6e6ebd6d35c6cdd90d5b116a231b61a1104ebdec526eee938e26,character,measured,3,newRoot,colliders_pair,8,0.5500000000000007,1.7850000000000001,-1.1999999999999993,2.1000000000000014,8,1229.0,3771.5499999999993,-2817,4397,0.5,2.375296912114022,1102.0,2.451285701574868
player10-f0ebe111,IL2CPP,ac74cac748fd6e6ebd6d35c6cdd90d5b116a231b61a1104ebdec526eee938e26,character,measured,3,newRoot,newRoot+,8,-2.6500000000000004,-1.9700000000000004,-3.4000000000000004,-1.9000000000000004,8,-5601.5,-4177.75,-7421,-3994,-2.499999999999999,-53.19148936170212,-5464.5,-53.06885500631252
player10-f0ebe111,IL2CPP,ac74cac748fd6e6ebd6d35c6cdd90d5b116a231b61a1104ebdec526eee938e26,character,measured,3,newRoot,newRoot-,8,2.65,3.125,2.3,3.3000000000000003,8,5757.5,6673.65,4881,7094,2.55,124.39024390243904,5515.0,120.21798365122618
player10-f0ebe111,IL2CPP,ac74cac748fd6e6ebd6d35c6cdd90d5b116a231b61a1104ebdec526eee938e26,character,measured,3,newRoot,newRoot_pair,8,0.04999999999999982,0.7649999999999999,-1.0,0.7999999999999998,8,295.0,1704.7499999999998,-2080,1899,0.04999999999999982,0.7407407407407307,51.5,0.34390651085141055
player10-f0ebe111,IL2CPP,ac74cac748fd6e6ebd6d35c6cdd90d5b116a231b61a1104ebdec526eee938e26,character,measured,3,newRoot,objects+,8,-9.400000000000002,-7.785,-10.500000000000002,-7.399999999999999,8,-19837.0,-16492.4,-22439,-15826,-9.3,-56.88073394495413,-19674.0,-56.60442500791207
player10-f0ebe111,IL2CPP,ac74cac748fd6e6ebd6d35c6cdd90d5b116a231b61a1104ebdec526eee938e26,character,measured,3,newRoot,objects-,8,9.15,10.4,8.399999999999999,10.4,8,19201.5,22011.05,17800,22017,9.200000000000001,134.30656934306572,19327.5,130.8476067971024
player10-f0ebe111,IL2CPP,ac74cac748fd6e6ebd6d35c6cdd90d5b116a231b61a1104ebdec526eee938e26,character,measured,3,newRoot,objects_pair,8,0.20000000000000107,1.0,-1.5,1.0,8,99.0,2247.6499999999996,-3409,2395,0.3999999999999986,1.7278617710583033,637.5,1.2916362752249055
player10-f0ebe111,IL2CPP,ac74cac748fd6e6ebd6d35c6cdd90d5b116a231b61a1104ebdec526eee938e26,character,measured,3,newRoot,publishtotal,8,-0.45000000000000284,4.094999999999999,-2.700000000000003,4.899999999999999,8,-873.5,8742.499999999996,-5117,10496,-0.7000000000000028,-1.1290322580645218,-1415.5,-1.0820376400801135
player10-f0ebe111,IL2CPP,ac74cac748fd6e6ebd6d35c6cdd90d5b116a231b61a1104ebdec526eee938e26,character,warmup,0,newRoot,BuildPublish,1,0.0,0.0,0.0,0.0,1,0.0,0.0,0,0,0.0,0.0,0.0,0.0
player10-f0ebe111,IL2CPP,ac74cac748fd6e6ebd6d35c6cdd90d5b116a231b61a1104ebdec526eee938e26,character,warmup,0,newRoot,BuildSide+,1,0.0,0.0,0.0,0.0,1,0.0,0.0,0,0,0.0,0.0,0.0,0.0
player10-f0ebe111,IL2CPP,ac74cac748fd6e6ebd6d35c6cdd90d5b116a231b61a1104ebdec526eee938e26,character,warmup,0,newRoot,BuildSide-,1,0.0,0.0,0.0,0.0,1,0.0,0.0,0,0,0.0,0.0,0.0,0.0
player10-f0ebe111,IL2CPP,ac74cac748fd6e6ebd6d35c6cdd90d5b116a231b61a1104ebdec526eee938e26,character,warmup,0,newRoot,BuildSide_pair,1,0.0,0.0,0.0,0.0,1,0.0,0.0,0,0,0.0,0.0,0.0,0.0
player10-f0ebe111,IL2CPP,ac74cac748fd6e6ebd6d35c6cdd90d5b116a231b61a1104ebdec526eee938e26,character,warmup,0,newRoot,SetActive+,1,0.0,0.0,0.0,0.0,1,0.0,0.0,0,0,0.0,0.0,0.0,0.0
player10-f0ebe111,IL2CPP,ac74cac748fd6e6ebd6d35c6cdd90d5b116a231b61a1104ebdec526eee938e26,character,warmup,0,newRoot,SetActive-,1,0.0,0.0,0.0,0.0,1,0.0,0.0,0,0,0.0,0.0,0.0,0.0
player10-f0ebe111,IL2CPP,ac74cac748fd6e6ebd6d35c6cdd90d5b116a231b61a1104ebdec526eee938e26,character,warmup,0,newRoot,SetActive_pair,1,0.0,0.0,0.0,0.0,1,0.0,0.0,0,0,0.0,0.0,0.0,0.0
player10-f0ebe111,IL2CPP,ac74cac748fd6e6ebd6d35c6cdd90d5b116a231b61a1104ebdec526eee938e26,character,warmup,0,newRoot,buildtotal,1,0.0,0.0,0.0,0.0,1,0.0,0.0,0,0,0.0,0.0,0.0,0.0
player10-f0ebe111,IL2CPP,ac74cac748fd6e6ebd6d35c6cdd90d5b116a231b61a1104ebdec526eee938e26,character,warmup,0,newRoot,colliders+,1,0.0,0.0,0.0,0.0,1,0.0,0.0,0,0,0.0,0.0,0.0,0.0
player10-f0ebe111,IL2CPP,ac74cac748fd6e6ebd6d35c6cdd90d5b116a231b61a1104ebdec526eee938e26,character,warmup,0,newRoot,colliders-,1,0.0,0.0,0.0,0.0,1,0.0,0.0,0,0,0.0,0.0,0.0,0.0
player10-f0ebe111,IL2CPP,ac74cac748fd6e6ebd6d35c6cdd90d5b116a231b61a1104ebdec526eee938e26,character,warmup,0,newRoot,colliders_pair,1,0.0,0.0,0.0,0.0,1,0.0,0.0,0,0,0.0,0.0,0.0,0.0
player10-f0ebe111,IL2CPP,ac74cac748fd6e6ebd6d35c6cdd90d5b116a231b61a1104ebdec526eee938e26,character,warmup,0,newRoot,newRoot+,1,0.0,0.0,0.0,0.0,1,0.0,0.0,0,0,0.0,0.0,0.0,0.0
player10-f0ebe111,IL2CPP,ac74cac748fd6e6ebd6d35c6cdd90d5b116a231b61a1104ebdec526eee938e26,character,warmup,0,newRoot,newRoot-,1,0.0,0.0,0.0,0.0,1,0.0,0.0,0,0,0.0,0.0,0.0,0.0
player10-f0ebe111,IL2CPP,ac74cac748fd6e6ebd6d35c6cdd90d5b116a231b61a1104ebdec526eee938e26,character,warmup,0,newRoot,newRoot_pair,1,0.0,0.0,0.0,0.0,1,0.0,0.0,0,0,0.0,0.0,0.0,0.0
player10-f0ebe111,IL2CPP,ac74cac748fd6e6ebd6d35c6cdd90d5b116a231b61a1104ebdec526eee938e26,character,warmup,0,newRoot,objects+,1,0.0,0.0,0.0,0.0,1,0.0,0.0,0,0,0.0,0.0,0.0,0.0
player10-f0ebe111,IL2CPP,ac74cac748fd6e6ebd6d35c6cdd90d5b116a231b61a1104ebdec526eee938e26,character,warmup,0,newRoot,objects-,1,0.0,0.0,0.0,0.0,1,0.0,0.0,0,0,0.0,0.0,0.0,0.0
player10-f0ebe111,IL2CPP,ac74cac748fd6e6ebd6d35c6cdd90d5b116a231b61a1104ebdec526eee938e26,character,warmup,0,newRoot,objects_pair,1,0.0,0.0,0.0,0.0,1,0.0,0.0,0,0,0.0,0.0,0.0,0.0
player10-f0ebe111,IL2CPP,ac74cac748fd6e6ebd6d35c6cdd90d5b116a231b61a1104ebdec526eee938e26,character,warmup,0,newRoot,publishtotal,1,0.0,0.0,0.0,0.0,1,0.0,0.0,0,0,0.0,0.0,0.0,0.0
player10-f0ebe111,IL2CPP,ac74cac748fd6e6ebd6d35c6cdd90d5b116a231b61a1104ebdec526eee938e26,character,warmup,1,newRoot,BuildPublish,1,3.4000000000000057,3.4000000000000057,3.4000000000000057,3.4000000000000057,1,7142.0,7142.0,7142,7142,3.4000000000000057,2.8029678483099785,7142.0,2.791457561402688
player10-f0ebe111,IL2CPP,ac74cac748fd6e6ebd6d35c6cdd90d5b116a231b61a1104ebdec526eee938e26,character,warmup,1,newRoot,BuildSide+,1,-10.100000000000001,-10.100000000000001,-10.100000000000001,-10.100000000000001,1,-21253.0,-21253.0,-21253,-21253,-10.100000000000001,-33.89261744966443,-21253.0,-33.96838589032557
player10-f0ebe111,IL2CPP,ac74cac748fd6e6ebd6d35c6cdd90d5b116a231b61a1104ebdec526eee938e26,character,warmup,1,newRoot,BuildSide-,1,11.2,11.2,11.2,11.2,1,23778.0,23778.0,23778,23778,11.2,72.25806451612901,23778.0,73.26000554579906
player10-f0ebe111,IL2CPP,ac74cac748fd6e6ebd6d35c6cdd90d5b116a231b61a1104ebdec526eee938e26,character,warmup,1,newRoot,BuildSide_pair,1,1.1000000000000014,1.1000000000000014,1.1000000000000014,1.1000000000000014,1,2525.0,2525.0,2525,2525,1.1000000000000014,2.428256070640189,2525.0,2.657223438289269
player10-f0ebe111,IL2CPP,ac74cac748fd6e6ebd6d35c6cdd90d5b116a231b61a1104ebdec526eee938e26,character,warmup,1,newRoot,SetActive+,1,-1.1000000000000014,-1.1000000000000014,-1.1000000000000014,-1.1000000000000014,1,-2168.0,-2168.0,-2168,-2168,-1.1000000000000014,-4.104477611940305,-2168.0,-3.8202643171806216
player10-f0ebe111,IL2CPP,ac74cac748fd6e6ebd6d35c6cdd90d5b116a231b61a1104ebdec526eee938e26,character,warmup,1,newRoot,SetActive-,1,0.6000000000000014,0.6000000000000014,0.6000000000000014,0.6000000000000014,1,1379.0,1379.0,1379,1379,0.6000000000000014,3.4285714285714475,1379.0,3.709382397245542
player10-f0ebe111,IL2CPP,ac74cac748fd6e6ebd6d35c6cdd90d5b116a231b61a1104ebdec526eee938e26,character,warmup,1,newRoot,SetActive_pair,1,-0.5,-0.5,-0.5,-0.5,1,-789.0,-789.0,-789,-789,-0.5,-1.1286681715575675,-789.0,-0.8400229968272943
player10-f0ebe111,IL2CPP,ac74cac748fd6e6ebd6d35c6cdd90d5b116a231b61a1104ebdec526eee938e26,character,warmup,1,newRoot,buildtotal,1,1.8000000000000043,1.8000000000000043,1.8000000000000043,1.8000000000000043,1,3937.0,3937.0,3937,3937,1.8000000000000043,2.931596091205213,3937.0,3.0408119130004962
player10-f0ebe111,IL2CPP,ac74cac748fd6e6ebd6d35c6cdd90d5b116a231b61a1104ebdec526eee938e26,character,warmup,1,newRoot,colliders+,1,-1.4000000000000004,-1.4000000000000004,-1.4000000000000004,-1.4000000000000004,1,-2876.0,-2876.0,-2876,-2876,-1.4000000000000004,-10.687022900763365,-2876.0,-10.310830674362748
player10-f0ebe111,IL2CPP,ac74cac748fd6e6ebd6d35c6cdd90d5b116a231b61a1104ebdec526eee938e26,character,warmup,1,newRoot,colliders-,1,1.2999999999999998,1.2999999999999998,1.2999999999999998,1.2999999999999998,1,2556.0,2556.0,2556,2556,1.2999999999999998,16.883116883116877,2556.0,15.26425798745894
player10-f0ebe111,IL2CPP,ac74cac748fd6e6ebd6d35c6cdd90d5b116a231b61a1104ebdec526eee938e26,character,warmup,1,newRoot,colliders_pair,1,-0.10000000000000142,-0.10000000000000142,-0.10000000000000142,-0.10000000000000142,1,-320.0,-320.0,-320,-320,-0.10000000000000142,-0.48076923076924016,-320.0,-0.7168779963260041
player10-f0ebe111,IL2CPP,ac74cac748fd6e6ebd6d35c6cdd90d5b116a231b61a1104ebdec526eee938e26,character,warmup,1,newRoot,newRoot+,1,-2.8000000000000003,-2.8000000000000003,-2.8000000000000003,-2.8000000000000003,1,-5778.0,-5778.0,-5778,-5778,-2.8000000000000003,-59.57446808510638,-5778.0,-56.8756767398366
player10-f0ebe111,IL2CPP,ac74cac748fd6e6ebd6d35c6cdd90d5b116a231b61a1104ebdec526eee938e26,character,warmup,1,newRoot,newRoot-,1,2.4000000000000004,2.4000000000000004,2.4000000000000004,2.4000000000000004,1,5255.0,5255.0,5255,5255,2.4000000000000004,120.00000000000001,5255.0,116.08129003755248
player10-f0ebe111,IL2CPP,ac74cac748fd6e6ebd6d35c6cdd90d5b116a231b61a1104ebdec526eee938e26,character,warmup,1,newRoot,newRoot_pair,1,-0.40000000000000036,-0.40000000000000036,-0.40000000000000036,-0.40000000000000036,1,-523.0,-523.0,-523,-523,-0.40000000000000036,-5.97014925373135,-523.0,-3.561214762358711
player10-f0ebe111,IL2CPP,ac74cac748fd6e6ebd6d35c6cdd90d5b116a231b61a1104ebdec526eee938e26,character,warmup,1,newRoot,objects+,1,-8.2,-8.2,-8.2,-8.2,1,-17444.0,-17444.0,-17444,-17444,-8.2,-53.24675324675325,-17444.0,-53.10682862970744
player10-f0ebe111,IL2CPP,ac74cac748fd6e6ebd6d35c6cdd90d5b116a231b61a1104ebdec526eee938e26,character,warmup,1,newRoot,objects-,1,9.6,9.6,9.6,9.6,1,20221.0,20221.0,20221,20221,9.6,139.1304347826087,20221.0,136.98008399945806
player10-f0ebe111,IL2CPP,ac74cac748fd6e6ebd6d35c6cdd90d5b116a231b61a1104ebdec526eee938e26,character,warmup,1,newRoot,objects_pair,1,1.3999999999999986,1.3999999999999986,1.3999999999999986,1.3999999999999986,1,2777.0,2777.0,2777,2777,1.3999999999999986,6.278026905829592,2777.0,5.83293074838791
player10-f0ebe111,IL2CPP,ac74cac748fd6e6ebd6d35c6cdd90d5b116a231b61a1104ebdec526eee938e26,character,warmup,1,newRoot,publishtotal,1,1.6000000000000014,1.6000000000000014,1.6000000000000014,1.6000000000000014,1,3205.0,3205.0,3205,3205,1.6000000000000014,2.6711185308848195,3205.0,2.5360025320462
player10-f0ebe111,IL2CPP,ac74cac748fd6e6ebd6d35c6cdd90d5b116a231b61a1104ebdec526eee938e26,character,warmup,2,newRoot,BuildPublish,1,24.799999999999997,24.799999999999997,24.799999999999997,24.799999999999997,1,52196.0,52196.0,52196,52196,24.799999999999997,20.445177246496282,52196.0,20.400856745305873
player10-f0ebe111,IL2CPP,ac74cac748fd6e6ebd6d35c6cdd90d5b116a231b61a1104ebdec526eee938e26,character,warmup,2,newRoot,BuildSide+,1,4.9999999999999964,4.9999999999999964,4.9999999999999964,4.9999999999999964,1,10643.0,10643.0,10643,10643,4.9999999999999964,16.778523489932873,10643.0,17.01056467466875
player10-f0ebe111,IL2CPP,ac74cac748fd6e6ebd6d35c6cdd90d5b116a231b61a1104ebdec526eee938e26,character,warmup,2,newRoot,BuildSide-,1,0.6000000000000014,0.6000000000000014,0.6000000000000014,0.6000000000000014,1,1212.0,1212.0,1212,1212,0.6000000000000014,3.8709677419354938,1212.0,3.734171365190875
player10-f0ebe111,IL2CPP,ac74cac748fd6e6ebd6d35c6cdd90d5b116a231b61a1104ebdec526eee938e26,character,warmup,2,newRoot,BuildSide_pair,1,5.600000000000001,5.600000000000001,5.600000000000001,5.600000000000001,1,11855.0,11855.0,11855,11855,5.600000000000001,12.362030905077258,11855.0,12.475795588482907
player10-f0ebe111,IL2CPP,ac74cac748fd6e6ebd6d35c6cdd90d5b116a231b61a1104ebdec526eee938e26,character,warmup,2,newRoot,SetActive+,1,14.599999999999998,14.599999999999998,14.599999999999998,14.599999999999998,1,30912.0,30912.0,30912,30912,14.599999999999998,54.4776119402985,30912.0,54.47048458149779
player10-f0ebe111,IL2CPP,ac74cac748fd6e6ebd6d35c6cdd90d5b116a231b61a1104ebdec526eee938e26,character,warmup,2,newRoot,SetActive-,1,-5.300000000000001,-5.300000000000001,-5.300000000000001,-5.300000000000001,1,-10905.0,-10905.0,-10905,-10905,-5.300000000000001,-30.285714285714292,-10905.0,-29.333440929632015
player10-f0ebe111,IL2CPP,ac74cac748fd6e6ebd6d35c6cdd90d5b116a231b61a1104ebdec526eee938e26,character,warmup,2,newRoot,SetActive_pair,1,9.300000000000004,9.300000000000004,9.300000000000004,9.300000000000004,1,20007.0,20007.0,20007,20007,9.300000000000004,20.993227990970674,20007.0,21.300811276962705
player10-f0ebe111,IL2CPP,ac74cac748fd6e6ebd6d35c6cdd90d5b116a231b61a1104ebdec526eee938e26,character,warmup,2,newRoot,buildtotal,1,8.600000000000001,8.600000000000001,8.600000000000001,8.600000000000001,1,17950.0,17950.0,17950,17950,8.600000000000001,14.006514657980462,17950.0,13.864001482946108
player10-f0ebe111,IL2CPP,ac74cac748fd6e6ebd6d35c6cdd90d5b116a231b61a1104ebdec526eee938e26,character,warmup,2,newRoot,colliders+,1,1.3000000000000007,1.3000000000000007,1.3000000000000007,1.3000000000000007,1,2773.0,2773.0,2773,2773,1.3000000000000007,9.92366412213741,2773.0,9.941562399168259
player10-f0ebe111,IL2CPP,ac74cac748fd6e6ebd6d35c6cdd90d5b116a231b61a1104ebdec526eee938e26,character,warmup,2,newRoot,colliders-,1,-0.10000000000000053,-0.10000000000000053,-0.10000000000000053,-0.10000000000000053,1,-337.0,-337.0,-337,-337,-0.10000000000000053,-1.2987012987013102,-337.0,-2.012541057031947
player10-f0ebe111,IL2CPP,ac74cac748fd6e6ebd6d35c6cdd90d5b116a231b61a1104ebdec526eee938e26,character,warmup,2,newRoot,colliders_pair,1,1.1999999999999993,1.1999999999999993,1.1999999999999993,1.1999999999999993,1,2436.0,2436.0,2436,2436,1.1999999999999993,5.769230769230771,2436.0,5.457233747031687
player10-f0ebe111,IL2CPP,ac74cac748fd6e6ebd6d35c6cdd90d5b116a231b61a1104ebdec526eee938e26,character,warmup,2,newRoot,newRoot+,1,0.7000000000000002,0.7000000000000002,0.7000000000000002,0.7000000000000002,1,1365.0,1365.0,1365,1365,0.7000000000000002,14.893617021276606,1365.0,13.436361846638455
player10-f0ebe111,IL2CPP,ac74cac748fd6e6ebd6d35c6cdd90d5b116a231b61a1104ebdec526eee938e26,character,warmup,2,newRoot,newRoot-,1,0.20000000000000018,0.20000000000000018,0.20000000000000018,0.20000000000000018,1,352.0,352.0,352,352,0.20000000000000018,10.000000000000009,352.0,7.775568809366029
player10-f0ebe111,IL2CPP,ac74cac748fd6e6ebd6d35c6cdd90d5b116a231b61a1104ebdec526eee938e26,character,warmup,2,newRoot,newRoot_pair,1,0.8999999999999995,0.8999999999999995,0.8999999999999995,0.8999999999999995,1,1717.0,1717.0,1717,1717,0.8999999999999995,13.432835820895516,1717.0,11.691406781969228
player10-f0ebe111,IL2CPP,ac74cac748fd6e6ebd6d35c6cdd90d5b116a231b61a1104ebdec526eee938e26,character,warmup,2,newRoot,objects+,1,1.799999999999999,1.799999999999999,1.799999999999999,1.799999999999999,1,3531.0,3531.0,3531,3531,1.799999999999999,11.688311688311682,3531.0,10.749840168051872
player10-f0ebe111,IL2CPP,ac74cac748fd6e6ebd6d35c6cdd90d5b116a231b61a1104ebdec526eee938e26,character,warmup,2,newRoot,objects-,1,0.6999999999999993,0.6999999999999993,0.6999999999999993,0.6999999999999993,1,1463.0,1463.0,1463,1463,0.6999999999999993,10.144927536231862,1463.0,9.910581222056635
player10-f0ebe111,IL2CPP,ac74cac748fd6e6ebd6d35c6cdd90d5b116a231b61a1104ebdec526eee938e26,character,warmup,2,newRoot,objects_pair,1,2.5,2.5,2.5,2.5,1,4994.0,4994.0,4994,4994,2.5,11.210762331838575,4994.0,10.489613308408074
player10-f0ebe111,IL2CPP,ac74cac748fd6e6ebd6d35c6cdd90d5b116a231b61a1104ebdec526eee938e26,character,warmup,2,newRoot,publishtotal,1,16.199999999999996,16.199999999999996,16.199999999999996,16.199999999999996,1,34246.0,34246.0,34246,34246,16.199999999999996,27.045075125208683,34246.0,27.097642031967073
player10-f0ebe111,IL2CPP,ac74cac748fd6e6ebd6d35c6cdd90d5b116a231b61a1104ebdec526eee938e26,character,warmup,3,newRoot,BuildPublish,1,-0.7999999999999972,-0.7999999999999972,-0.7999999999999972,-0.7999999999999972,1,-1578.0,-1578.0,-1578,-1578,-0.7999999999999972,-0.6595218466611708,-1578.0,-0.6167628160030025
player10-f0ebe111,IL2CPP,ac74cac748fd6e6ebd6d35c6cdd90d5b116a231b61a1104ebdec526eee938e26,character,warmup,3,newRoot,BuildSide+,1,-10.600000000000001,-10.600000000000001,-10.600000000000001,-10.600000000000001,1,-22223.0,-22223.0,-22223,-22223,-10.600000000000001,-35.570469798657726,-22223.0,-35.51872392794924
player10-f0ebe111,IL2CPP,ac74cac748fd6e6ebd6d35c6cdd90d5b116a231b61a1104ebdec526eee938e26,character,warmup,3,newRoot,BuildSide-,1,9.3,9.3,9.3,9.3,1,19623.0,19623.0,19623,19623,9.3,60.00000000000001,19623.0,60.45845272206303
player10-f0ebe111,IL2CPP,ac74cac748fd6e6ebd6d35c6cdd90d5b116a231b61a1104ebdec526eee938e26,character,warmup,3,newRoot,BuildSide_pair,1,-1.2999999999999972,-1.2999999999999972,-1.2999999999999972,-1.2999999999999972,1,-2600.0,-2600.0,-2600,-2600,-1.2999999999999972,-2.8697571743929284,-2600.0,-2.736150867149356
player10-f0ebe111,IL2CPP,ac74cac748fd6e6ebd6d35c6cdd90d5b116a231b61a1104ebdec526eee938e26,character,warmup,3,newRoot,SetActive+,1,5.599999999999998,5.599999999999998,5.599999999999998,5.599999999999998,1,11972.0,11972.0,11972,11972,5.599999999999998,20.895522388059696,11972.0,21.096035242290757
player10-f0ebe111,IL2CPP,ac74cac748fd6e6ebd6d35c6cdd90d5b116a231b61a1104ebdec526eee938e26,character,warmup,3,newRoot,SetActive-,1,-4.300000000000001,-4.300000000000001,-4.300000000000001,-4.300000000000001,1,-9136.0,-9136.0,-9136,-9136,-4.300000000000001,-24.571428571428577,-9136.0,-24.574994620185066
player10-f0ebe111,IL2CPP,ac74cac748fd6e6ebd6d35c6cdd90d5b116a231b61a1104ebdec526eee938e26,character,warmup,3,newRoot,SetActive_pair,1,1.3000000000000043,1.3000000000000043,1.3000000000000043,1.3000000000000043,1,2836.0,2836.0,2836,2836,1.3000000000000043,2.934537246049662,2836.0,3.019398249685934
player10-f0ebe111,IL2CPP,ac74cac748fd6e6ebd6d35c6cdd90d5b116a231b61a1104ebdec526eee938e26,character,warmup,3,newRoot,buildtotal,1,-2.5,-2.5,-2.5,-2.5,1,-5259.0,-5259.0,-5259,-5259,-2.5,-4.071661237785018,-5259.0,-4.0618821057834875
player10-f0ebe111,IL2CPP,ac74cac748fd6e6ebd6d35c6cdd90d5b116a231b61a1104ebdec526eee938e26,character,warmup,3,newRoot,colliders+,1,-1.0999999999999996,-1.0999999999999996,-1.0999999999999996,-1.0999999999999996,1,-2447.0,-2447.0,-2447,-2447,-1.0999999999999996,-8.3969465648855,-2447.0,-8.772810382533248
player10-f0ebe111,IL2CPP,ac74cac748fd6e6ebd6d35c6cdd90d5b116a231b61a1104ebdec526eee938e26,character,warmup,3,newRoot,colliders-,1,0.7000000000000002,0.7000000000000002,0.7000000000000002,0.7000000000000002,1,1313.0,1313.0,1313,1313,0.7000000000000002,9.090909090909083,1313.0,7.841146610928629
player10-f0ebe111,IL2CPP,ac74cac748fd6e6ebd6d35c6cdd90d5b116a231b61a1104ebdec526eee938e26,character,warmup,3,newRoot,colliders_pair,1,-0.40000000000000213,-0.40000000000000213,-0.40000000000000213,-0.40000000000000213,1,-1134.0,-1134.0,-1134,-1134,-0.40000000000000213,-1.9230769230769384,-1134.0,-2.5404363994802615
player10-f0ebe111,IL2CPP,ac74cac748fd6e6ebd6d35c6cdd90d5b116a231b61a1104ebdec526eee938e26,character,warmup,3,newRoot,newRoot+,1,-2.8000000000000003,-2.8000000000000003,-2.8000000000000003,-2.8000000000000003,1,-5943.0,-5943.0,-5943,-5943,-2.8000000000000003,-59.57446808510638,-5943.0,-58.49985234767201
player10-f0ebe111,IL2CPP,ac74cac748fd6e6ebd6d35c6cdd90d5b116a231b61a1104ebdec526eee938e26,character,warmup,3,newRoot,newRoot-,1,2.0,2.0,2.0,2.0,1,4203.0,4203.0,4203,4203,2.0,100.0,4203.0,92.84294234592446
player10-f0ebe111,IL2CPP,ac74cac748fd6e6ebd6d35c6cdd90d5b116a231b61a1104ebdec526eee938e26,character,warmup,3,newRoot,newRoot_pair,1,-0.7999999999999998,-0.7999999999999998,-0.7999999999999998,-0.7999999999999998,1,-1740.0,-1740.0,-1740,-1740,-0.7999999999999998,-11.940298507462687,-1740.0,-11.848018521040448
player10-f0ebe111,IL2CPP,ac74cac748fd6e6ebd6d35c6cdd90d5b116a231b61a1104ebdec526eee938e26,character,warmup,3,newRoot,objects+,1,-8.9,-8.9,-8.9,-8.9,1,-18877.0,-18877.0,-18877,-18877,-8.9,-57.7922077922078,-18877.0,-57.46947970895364
player10-f0ebe111,IL2CPP,ac74cac748fd6e6ebd6d35c6cdd90d5b116a231b61a1104ebdec526eee938e26,character,warmup,3,newRoot,objects-,1,8.299999999999999,8.299999999999999,8.299999999999999,8.299999999999999,1,17523.0,17523.0,17523,17523,8.299999999999999,120.28985507246372,17523.0,118.70342771982116
player10-f0ebe111,IL2CPP,ac74cac748fd6e6ebd6d35c6cdd90d5b116a231b61a1104ebdec526eee938e26,character,warmup,3,newRoot,objects_pair,1,-0.6000000000000014,-0.6000000000000014,-0.6000000000000014,-0.6000000000000014,1,-1354.0,-1354.0,-1354,-1354,-0.6000000000000014,-2.6905829596412634,-1354.0,-2.844000084017728
player10-f0ebe111,IL2CPP,ac74cac748fd6e6ebd6d35c6cdd90d5b116a231b61a1104ebdec526eee938e26,character,warmup,3,newRoot,publishtotal,1,1.7000000000000028,1.7000000000000028,1.7000000000000028,1.7000000000000028,1,3681.0,3681.0,3681,3681,1.7000000000000028,2.8380634390651194,3681.0,2.9126444057604006
player11-6bad76e3,IL2CPP,ac74cac748fd6e6ebd6d35c6cdd90d5b116a231b61a1104ebdec526eee938e26,box,measured,0,newRoot,BuildPublish,8,0.0,0.0,0.0,0.0,8,0.0,0.0,0,0,0.0,0.0,0.0,0.0
player11-6bad76e3,IL2CPP,ac74cac748fd6e6ebd6d35c6cdd90d5b116a231b61a1104ebdec526eee938e26,box,measured,0,newRoot,BuildSide+,8,0.0,0.0,0.0,0.0,8,0.0,0.0,0,0,0.0,0.0,0.0,0.0
player11-6bad76e3,IL2CPP,ac74cac748fd6e6ebd6d35c6cdd90d5b116a231b61a1104ebdec526eee938e26,box,measured,0,newRoot,BuildSide-,8,0.0,0.0,0.0,0.0,8,0.0,0.0,0,0,0.0,0.0,0.0,0.0
player11-6bad76e3,IL2CPP,ac74cac748fd6e6ebd6d35c6cdd90d5b116a231b61a1104ebdec526eee938e26,box,measured,0,newRoot,BuildSide_pair,8,0.0,0.0,0.0,0.0,8,0.0,0.0,0,0,0.0,0.0,0.0,0.0
player11-6bad76e3,IL2CPP,ac74cac748fd6e6ebd6d35c6cdd90d5b116a231b61a1104ebdec526eee938e26,box,measured,0,newRoot,SetActive+,8,0.0,0.0,0.0,0.0,8,0.0,0.0,0,0,0.0,0.0,0.0,0.0
player11-6bad76e3,IL2CPP,ac74cac748fd6e6ebd6d35c6cdd90d5b116a231b61a1104ebdec526eee938e26,box,measured,0,newRoot,SetActive-,8,0.0,0.0,0.0,0.0,8,0.0,0.0,0,0,0.0,0.0,0.0,0.0
player11-6bad76e3,IL2CPP,ac74cac748fd6e6ebd6d35c6cdd90d5b116a231b61a1104ebdec526eee938e26,box,measured,0,newRoot,SetActive_pair,8,0.0,0.0,0.0,0.0,8,0.0,0.0,0,0,0.0,0.0,0.0,0.0
player11-6bad76e3,IL2CPP,ac74cac748fd6e6ebd6d35c6cdd90d5b116a231b61a1104ebdec526eee938e26,box,measured,0,newRoot,buildtotal,8,0.0,0.0,0.0,0.0,8,0.0,0.0,0,0,0.0,0.0,0.0,0.0
player11-6bad76e3,IL2CPP,ac74cac748fd6e6ebd6d35c6cdd90d5b116a231b61a1104ebdec526eee938e26,box,measured,0,newRoot,colliders+,8,0.0,0.0,0.0,0.0,8,0.0,0.0,0,0,0.0,0.0,0.0,0.0
player11-6bad76e3,IL2CPP,ac74cac748fd6e6ebd6d35c6cdd90d5b116a231b61a1104ebdec526eee938e26,box,measured,0,newRoot,colliders-,8,0.0,0.0,0.0,0.0,8,0.0,0.0,0,0,0.0,0.0,0.0,0.0
player11-6bad76e3,IL2CPP,ac74cac748fd6e6ebd6d35c6cdd90d5b116a231b61a1104ebdec526eee938e26,box,measured,0,newRoot,colliders_pair,8,0.0,0.0,0.0,0.0,8,0.0,0.0,0,0,0.0,0.0,0.0,0.0
player11-6bad76e3,IL2CPP,ac74cac748fd6e6ebd6d35c6cdd90d5b116a231b61a1104ebdec526eee938e26,box,measured,0,newRoot,newRoot+,8,0.0,0.0,0.0,0.0,8,0.0,0.0,0,0,0.0,0.0,0.0,0.0
player11-6bad76e3,IL2CPP,ac74cac748fd6e6ebd6d35c6cdd90d5b116a231b61a1104ebdec526eee938e26,box,measured,0,newRoot,newRoot-,8,0.0,0.0,0.0,0.0,8,0.0,0.0,0,0,0.0,0.0,0.0,0.0
player11-6bad76e3,IL2CPP,ac74cac748fd6e6ebd6d35c6cdd90d5b116a231b61a1104ebdec526eee938e26,box,measured,0,newRoot,newRoot_pair,8,0.0,0.0,0.0,0.0,8,0.0,0.0,0,0,0.0,0.0,0.0,0.0
player11-6bad76e3,IL2CPP,ac74cac748fd6e6ebd6d35c6cdd90d5b116a231b61a1104ebdec526eee938e26,box,measured,0,newRoot,objects+,8,0.0,0.0,0.0,0.0,8,0.0,0.0,0,0,0.0,0.0,0.0,0.0
player11-6bad76e3,IL2CPP,ac74cac748fd6e6ebd6d35c6cdd90d5b116a231b61a1104ebdec526eee938e26,box,measured,0,newRoot,objects-,8,0.0,0.0,0.0,0.0,8,0.0,0.0,0,0,0.0,0.0,0.0,0.0
player11-6bad76e3,IL2CPP,ac74cac748fd6e6ebd6d35c6cdd90d5b116a231b61a1104ebdec526eee938e26,box,measured,0,newRoot,objects_pair,8,0.0,0.0,0.0,0.0,8,0.0,0.0,0,0,0.0,0.0,0.0,0.0
player11-6bad76e3,IL2CPP,ac74cac748fd6e6ebd6d35c6cdd90d5b116a231b61a1104ebdec526eee938e26,box,measured,0,newRoot,publishtotal,8,0.0,0.0,0.0,0.0,8,0.0,0.0,0,0,0.0,0.0,0.0,0.0
player11-6bad76e3,IL2CPP,ac74cac748fd6e6ebd6d35c6cdd90d5b116a231b61a1104ebdec526eee938e26,box,measured,1,newRoot,BuildPublish,8,-0.6499999999999915,14.729999999999997,-4.199999999999989,15.5,8,-1744.0,31291.35,-9034,33118,1.1500000000000057,1.4520202020201989,2476.0,1.476789473998119
player11-6bad76e3,IL2CPP,ac74cac748fd6e6ebd6d35c6cdd90d5b116a231b61a1104ebdec526eee938e26,box,measured,1,newRoot,BuildSide+,8,-9.95,-7.339999999999999,-10.899999999999999,-7.199999999999999,8,-21009.0,-15357.1,-22835,-15103,-10.0,-52.63157894736843,-21089.5,-52.77784729347581
player11-6bad76e3,IL2CPP,ac74cac748fd6e6ebd6d35c6cdd90d5b116a231b61a1104ebdec526eee938e26,box,measured,1,newRoot,BuildSide-,8,10.15,14.334999999999997,7.900000000000002,15.7,8,21271.5,30065.849999999995,16646,32967,10.399999999999999,113.66120218579235,21736.5,112.75287892934954
player11-6bad76e3,IL2CPP,ac74cac748fd6e6ebd6d35c6cdd90d5b116a231b61a1104ebdec526eee938e26,box,measured,1,newRoot,BuildSide_pair,8,0.09999999999999964,5.1850000000000005,-0.8999999999999986,5.5,8,-207.5,10820.4,-1897,11491,0.7000000000000028,2.517985611510798,1191.0,2.033360080583213
player11-6bad76e3,IL2CPP,ac74cac748fd6e6ebd6d35c6cdd90d5b116a231b61a1104ebdec526eee938e26,box,measured,1,newRoot,SetActive+,8,-0.25,2.9499999999999984,-1.3000000000000007,4.0,8,-455.5,6290.7999999999965,-2862,8507,-0.40000000000000213,-2.9962546816479585,-769.0,-2.698056276752514
player11-6bad76e3,IL2CPP,ac74cac748fd6e6ebd6d35c6cdd90d5b116a231b61a1104ebdec526eee938e26,box,measured,1,newRoot,SetActive-,8,0.25,2.494999999999999,-0.5,2.5999999999999996,8,415.0,5292.2,-1295,5435,0.6999999999999993,7.777777777777772,1362.0,7.030403138388475
player11-6bad76e3,IL2CPP,ac74cac748fd6e6ebd6d35c6cdd90d5b116a231b61a1104ebdec526eee938e26,box,measured,1,newRoot,SetActive_pair,8,-0.3000000000000007,5.3549999999999995,-1.0,6.300000000000001,8,-812.5,11460.599999999997,-2332,13534,-0.10000000000000142,-0.44543429844098315,-419.0,-0.8693126413411023
player11-6bad76e3,IL2CPP,ac74cac748fd6e6ebd6d35c6cdd90d5b116a231b61a1104ebdec526eee938e26,box,measured,1,newRoot,buildtotal,8,0.4499999999999993,7.824999999999996,-2.8999999999999986,9.399999999999999,8,587.0,16659.299999999996,-6061,20104,1.0500000000000043,2.4054982817869552,2523.5,2.715952386077447
player11-6bad76e3,IL2CPP,ac74cac748fd6e6ebd6d35c6cdd90d5b116a231b61a1104ebdec526eee938e26,box,measured,1,newRoot,colliders+,8,-0.7,-0.535,-1.1,-0.5,8,-1690.5,-1137.2500000000002,-2443,-957,-0.75,-42.85714285714286,-1691.5,-41.65230238857425
player11-6bad76e3,IL2CPP,ac74cac748fd6e6ebd6d35c6cdd90d5b116a231b61a1104ebdec526eee938e26,box,measured,1,newRoot,colliders-,8,0.95,1.295,0.7999999999999999,1.4,8,2003.5,2714.3999999999996,1703,3021,0.9500000000000001,105.55555555555559,1959.5,87.59499329459098
player11-6bad76e3,IL2CPP,ac74cac748fd6e6ebd6d35c6cdd90d5b116a231b61a1104ebdec526eee938e26,box,measured,1,newRoot,colliders_pair,8,0.25,0.4649999999999999,-0.10000000000000009,0.5,8,427.5,904.9999999999998,-267,1080,0.19999999999999973,7.407407407407396,367.0,5.817086701537488
player11-6bad76e3,IL2CPP,ac74cac748fd6e6ebd6d35c6cdd90d5b116a231b61a1104ebdec526eee938e26,box,measured,1,newRoot,newRoot+,8,-2.1500000000000004,-1.5700000000000003,-3.1,-1.5000000000000004,8,-4663.0,-3510.0000000000005,-6623,-3335,-2.2,-50.0,-4830.0,-50.23139722323332
player11-6bad76e3,IL2CPP,ac74cac748fd6e6ebd6d35c6cdd90d5b116a231b61a1104ebdec526eee938e26,box,measured,1,newRoot,newRoot-,8,2.15,4.509999999999999,1.5999999999999996,5.0,8,4639.5,9603.55,3573,10586,2.4000000000000004,104.34782608695654,5190.0,101.68495297805644
player11-6bad76e3,IL2CPP,ac74cac748fd6e6ebd6d35c6cdd90d5b116a231b61a1104ebdec526eee938e26,box,measured,1,newRoot,newRoot_pair,8,0.40000000000000036,2.234999999999999,-1.3999999999999995,2.9000000000000004,8,927.0,4777.449999999998,-3050,6133,0.15000000000000036,2.205882352941191,384.0,2.563417890520703
player11-6bad76e3,IL2CPP,ac74cac748fd6e6ebd6d35c6cdd90d5b116a231b61a1104ebdec526eee938e26,box,measured,1,newRoot,objects+,8,-8.299999999999999,-6.305,-9.599999999999998,-6.199999999999999,8,-17456.0,-13259.45,-20147,-13061,-8.35,-53.18471337579618,-17501.5,-52.60682026541623
player11-6bad76e3,IL2CPP,ac74cac748fd6e6ebd6d35c6cdd90d5b116a231b61a1104ebdec526eee938e26,box,measured,1,newRoot,objects-,8,8.45,12.204999999999998,6.3,13.5,8,17932.0,26000.999999999996,13606,28773,8.75,115.89403973509933,18476.0,114.96842039762298
player11-6bad76e3,IL2CPP,ac74cac748fd6e6ebd6d35c6cdd90d5b116a231b61a1104ebdec526eee938e26,box,measured,1,newRoot,objects_pair,8,-0.1999999999999993,4.6400000000000015,-1.2999999999999972,5.200000000000003,8,-360.0,10076.099999999999,-2517,11306,0.6500000000000021,2.8322440087146017,1504.0,3.0852864249448775
player11-6bad76e3,IL2CPP,ac74cac748fd6e6ebd6d35c6cdd90d5b116a231b61a1104ebdec526eee938e26,box,measured,1,newRoot,publishtotal,8,-0.8500000000000014,9.09,-1.9000000000000057,10.700000000000003,8,-1664.0,19213.049999999996,-3983,22551,-0.6499999999999986,-1.851851851851849,-1418.0,-1.9151421837753202
player11-6bad76e3,IL2CPP,ac74cac748fd6e6ebd6d35c6cdd90d5b116a231b61a1104ebdec526eee938e26,box,measured,2,newRoot,BuildPublish,8,2.6500000000000057,9.435000000000008,-4.699999999999989,10.800000000000011,8,5576.5,19805.749999999996,-11219,22527,-0.2499999999999858,-0.3156565656565524,-895.0,-0.5338152581697564
player11-6bad76e3,IL2CPP,ac74cac748fd6e6ebd6d35c6cdd90d5b116a231b61a1104ebdec526eee938e26,box,measured,2,newRoot,BuildSide+,8,1.25,3.6300000000000017,-1.6999999999999993,3.700000000000003,8,2560.0,7671.799999999999,-3708,7858,1.1499999999999986,6.052631578947354,2458.5,6.152556370279538
player11-6bad76e3,IL2CPP,ac74cac748fd6e6ebd6d35c6cdd90d5b116a231b61a1104ebdec526eee938e26,box,measured,2,newRoot,BuildSide-,8,-0.2999999999999998,1.1199999999999997,-0.6999999999999993,1.4000000000000004,8,-750.0,2160.949999999999,-1404,2701,-0.1999999999999993,-2.1857923497267673,-449.5,-2.3316734101047842
player11-6bad76e3,IL2CPP,ac74cac748fd6e6ebd6d35c6cdd90d5b116a231b61a1104ebdec526eee938e26,box,measured,2,newRoot,BuildSide_pair,8,0.9000000000000004,4.690000000000001,-2.3999999999999986,4.900000000000002,8,1810.5,9673.15,-5112,10027,1.3000000000000043,4.676258992805771,2540.0,4.336469021562839
player11-6bad76e3,IL2CPP,ac74cac748fd6e6ebd6d35c6cdd90d5b116a231b61a1104ebdec526eee938e26,box,measured,2,newRoot,SetActive+,8,6.1000000000000005,7.214999999999998,5.499999999999998,7.6,8,12847.5,15279.099999999999,11707,16117,5.849999999999998,43.8202247191011,12397.5,43.496947582625786
player11-6bad76e3,IL2CPP,ac74cac748fd6e6ebd6d35c6cdd90d5b116a231b61a1104ebdec526eee938e26,box,measured,2,newRoot,SetActive-,8,-5.85,-5.335,-7.800000000000001,-5.300000000000001,8,-12297.5,-11435.65,-16511,-11394,-5.8,-64.44444444444444,-12313.5,-63.56010943065091
player11-6bad76e3,IL2CPP,ac74cac748fd6e6ebd6d35c6cdd90d5b116a231b61a1104ebdec526eee938e26,box,measured,2,newRoot,SetActive_pair,8,0.5,1.4149999999999996,-2.3000000000000007,1.8000000000000007,8,831.0,2968.8499999999985,-4804,3826,-3.552713678800501e-15,-1.1102230246251565e-14,-77.0,-0.15975435175004105
player11-6bad76e3,IL2CPP,ac74cac748fd6e6ebd6d35c6cdd90d5b116a231b61a1104ebdec526eee938e26,box,measured,2,newRoot,buildtotal,8,1.5,7.01,-3.1000000000000014,7.5,8,3149.5,14716.749999999998,-6198,15604,0.7000000000000028,1.603665521191311,945.5,1.0176076802204115
player11-6bad76e3,IL2CPP,ac74cac748fd6e6ebd6d35c6cdd90d5b116a231b61a1104ebdec526eee938e26,box,measured,2,newRoot,colliders+,8,0.15000000000000013,0.46500000000000014,-0.10000000000000009,0.5000000000000002,8,326.0,892.0999999999998,-518,1023,0.19999999999999996,11.428571428571432,434.0,10.687022900763354
player11-6bad76e3,IL2CPP,ac74cac748fd6e6ebd6d35c6cdd90d5b116a231b61a1104ebdec526eee938e26,box,measured,2,newRoot,colliders-,8,0.0,0.10000000000000005,-0.09999999999999998,0.10000000000000009,8,-6.5,242.7,-211,256,0.04999999999999993,5.555555555555558,-16.0,-0.7152436298614173
player11-6bad76e3,IL2CPP,ac74cac748fd6e6ebd6d35c6cdd90d5b116a231b61a1104ebdec526eee938e26,box,measured,2,newRoot,colliders_pair,8,0.24999999999999978,0.495,-0.19999999999999973,0.6000000000000001,8,342.0,1038.8999999999996,-594,1279,0.14999999999999947,5.555555555555536,289.5,4.588682834046609
player11-6bad76e3,IL2CPP,ac74cac748fd6e6ebd6d35c6cdd90d5b116a231b61a1104ebdec526eee938e26,box,measured,2,newRoot,newRoot+,8,-0.050000000000000266,0.8599999999999999,-1.3000000000000003,1.0000000000000004,8,122.0,1768.7499999999995,-2721,2075,0.1999999999999993,4.545454545454519,354.0,3.6815558213301403
player11-6bad76e3,IL2CPP,ac74cac748fd6e6ebd6d35c6cdd90d5b116a231b61a1104ebdec526eee938e26,box,measured,2,newRoot,newRoot-,8,-0.19999999999999996,0.19999999999999973,-1.2,0.19999999999999973,8,-408.0,416.4,-2446,422,-0.19999999999999973,-8.695652173913038,-407.5,-7.983934169278994
player11-6bad76e3,IL2CPP,ac74cac748fd6e6ebd6d35c6cdd90d5b116a231b61a1104ebdec526eee938e26,box,measured,2,newRoot,newRoot_pair,8,-0.34999999999999964,0.8000000000000004,-2.499999999999999,0.8000000000000007,8,-169.5,1608.35,-5167,1622,-0.04999999999999982,-0.7352941176470562,67.5,0.45060080106809064
player11-6bad76e3,IL2CPP,ac74cac748fd6e6ebd6d35c6cdd90d5b116a231b61a1104ebdec526eee938e26,box,measured,2,newRoot,objects+,8,1.0,3.0649999999999995,-2.1000000000000014,3.0999999999999996,8,2133.5,6594.55,-4307,6604,1.3499999999999979,8.598726114649669,2969.0,8.924357876068957
player11-6bad76e3,IL2CPP,ac74cac748fd6e6ebd6d35c6cdd90d5b116a231b61a1104ebdec526eee938e26,box,measured,2,newRoot,objects-,8,-0.3500000000000001,0.89,-0.6999999999999993,1.1000000000000005,8,-760.0,1916.9499999999994,-1338,2373,-0.20000000000000018,-2.6490066225165587,-323.5,-2.013005195855766
player11-6bad76e3,IL2CPP,ac74cac748fd6e6ebd6d35c6cdd90d5b116a231b61a1104ebdec526eee938e26,box,measured,2,newRoot,objects_pair,8,0.6000000000000014,3.8900000000000006,-2.799999999999997,4.100000000000001,8,1411.5,8412.05,-5645,8824,1.4000000000000021,6.100217864923763,3039.0,6.234165854659213
player11-6bad76e3,IL2CPP,ac74cac748fd6e6ebd6d35c6cdd90d5b116a231b61a1104ebdec526eee938e26,box,measured,2,newRoot,publishtotal,8,0.6500000000000021,2.7749999999999986,-3.6000000000000014,3.299999999999997,8,1189.0,5904.499999999998,-7642,6923,0.3500000000000014,0.9971509971510084,649.0,0.8765354564669758
player11-6bad76e3,IL2CPP,ac74cac748fd6e6ebd6d35c6cdd90d5b116a231b61a1104ebdec526eee938e26,box,measured,3,newRoot,BuildPublish,8,0.6000000000000085,5.545,-2.5,6.0,8,659.5,12071.199999999999,-6546,13054,1.4210854715202004e-14,2.220446049250313e-14,-321.5,-0.1917559838006455
player11-6bad76e3,IL2CPP,ac74cac748fd6e6ebd6d35c6cdd90d5b116a231b61a1104ebdec526eee938e26,box,measured,3,newRoot,BuildSide+,8,-10.149999999999999,-7.905,-11.099999999999998,-7.800000000000001,8,-21377.0,-16787.75,-23449,-16618,-10.1,-53.1578947368421,-21180.0,-53.00432943767361
player11-6bad76e3,IL2CPP,ac74cac748fd6e6ebd6d35c6cdd90d5b116a231b61a1104ebdec526eee938e26,box,measured,3,newRoot,BuildSide-,8,10.5,11.425,8.299999999999999,11.600000000000001,8,22114.0,23979.25,17311,24415,10.450000000000003,114.2076502732241,21924.5,113.72808382612303
player11-6bad76e3,IL2CPP,ac74cac748fd6e6ebd6d35c6cdd90d5b116a231b61a1104ebdec526eee938e26,box,measured,3,newRoot,BuildSide_pair,8,1.0000000000000018,2.3249999999999997,-2.8000000000000007,2.5,8,1920.0,4833.349999999999,-6138,5218,1.0000000000000036,3.5971223021582954,1920.0,3.2779608351971135
player11-6bad76e3,IL2CPP,ac74cac748fd6e6ebd6d35c6cdd90d5b116a231b61a1104ebdec526eee938e26,box,measured,3,newRoot,SetActive+,8,5.750000000000001,6.5649999999999995,4.299999999999999,6.6,8,12013.0,13850.15,9134,13994,5.299999999999997,39.700374531835166,11121.5,39.020068767104064
player11-6bad76e3,IL2CPP,ac74cac748fd6e6ebd6d35c6cdd90d5b116a231b61a1104ebdec526eee938e26,box,measured,3,newRoot,SetActive-,8,-5.699999999999999,-5.235,-7.300000000000001,-5.2,8,-12130.0,-11129.4,-15621,-11121,-5.8,-64.44444444444444,-12262.5,-63.29685644969803
player11-6bad76e3,IL2CPP,ac74cac748fd6e6ebd6d35c6cdd90d5b116a231b61a1104ebdec526eee938e26,box,measured,3,newRoot,SetActive_pair,8,0.0,1.3000000000000007,-2.5,1.3000000000000007,8,-111.0,2713.5499999999997,-5281,2849,-0.6500000000000057,-2.895322939866396,-1544.5,-3.2044233282848222
player11-6bad76e3,IL2CPP,ac74cac748fd6e6ebd6d35c6cdd90d5b116a231b61a1104ebdec526eee938e26,box,measured,3,newRoot,buildtotal,8,0.3999999999999986,4.574999999999998,-2.1000000000000014,5.100000000000001,8,179.0,9867.349999999999,-4567,11008,0.8000000000000043,1.8327605956472093,1196.5,1.2877499623307642
player11-6bad76e3,IL2CPP,ac74cac748fd6e6ebd6d35c6cdd90d5b116a231b61a1104ebdec526eee938e26,box,measured,3,newRoot,colliders+,8,-0.7999999999999999,-0.5999999999999999,-1.0,-0.5999999999999999,8,-1758.0,-1478.0,-2333,-1471,-0.75,-42.85714285714286,-1687.0,-41.54149224328984
player11-6bad76e3,IL2CPP,ac74cac748fd6e6ebd6d35c6cdd90d5b116a231b61a1104ebdec526eee938e26,box,measured,3,newRoot,colliders-,8,0.9,1.065,0.7999999999999999,1.1,8,1894.0,2230.25,1445,2232,0.9,100.0,1928.0,86.1868573983013
player11-6bad76e3,IL2CPP,ac74cac748fd6e6ebd6d35c6cdd90d5b116a231b61a1104ebdec526eee938e26,box,measured,3,newRoot,colliders_pair,8,0.1499999999999999,0.3299999999999999,-0.10000000000000009,0.3999999999999999,8,41.0,629.9999999999998,-318,756,0.09999999999999964,3.703703703703698,195.0,3.0908226343319134
player11-6bad76e3,IL2CPP,ac74cac748fd6e6ebd6d35c6cdd90d5b116a231b61a1104ebdec526eee938e26,box,measured,3,newRoot,newRoot+,8,-2.1000000000000005,-1.84,-3.2,-1.6999999999999997,8,-4717.5,-4019.0000000000005,-6963,-3767,-2.25,-51.136363636363626,-4735.5,-49.2486090166918
player11-6bad76e3,IL2CPP,ac74cac748fd6e6ebd6d35c6cdd90d5b116a231b61a1104ebdec526eee938e26,box,measured,3,newRoot,newRoot-,8,2.1,2.63,0.7999999999999998,2.7,8,4533.5,5674.4,1825,5848,2.1500000000000004,93.47826086956523,4594.5,90.01763322884014
player11-6bad76e3,IL2CPP,ac74cac748fd6e6ebd6d35c6cdd90d5b116a231b61a1104ebdec526eee938e26,box,measured,3,newRoot,newRoot_pair,8,-0.1499999999999999,0.40000000000000036,-2.3999999999999995,0.40000000000000036,8,-213.5,813.0,-5138,855,-0.09999999999999964,-1.4705882352941124,-268.0,-1.7890520694259004
player11-6bad76e3,IL2CPP,ac74cac748fd6e6ebd6d35c6cdd90d5b116a231b61a1104ebdec526eee938e26,box,measured,3,newRoot,objects+,8,-8.549999999999999,-6.904999999999999,-9.600000000000001,-6.799999999999999,8,-18029.0,-14610.95,-20255,-14479,-8.399999999999999,-53.50318471337579,-17710.0,-53.23353923380976
player11-6bad76e3,IL2CPP,ac74cac748fd6e6ebd6d35c6cdd90d5b116a231b61a1104ebdec526eee938e26,box,measured,3,newRoot,objects-,8,8.6,9.72,6.6,10.0,8,18259.5,20591.85,13978,21218,8.5,112.58278145695364,18113.0,112.7096232226751
player11-6bad76e3,IL2CPP,ac74cac748fd6e6ebd6d35c6cdd90d5b116a231b61a1104ebdec526eee938e26,box,measured,3,newRoot,objects_pair,8,0.4499999999999993,1.655000000000002,-3.0,1.9000000000000021,8,1102.0,3560.5999999999995,-6277,4038,0.4499999999999993,1.9607843137254832,1122.0,2.3016564952048846
player11-6bad76e3,IL2CPP,ac74cac748fd6e6ebd6d35c6cdd90d5b116a231b61a1104ebdec526eee938e26,box,measured,3,newRoot,publishtotal,8,0.8000000000000007,1.8499999999999999,-3.1000000000000014,2.200000000000003,8,1728.0,3750.199999999999,-6684,4425,-0.10000000000000142,-0.2849002849002913,-367.5,-0.49634326695163766
player11-6bad76e3,IL2CPP,ac74cac748fd6e6ebd6d35c6cdd90d5b116a231b61a1104ebdec526eee938e26,box,warmup,0,newRoot,BuildPublish,1,0.0,0.0,0.0,0.0,1,0.0,0.0,0,0,0.0,0.0,0.0,0.0
player11-6bad76e3,IL2CPP,ac74cac748fd6e6ebd6d35c6cdd90d5b116a231b61a1104ebdec526eee938e26,box,warmup,0,newRoot,BuildSide+,1,0.0,0.0,0.0,0.0,1,0.0,0.0,0,0,0.0,0.0,0.0,0.0
player11-6bad76e3,IL2CPP,ac74cac748fd6e6ebd6d35c6cdd90d5b116a231b61a1104ebdec526eee938e26,box,warmup,0,newRoot,BuildSide-,1,0.0,0.0,0.0,0.0,1,0.0,0.0,0,0,0.0,0.0,0.0,0.0
player11-6bad76e3,IL2CPP,ac74cac748fd6e6ebd6d35c6cdd90d5b116a231b61a1104ebdec526eee938e26,box,warmup,0,newRoot,BuildSide_pair,1,0.0,0.0,0.0,0.0,1,0.0,0.0,0,0,0.0,0.0,0.0,0.0
player11-6bad76e3,IL2CPP,ac74cac748fd6e6ebd6d35c6cdd90d5b116a231b61a1104ebdec526eee938e26,box,warmup,0,newRoot,SetActive+,1,0.0,0.0,0.0,0.0,1,0.0,0.0,0,0,0.0,0.0,0.0,0.0
player11-6bad76e3,IL2CPP,ac74cac748fd6e6ebd6d35c6cdd90d5b116a231b61a1104ebdec526eee938e26,box,warmup,0,newRoot,SetActive-,1,0.0,0.0,0.0,0.0,1,0.0,0.0,0,0,0.0,0.0,0.0,0.0
player11-6bad76e3,IL2CPP,ac74cac748fd6e6ebd6d35c6cdd90d5b116a231b61a1104ebdec526eee938e26,box,warmup,0,newRoot,SetActive_pair,1,0.0,0.0,0.0,0.0,1,0.0,0.0,0,0,0.0,0.0,0.0,0.0
player11-6bad76e3,IL2CPP,ac74cac748fd6e6ebd6d35c6cdd90d5b116a231b61a1104ebdec526eee938e26,box,warmup,0,newRoot,buildtotal,1,0.0,0.0,0.0,0.0,1,0.0,0.0,0,0,0.0,0.0,0.0,0.0
player11-6bad76e3,IL2CPP,ac74cac748fd6e6ebd6d35c6cdd90d5b116a231b61a1104ebdec526eee938e26,box,warmup,0,newRoot,colliders+,1,0.0,0.0,0.0,0.0,1,0.0,0.0,0,0,0.0,0.0,0.0,0.0
player11-6bad76e3,IL2CPP,ac74cac748fd6e6ebd6d35c6cdd90d5b116a231b61a1104ebdec526eee938e26,box,warmup,0,newRoot,colliders-,1,0.0,0.0,0.0,0.0,1,0.0,0.0,0,0,0.0,0.0,0.0,0.0
player11-6bad76e3,IL2CPP,ac74cac748fd6e6ebd6d35c6cdd90d5b116a231b61a1104ebdec526eee938e26,box,warmup,0,newRoot,colliders_pair,1,0.0,0.0,0.0,0.0,1,0.0,0.0,0,0,0.0,0.0,0.0,0.0
player11-6bad76e3,IL2CPP,ac74cac748fd6e6ebd6d35c6cdd90d5b116a231b61a1104ebdec526eee938e26,box,warmup,0,newRoot,newRoot+,1,0.0,0.0,0.0,0.0,1,0.0,0.0,0,0,0.0,0.0,0.0,0.0
player11-6bad76e3,IL2CPP,ac74cac748fd6e6ebd6d35c6cdd90d5b116a231b61a1104ebdec526eee938e26,box,warmup,0,newRoot,newRoot-,1,0.0,0.0,0.0,0.0,1,0.0,0.0,0,0,0.0,0.0,0.0,0.0
player11-6bad76e3,IL2CPP,ac74cac748fd6e6ebd6d35c6cdd90d5b116a231b61a1104ebdec526eee938e26,box,warmup,0,newRoot,newRoot_pair,1,0.0,0.0,0.0,0.0,1,0.0,0.0,0,0,0.0,0.0,0.0,0.0
player11-6bad76e3,IL2CPP,ac74cac748fd6e6ebd6d35c6cdd90d5b116a231b61a1104ebdec526eee938e26,box,warmup,0,newRoot,objects+,1,0.0,0.0,0.0,0.0,1,0.0,0.0,0,0,0.0,0.0,0.0,0.0
player11-6bad76e3,IL2CPP,ac74cac748fd6e6ebd6d35c6cdd90d5b116a231b61a1104ebdec526eee938e26,box,warmup,0,newRoot,objects-,1,0.0,0.0,0.0,0.0,1,0.0,0.0,0,0,0.0,0.0,0.0,0.0
player11-6bad76e3,IL2CPP,ac74cac748fd6e6ebd6d35c6cdd90d5b116a231b61a1104ebdec526eee938e26,box,warmup,0,newRoot,objects_pair,1,0.0,0.0,0.0,0.0,1,0.0,0.0,0,0,0.0,0.0,0.0,0.0
player11-6bad76e3,IL2CPP,ac74cac748fd6e6ebd6d35c6cdd90d5b116a231b61a1104ebdec526eee938e26,box,warmup,0,newRoot,publishtotal,1,0.0,0.0,0.0,0.0,1,0.0,0.0,0,0,0.0,0.0,0.0,0.0
player11-6bad76e3,IL2CPP,ac74cac748fd6e6ebd6d35c6cdd90d5b116a231b61a1104ebdec526eee938e26,box,warmup,1,newRoot,BuildPublish,1,-11.600000000000009,-11.600000000000009,-11.600000000000009,-11.600000000000009,1,-26675.0,-26675.0,-26675,-26675,-11.600000000000009,-13.53558926487749,-26675.0,-14.570212858929754
player11-6bad76e3,IL2CPP,ac74cac748fd6e6ebd6d35c6cdd90d5b116a231b61a1104ebdec526eee938e26,box,warmup,1,newRoot,BuildSide+,1,-12.400000000000002,-12.400000000000002,-12.400000000000002,-12.400000000000002,1,-25928.0,-25928.0,-25928,-25928,-12.400000000000002,-58.76777251184835,-25928.0,-58.450370837935935
player11-6bad76e3,IL2CPP,ac74cac748fd6e6ebd6d35c6cdd90d5b116a231b61a1104ebdec526eee938e26,box,warmup,1,newRoot,BuildSide-,1,8.499999999999998,8.499999999999998,8.499999999999998,8.499999999999998,1,17905.0,17905.0,17905,17905,8.499999999999998,85.85858585858584,17905.0,86.50594260315006
player11-6bad76e3,IL2CPP,ac74cac748fd6e6ebd6d35c6cdd90d5b116a231b61a1104ebdec526eee938e26,box,warmup,1,newRoot,BuildSide_pair,1,-3.8999999999999986,-3.8999999999999986,-3.8999999999999986,-3.8999999999999986,1,-8023.0,-8023.0,-8023,-8023,-3.8999999999999986,-12.580645161290317,-8023.0,-12.332262477519718
player11-6bad76e3,IL2CPP,ac74cac748fd6e6ebd6d35c6cdd90d5b116a231b61a1104ebdec526eee938e26,box,warmup,1,newRoot,SetActive+,1,-2.1999999999999993,-2.1999999999999993,-2.1999999999999993,-2.1999999999999993,1,-4701.0,-4701.0,-4701,-4701,-2.1999999999999993,-15.714285714285714,-4701.0,-15.739779689958821
player11-6bad76e3,IL2CPP,ac74cac748fd6e6ebd6d35c6cdd90d5b116a231b61a1104ebdec526eee938e26,box,warmup,1,newRoot,SetActive-,1,-0.3000000000000007,-0.3000000000000007,-0.3000000000000007,-0.3000000000000007,1,-889.0,-889.0,-889,-889,-0.3000000000000007,-3.0303030303030387,-889.0,-4.151489679648823
player11-6bad76e3,IL2CPP,ac74cac748fd6e6ebd6d35c6cdd90d5b116a231b61a1104ebdec526eee938e26,box,warmup,1,newRoot,SetActive_pair,1,-2.5,-2.5,-2.5,-2.5,1,-5590.0,-5590.0,-5590,-5590,-2.5,-10.460251046025103,-5590.0,-10.90072346483103
player11-6bad76e3,IL2CPP,ac74cac748fd6e6ebd6d35c6cdd90d5b116a231b61a1104ebdec526eee938e26,box,warmup,1,newRoot,buildtotal,1,-4.899999999999999,-4.899999999999999,-4.899999999999999,-4.899999999999999,1,-12487.0,-12487.0,-12487,-12487,-4.899999999999999,-10.675381263616558,-12487.0,-12.57755842062852
player11-6bad76e3,IL2CPP,ac74cac748fd6e6ebd6d35c6cdd90d5b116a231b61a1104ebdec526eee938e26,box,warmup,1,newRoot,colliders+,1,-0.9999999999999999,-0.9999999999999999,-0.9999999999999999,-0.9999999999999999,1,-2173.0,-2173.0,-2173,-2173,-0.9999999999999999,-52.63157894736842,-2173.0,-50.9018505504802
player11-6bad76e3,IL2CPP,ac74cac748fd6e6ebd6d35c6cdd90d5b116a231b61a1104ebdec526eee938e26,box,warmup,1,newRoot,colliders-,1,1.1,1.1,1.1,1.1,1,2182.0,2182.0,2182,2182,1.1,110.00000000000001,2182.0,92.49682068673167
player11-6bad76e3,IL2CPP,ac74cac748fd6e6ebd6d35c6cdd90d5b116a231b61a1104ebdec526eee938e26,box,warmup,1,newRoot,colliders_pair,1,0.10000000000000009,0.10000000000000009,0.10000000000000009,0.10000000000000009,1,9.0,9.0,9,9,0.10000000000000009,3.4482758620689724,9.0,0.13578756789378588
player11-6bad76e3,IL2CPP,ac74cac748fd6e6ebd6d35c6cdd90d5b116a231b61a1104ebdec526eee938e26,box,warmup,1,newRoot,newRoot+,1,-3.9999999999999996,-3.9999999999999996,-3.9999999999999996,-3.9999999999999996,1,-8682.0,-8682.0,-8682,-8682,-3.9999999999999996,-65.57377049180327,-8682.0,-65.41098470579372
player11-6bad76e3,IL2CPP,ac74cac748fd6e6ebd6d35c6cdd90d5b116a231b61a1104ebdec526eee938e26,box,warmup,1,newRoot,newRoot-,1,2.3,2.3,2.3,2.3,1,5074.0,5074.0,5074,5074,2.3,114.99999999999999,5074.0,113.3095131755248
player11-6bad76e3,IL2CPP,ac74cac748fd6e6ebd6d35c6cdd90d5b116a231b61a1104ebdec526eee938e26,box,warmup,1,newRoot,newRoot_pair,1,-1.6999999999999993,-1.6999999999999993,-1.6999999999999993,-1.6999999999999993,1,-3608.0,-3608.0,-3608,-3608,-1.6999999999999993,-20.987654320987648,-3608.0,-20.32561545828404
player11-6bad76e3,IL2CPP,ac74cac748fd6e6ebd6d35c6cdd90d5b116a231b61a1104ebdec526eee938e26,box,warmup,1,newRoot,objects+,1,-10.7,-10.7,-10.7,-10.7,1,-22440.0,-22440.0,-22440,-22440,-10.7,-59.77653631284916,-22440.0,-59.200633161852004
player11-6bad76e3,IL2CPP,ac74cac748fd6e6ebd6d35c6cdd90d5b116a231b61a1104ebdec526eee938e26,box,warmup,1,newRoot,objects-,1,7.0,7.0,7.0,7.0,1,14606.0,14606.0,14606,14606,7.0,86.41975308641976,14606.0,83.61575452255553
player11-6bad76e3,IL2CPP,ac74cac748fd6e6ebd6d35c6cdd90d5b116a231b61a1104ebdec526eee938e26,box,warmup,1,newRoot,objects_pair,1,-3.6999999999999993,-3.6999999999999993,-3.6999999999999993,-3.6999999999999993,1,-7834.0,-7834.0,-7834,-7834,-3.6999999999999993,-14.230769230769225,-7834.0,-14.147689307063004
player11-6bad76e3,IL2CPP,ac74cac748fd6e6ebd6d35c6cdd90d5b116a231b61a1104ebdec526eee938e26,box,warmup,1,newRoot,publishtotal,1,-6.699999999999996,-6.699999999999996,-6.699999999999996,-6.699999999999996,1,-14188.0,-14188.0,-14188,-14188,-6.699999999999996,-16.834170854271346,-14188.0,-16.930989629947856
player11-6bad76e3,IL2CPP,ac74cac748fd6e6ebd6d35c6cdd90d5b116a231b61a1104ebdec526eee938e26,box,warmup,2,newRoot,BuildPublish,1,10.299999999999997,10.299999999999997,10.299999999999997,10.299999999999997,1,20786.0,20786.0,20786,20786,10.299999999999997,12.018669778296376,20786.0,11.35356867800239
player11-6bad76e3,IL2CPP,ac74cac748fd6e6ebd6d35c6cdd90d5b116a231b61a1104ebdec526eee938e26,box,warmup,2,newRoot,BuildSide+,1,2.099999999999998,2.099999999999998,2.099999999999998,2.099999999999998,1,4330.0,4330.0,4330,4330,2.099999999999998,9.95260663507107,4330.0,9.761266033950267
player11-6bad76e3,IL2CPP,ac74cac748fd6e6ebd6d35c6cdd90d5b116a231b61a1104ebdec526eee938e26,box,warmup,2,newRoot,BuildSide-,1,-0.5,-0.5,-0.5,-0.5,1,-956.0,-956.0,-956,-956,-0.5,-5.05050505050505,-956.0,-4.61880374915451
player11-6bad76e3,IL2CPP,ac74cac748fd6e6ebd6d35c6cdd90d5b116a231b61a1104ebdec526eee938e26,box,warmup,2,newRoot,BuildSide_pair,1,1.6000000000000014,1.6000000000000014,1.6000000000000014,1.6000000000000014,1,3374.0,3374.0,3374,3374,1.6000000000000014,5.161290322580658,3374.0,5.186221313617279
player11-6bad76e3,IL2CPP,ac74cac748fd6e6ebd6d35c6cdd90d5b116a231b61a1104ebdec526eee938e26,box,warmup,2,newRoot,SetActive+,1,12.600000000000001,12.600000000000001,12.600000000000001,12.600000000000001,1,26645.0,26645.0,26645,26645,12.600000000000001,90.00000000000001,26645.0,89.21217397127263
player11-6bad76e3,IL2CPP,ac74cac748fd6e6ebd6d35c6cdd90d5b116a231b61a1104ebdec526eee938e26,box,warmup,2,newRoot,SetActive-,1,-6.7,-6.7,-6.7,-6.7,1,-14396.0,-14396.0,-14396,-14396,-6.7,-67.67676767676767,-14396.0,-67.22704772578687
player11-6bad76e3,IL2CPP,ac74cac748fd6e6ebd6d35c6cdd90d5b116a231b61a1104ebdec526eee938e26,box,warmup,2,newRoot,SetActive_pair,1,5.900000000000002,5.900000000000002,5.900000000000002,5.900000000000002,1,12249.0,12249.0,12249,12249,5.900000000000002,24.68619246861925,12249.0,23.886039663813108
player11-6bad76e3,IL2CPP,ac74cac748fd6e6ebd6d35c6cdd90d5b116a231b61a1104ebdec526eee938e26,box,warmup,2,newRoot,buildtotal,1,2.1000000000000014,2.1000000000000014,2.1000000000000014,2.1000000000000014,1,3489.0,3489.0,3489,3489,2.1000000000000014,4.575163398692816,3489.0,3.514302981466555
player11-6bad76e3,IL2CPP,ac74cac748fd6e6ebd6d35c6cdd90d5b116a231b61a1104ebdec526eee938e26,box,warmup,2,newRoot,colliders+,1,0.7000000000000002,0.7000000000000002,0.7000000000000002,0.7000000000000002,1,1433.0,1433.0,1433,1433,0.7000000000000002,36.8421052631579,1433.0,33.56758022956197
player11-6bad76e3,IL2CPP,ac74cac748fd6e6ebd6d35c6cdd90d5b116a231b61a1104ebdec526eee938e26,box,warmup,2,newRoot,colliders-,1,0.10000000000000009,0.10000000000000009,0.10000000000000009,0.10000000000000009,1,363.0,363.0,363,363,0.10000000000000009,10.000000000000009,363.0,15.387876218736762
player11-6bad76e3,IL2CPP,ac74cac748fd6e6ebd6d35c6cdd90d5b116a231b61a1104ebdec526eee938e26,box,warmup,2,newRoot,colliders_pair,1,0.8000000000000003,0.8000000000000003,0.8000000000000003,0.8000000000000003,1,1796.0,1796.0,1796,1796,0.8000000000000003,27.586206896551737,1796.0,27.097163548581783
player11-6bad76e3,IL2CPP,ac74cac748fd6e6ebd6d35c6cdd90d5b116a231b61a1104ebdec526eee938e26,box,warmup,2,newRoot,newRoot+,1,-0.2999999999999998,-0.2999999999999998,-0.2999999999999998,-0.2999999999999998,1,255.0,255.0,255,255,-0.2999999999999998,-4.91803278688524,255.0,1.9211934001356124
player11-6bad76e3,IL2CPP,ac74cac748fd6e6ebd6d35c6cdd90d5b116a231b61a1104ebdec526eee938e26,box,warmup,2,newRoot,newRoot-,1,0.2999999999999998,0.2999999999999998,0.2999999999999998,0.2999999999999998,1,523.0,523.0,523,523,0.2999999999999998,14.999999999999991,523.0,11.679321125502451
player11-6bad76e3,IL2CPP,ac74cac748fd6e6ebd6d35c6cdd90d5b116a231b61a1104ebdec526eee938e26,box,warmup,2,newRoot,newRoot_pair,1,0.0,0.0,0.0,0.0,1,778.0,778.0,778,778,0.0,0.0,778.0,4.382851670328436
player11-6bad76e3,IL2CPP,ac74cac748fd6e6ebd6d35c6cdd90d5b116a231b61a1104ebdec526eee938e26,box,warmup,2,newRoot,objects+,1,1.6000000000000014,1.6000000000000014,1.6000000000000014,1.6000000000000014,1,3456.0,3456.0,3456,3456,1.6000000000000014,8.938547486033531,3456.0,9.117530668777206
player11-6bad76e3,IL2CPP,ac74cac748fd6e6ebd6d35c6cdd90d5b116a231b61a1104ebdec526eee938e26,box,warmup,2,newRoot,objects-,1,-0.5999999999999996,-0.5999999999999996,-0.5999999999999996,-0.5999999999999996,1,-1313.0,-1313.0,-1313,-1313,-0.5999999999999996,-7.4074074074074066,-1313.0,-7.5166017861232
player11-6bad76e3,IL2CPP,ac74cac748fd6e6ebd6d35c6cdd90d5b116a231b61a1104ebdec526eee938e26,box,warmup,2,newRoot,objects_pair,1,1.0,1.0,1.0,1.0,1,2143.0,2143.0,2143,2143,1.0,3.8461538461538547,2143.0,3.870117205136081
player11-6bad76e3,IL2CPP,ac74cac748fd6e6ebd6d35c6cdd90d5b116a231b61a1104ebdec526eee938e26,box,warmup,2,newRoot,publishtotal,1,8.200000000000003,8.200000000000003,8.200000000000003,8.200000000000003,1,17297.0,17297.0,17297,17297,8.200000000000003,20.603015075376895,17297.0,20.64105776918579
player11-6bad76e3,IL2CPP,ac74cac748fd6e6ebd6d35c6cdd90d5b116a231b61a1104ebdec526eee938e26,box,warmup,3,newRoot,BuildPublish,1,-10.299999999999997,-10.299999999999997,-10.299999999999997,-10.299999999999997,1,-23917.0,-23917.0,-23917,-23917,-10.299999999999997,-12.018669778296376,-23917.0,-13.063759360713135
player11-6bad76e3,IL2CPP,ac74cac748fd6e6ebd6d35c6cdd90d5b116a231b61a1104ebdec526eee938e26,box,warmup,3,newRoot,BuildSide+,1,-11.900000000000002,-11.900000000000002,-11.900000000000002,-11.900000000000002,1,-25037.0,-25037.0,-25037,-25037,-11.900000000000002,-56.39810426540285,-25037.0,-56.44175928222006
player11-6bad76e3,IL2CPP,ac74cac748fd6e6ebd6d35c6cdd90d5b116a231b61a1104ebdec526eee938e26,box,warmup,3,newRoot,BuildSide-,1,8.799999999999999,8.799999999999999,8.799999999999999,8.799999999999999,1,18472.0,18472.0,18472,18472,8.799999999999999,88.88888888888889,18472.0,89.24533771378877
player11-6bad76e3,IL2CPP,ac74cac748fd6e6ebd6d35c6cdd90d5b116a231b61a1104ebdec526eee938e26,box,warmup,3,newRoot,BuildSide_pair,1,-3.1000000000000014,-3.1000000000000014,-3.1000000000000014,-3.1000000000000014,1,-6565.0,-6565.0,-6565,-6565,-3.1000000000000014,-10.000000000000009,-6565.0,-10.091150836958363
player11-6bad76e3,IL2CPP,ac74cac748fd6e6ebd6d35c6cdd90d5b116a231b61a1104ebdec526eee938e26,box,warmup,3,newRoot,SetActive+,1,3.3999999999999986,3.3999999999999986,3.3999999999999986,3.3999999999999986,1,7197.0,7197.0,7197,7197,3.3999999999999986,24.285714285714267,7197.0,24.096829276458976
player11-6bad76e3,IL2CPP,ac74cac748fd6e6ebd6d35c6cdd90d5b116a231b61a1104ebdec526eee938e26,box,warmup,3,newRoot,SetActive-,1,-6.800000000000001,-6.800000000000001,-6.800000000000001,-6.800000000000001,1,-14543.0,-14543.0,-14543,-14543,-6.800000000000001,-68.68686868686868,-14543.0,-67.91351452320912
player11-6bad76e3,IL2CPP,ac74cac748fd6e6ebd6d35c6cdd90d5b116a231b61a1104ebdec526eee938e26,box,warmup,3,newRoot,SetActive_pair,1,-3.3999999999999986,-3.3999999999999986,-3.3999999999999986,-3.3999999999999986,1,-7346.0,-7346.0,-7346,-7346,-3.3999999999999986,-14.225941422594135,-7346.0,-14.324993662370078
player11-6bad76e3,IL2CPP,ac74cac748fd6e6ebd6d35c6cdd90d5b116a231b61a1104ebdec526eee938e26,box,warmup,3,newRoot,buildtotal,1,-3.5,-3.5,-3.5,-3.5,1,-9622.0,-9622.0,-9622,-9622,-3.5,-7.625272331154687,-9622.0,-9.691780821917806
player11-6bad76e3,IL2CPP,ac74cac748fd6e6ebd6d35c6cdd90d5b116a231b61a1104ebdec526eee938e26,box,warmup,3,newRoot,colliders+,1,-0.8999999999999999,-0.8999999999999999,-0.8999999999999999,-0.8999999999999999,1,-1906.0,-1906.0,-1906,-1906,-0.8999999999999999,-47.36842105263158,-1906.0,-44.647458421175926
player11-6bad76e3,IL2CPP,ac74cac748fd6e6ebd6d35c6cdd90d5b116a231b61a1104ebdec526eee938e26,box,warmup,3,newRoot,colliders-,1,0.7,0.7,0.7,0.7,1,1580.0,1580.0,1580,1580,0.7,70.0,1580.0,66.97753285290378
player11-6bad76e3,IL2CPP,ac74cac748fd6e6ebd6d35c6cdd90d5b116a231b61a1104ebdec526eee938e26,box,warmup,3,newRoot,colliders_pair,1,-0.19999999999999973,-0.19999999999999973,-0.19999999999999973,-0.19999999999999973,1,-326.0,-326.0,-326,-326,-0.19999999999999973,-6.896551724137923,-326.0,-4.918527459263733
player11-6bad76e3,IL2CPP,ac74cac748fd6e6ebd6d35c6cdd90d5b116a231b61a1104ebdec526eee938e26,box,warmup,3,newRoot,newRoot+,1,-3.9999999999999996,-3.9999999999999996,-3.9999999999999996,-3.9999999999999996,1,-8716.0,-8716.0,-8716,-8716,-3.9999999999999996,-65.57377049180327,-8716.0,-65.6671438258118
player11-6bad76e3,IL2CPP,ac74cac748fd6e6ebd6d35c6cdd90d5b116a231b61a1104ebdec526eee938e26,box,warmup,3,newRoot,newRoot-,1,2.5999999999999996,2.5999999999999996,2.5999999999999996,2.5999999999999996,1,5530.0,5530.0,5530,5530,2.5999999999999996,129.99999999999997,5530.0,123.49263063867797
player11-6bad76e3,IL2CPP,ac74cac748fd6e6ebd6d35c6cdd90d5b116a231b61a1104ebdec526eee938e26,box,warmup,3,newRoot,newRoot_pair,1,-1.3999999999999995,-1.3999999999999995,-1.3999999999999995,-1.3999999999999995,1,-3186.0,-3186.0,-3186,-3186,-1.3999999999999995,-17.28395061728395,-3186.0,-17.948284603684293
player11-6bad76e3,IL2CPP,ac74cac748fd6e6ebd6d35c6cdd90d5b116a231b61a1104ebdec526eee938e26,box,warmup,3,newRoot,objects+,1,-10.399999999999999,-10.399999999999999,-10.399999999999999,-10.399999999999999,1,-21826.0,-21826.0,-21826,-21826,-10.399999999999999,-58.100558659217874,-21826.0,-57.58079409048938
player11-6bad76e3,IL2CPP,ac74cac748fd6e6ebd6d35c6cdd90d5b116a231b61a1104ebdec526eee938e26,box,warmup,3,newRoot,objects-,1,7.6,7.6,7.6,7.6,1,15868.0,15868.0,15868,15868,7.6,93.82716049382715,15868.0,90.84039386306388
player11-6bad76e3,IL2CPP,ac74cac748fd6e6ebd6d35c6cdd90d5b116a231b61a1104ebdec526eee938e26,box,warmup,3,newRoot,objects_pair,1,-2.8000000000000007,-2.8000000000000007,-2.8000000000000007,-2.8000000000000007,1,-5958.0,-5958.0,-5958,-5958,-2.8000000000000007,-10.769230769230775,-5958.0,-10.759756560056344
player11-6bad76e3,IL2CPP,ac74cac748fd6e6ebd6d35c6cdd90d5b116a231b61a1104ebdec526eee938e26,box,warmup,3,newRoot,publishtotal,1,-6.799999999999997,-6.799999999999997,-6.799999999999997,-6.799999999999997,1,-14295.0,-14295.0,-14295,-14295,-6.799999999999997,-17.085427135678387,-14295.0,-17.058676117853434
player11-6bad76e3,IL2CPP,ac74cac748fd6e6ebd6d35c6cdd90d5b116a231b61a1104ebdec526eee938e26,character,measured,0,newRoot,BuildPublish,8,0.0,0.0,0.0,0.0,8,0.0,0.0,0,0,0.0,0.0,0.0,0.0
player11-6bad76e3,IL2CPP,ac74cac748fd6e6ebd6d35c6cdd90d5b116a231b61a1104ebdec526eee938e26,character,measured,0,newRoot,BuildSide+,8,0.0,0.0,0.0,0.0,8,0.0,0.0,0,0,0.0,0.0,0.0,0.0
player11-6bad76e3,IL2CPP,ac74cac748fd6e6ebd6d35c6cdd90d5b116a231b61a1104ebdec526eee938e26,character,measured,0,newRoot,BuildSide-,8,0.0,0.0,0.0,0.0,8,0.0,0.0,0,0,0.0,0.0,0.0,0.0
player11-6bad76e3,IL2CPP,ac74cac748fd6e6ebd6d35c6cdd90d5b116a231b61a1104ebdec526eee938e26,character,measured,0,newRoot,BuildSide_pair,8,0.0,0.0,0.0,0.0,8,0.0,0.0,0,0,0.0,0.0,0.0,0.0
player11-6bad76e3,IL2CPP,ac74cac748fd6e6ebd6d35c6cdd90d5b116a231b61a1104ebdec526eee938e26,character,measured,0,newRoot,SetActive+,8,0.0,0.0,0.0,0.0,8,0.0,0.0,0,0,0.0,0.0,0.0,0.0
player11-6bad76e3,IL2CPP,ac74cac748fd6e6ebd6d35c6cdd90d5b116a231b61a1104ebdec526eee938e26,character,measured,0,newRoot,SetActive-,8,0.0,0.0,0.0,0.0,8,0.0,0.0,0,0,0.0,0.0,0.0,0.0
player11-6bad76e3,IL2CPP,ac74cac748fd6e6ebd6d35c6cdd90d5b116a231b61a1104ebdec526eee938e26,character,measured,0,newRoot,SetActive_pair,8,0.0,0.0,0.0,0.0,8,0.0,0.0,0,0,0.0,0.0,0.0,0.0
player11-6bad76e3,IL2CPP,ac74cac748fd6e6ebd6d35c6cdd90d5b116a231b61a1104ebdec526eee938e26,character,measured,0,newRoot,buildtotal,8,0.0,0.0,0.0,0.0,8,0.0,0.0,0,0,0.0,0.0,0.0,0.0
player11-6bad76e3,IL2CPP,ac74cac748fd6e6ebd6d35c6cdd90d5b116a231b61a1104ebdec526eee938e26,character,measured,0,newRoot,colliders+,8,0.0,0.0,0.0,0.0,8,0.0,0.0,0,0,0.0,0.0,0.0,0.0
player11-6bad76e3,IL2CPP,ac74cac748fd6e6ebd6d35c6cdd90d5b116a231b61a1104ebdec526eee938e26,character,measured,0,newRoot,colliders-,8,0.0,0.0,0.0,0.0,8,0.0,0.0,0,0,0.0,0.0,0.0,0.0
player11-6bad76e3,IL2CPP,ac74cac748fd6e6ebd6d35c6cdd90d5b116a231b61a1104ebdec526eee938e26,character,measured,0,newRoot,colliders_pair,8,0.0,0.0,0.0,0.0,8,0.0,0.0,0,0,0.0,0.0,0.0,0.0
player11-6bad76e3,IL2CPP,ac74cac748fd6e6ebd6d35c6cdd90d5b116a231b61a1104ebdec526eee938e26,character,measured,0,newRoot,newRoot+,8,0.0,0.0,0.0,0.0,8,0.0,0.0,0,0,0.0,0.0,0.0,0.0
player11-6bad76e3,IL2CPP,ac74cac748fd6e6ebd6d35c6cdd90d5b116a231b61a1104ebdec526eee938e26,character,measured,0,newRoot,newRoot-,8,0.0,0.0,0.0,0.0,8,0.0,0.0,0,0,0.0,0.0,0.0,0.0
player11-6bad76e3,IL2CPP,ac74cac748fd6e6ebd6d35c6cdd90d5b116a231b61a1104ebdec526eee938e26,character,measured,0,newRoot,newRoot_pair,8,0.0,0.0,0.0,0.0,8,0.0,0.0,0,0,0.0,0.0,0.0,0.0
player11-6bad76e3,IL2CPP,ac74cac748fd6e6ebd6d35c6cdd90d5b116a231b61a1104ebdec526eee938e26,character,measured,0,newRoot,objects+,8,0.0,0.0,0.0,0.0,8,0.0,0.0,0,0,0.0,0.0,0.0,0.0
player11-6bad76e3,IL2CPP,ac74cac748fd6e6ebd6d35c6cdd90d5b116a231b61a1104ebdec526eee938e26,character,measured,0,newRoot,objects-,8,0.0,0.0,0.0,0.0,8,0.0,0.0,0,0,0.0,0.0,0.0,0.0
player11-6bad76e3,IL2CPP,ac74cac748fd6e6ebd6d35c6cdd90d5b116a231b61a1104ebdec526eee938e26,character,measured,0,newRoot,objects_pair,8,0.0,0.0,0.0,0.0,8,0.0,0.0,0,0,0.0,0.0,0.0,0.0
player11-6bad76e3,IL2CPP,ac74cac748fd6e6ebd6d35c6cdd90d5b116a231b61a1104ebdec526eee938e26,character,measured,0,newRoot,publishtotal,8,0.0,0.0,0.0,0.0,8,0.0,0.0,0,0,0.0,0.0,0.0,0.0
player11-6bad76e3,IL2CPP,ac74cac748fd6e6ebd6d35c6cdd90d5b116a231b61a1104ebdec526eee938e26,character,measured,1,newRoot,BuildPublish,8,4.650000000000006,7.850000000000004,-9.899999999999977,8.900000000000006,8,10920.0,15769.399999999998,-20877,17609,4.75,3.8183279742765253,10812.5,4.109013798685868
player11-6bad76e3,IL2CPP,ac74cac748fd6e6ebd6d35c6cdd90d5b116a231b61a1104ebdec526eee938e26,character,measured,1,newRoot,BuildSide+,8,-11.850000000000001,-7.6899999999999995,-13.999999999999996,-7.199999999999999,8,-25224.0,-16245.7,-29854,-15160,-12.0,-37.9746835443038,-25449.0,-38.17445436135903
player11-6bad76e3,IL2CPP,ac74cac748fd6e6ebd6d35c6cdd90d5b116a231b61a1104ebdec526eee938e26,character,measured,1,newRoot,BuildSide-,8,11.5,13.584999999999999,10.999999999999998,13.9,8,24316.5,28808.05,23269,29528,11.900000000000002,77.02265372168287,25214.5,77.71100118656867
player11-6bad76e3,IL2CPP,ac74cac748fd6e6ebd6d35c6cdd90d5b116a231b61a1104ebdec526eee938e26,character,measured,1,newRoot,BuildSide_pair,8,0.8000000000000007,4.75,-2.5,5.800000000000004,8,1378.5,10072.399999999998,-5516,12311,-0.04999999999999716,-0.10695187165774556,-70.0,-0.07111544576685613
player11-6bad76e3,IL2CPP,ac74cac748fd6e6ebd6d35c6cdd90d5b116a231b61a1104ebdec526eee938e26,character,measured,1,newRoot,SetActive+,8,1.1500000000000004,2.230000000000001,-9.899999999999999,2.3000000000000007,8,2409.0,4593.25,-21061,4602,0.5500000000000007,2.083333333333326,1186.0,2.119655064563686
player11-6bad76e3,IL2CPP,ac74cac748fd6e6ebd6d35c6cdd90d5b116a231b61a1104ebdec526eee938e26,character,measured,1,newRoot,SetActive-,8,1.0999999999999996,1.6300000000000017,-0.10000000000000142,1.7000000000000028,8,2496.0,3504.75,-156,3573,0.8000000000000007,4.571428571428582,1701.5,4.557324798114393
player11-6bad76e3,IL2CPP,ac74cac748fd6e6ebd6d35c6cdd90d5b116a231b61a1104ebdec526eee938e26,character,measured,1,newRoot,SetActive_pair,8,2.1000000000000014,3.4850000000000017,-9.899999999999999,3.8000000000000043,8,4444.0,7490.049999999999,-21036,8175,1.8500000000000014,4.214123006833725,3975.0,4.262254652291153
player11-6bad76e3,IL2CPP,ac74cac748fd6e6ebd6d35c6cdd90d5b116a231b61a1104ebdec526eee938e26,character,measured,1,newRoot,buildtotal,8,0.850000000000005,3.4200000000000026,-2.3999999999999915,4.400000000000006,8,1606.0,6903.8499999999985,-5150,8174,0.8500000000000085,1.3312451057165386,2115.0,1.5636320622199884
player11-6bad76e3,IL2CPP,ac74cac748fd6e6ebd6d35c6cdd90d5b116a231b61a1104ebdec526eee938e26,character,measured,1,newRoot,colliders+,8,-1.5999999999999996,1.4550000000000003,-2.799999999999999,1.700000000000001,8,-3369.5,2984.899999999999,-5809,3491,-1.6500000000000004,-12.132352941176471,-3518.5,-12.129412575841148
player11-6bad76e3,IL2CPP,ac74cac748fd6e6ebd6d35c6cdd90d5b116a231b61a1104ebdec526eee938e26,character,measured,1,newRoot,colliders-,8,1.3999999999999995,1.7300000000000004,0.09999999999999964,1.8000000000000007,8,2916.0,3615.1499999999996,438,3696,1.5999999999999996,21.333333333333336,3238.5,20.01297738227661
player11-6bad76e3,IL2CPP,ac74cac748fd6e6ebd6d35c6cdd90d5b116a231b61a1104ebdec526eee938e26,character,measured,1,newRoot,colliders_pair,8,-0.3999999999999986,2.564999999999999,-1.7000000000000028,3.3000000000000007,8,-1150.5,5439.799999999997,-3397,6956,-0.25,-1.17647058823529,-629.0,-1.3839536188516965
player11-6bad76e3,IL2CPP,ac74cac748fd6e6ebd6d35c6cdd90d5b116a231b61a1104ebdec526eee938e26,character,measured,1,newRoot,newRoot+,8,-2.6500000000000004,-1.9349999999999998,-2.9000000000000004,-1.9,8,-5745.5,-4196.900000000001,-6276,-4129,-2.75,-57.29166666666667,-5838.0,-55.82062437251996
player11-6bad76e3,IL2CPP,ac74cac748fd6e6ebd6d35c6cdd90d5b116a231b61a1104ebdec526eee938e26,character,measured,1,newRoot,newRoot-,8,3.45,3.8000000000000003,2.6,3.8000000000000003,8,7244.5,8058.3,5433,8136,3.4499999999999997,181.57894736842107,7270.0,169.85981308411215
player11-6bad76e3,IL2CPP,ac74cac748fd6e6ebd6d35c6cdd90d5b116a231b61a1104ebdec526eee938e26,character,measured,1,newRoot,newRoot_pair,8,0.8500000000000001,1.8650000000000002,-0.10000000000000053,1.9000000000000004,8,1638.5,3781.85,-466,3813,0.6999999999999993,10.526315789473673,1353.5,9.230087288597932
player11-6bad76e3,IL2CPP,ac74cac748fd6e6ebd6d35c6cdd90d5b116a231b61a1104ebdec526eee938e26,character,measured,1,newRoot,objects+,8,-9.600000000000001,-7.94,-10.9,-7.8,8,-20355.5,-16805.05,-23057,-16468,-9.400000000000002,-58.0246913580247,-19801.5,-57.58509880330944
player11-6bad76e3,IL2CPP,ac74cac748fd6e6ebd6d35c6cdd90d5b116a231b61a1104ebdec526eee938e26,character,measured,1,newRoot,objects-,8,10.05,11.484999999999998,8.899999999999999,11.799999999999999,8,21412.5,24191.1,18821,24875,10.349999999999998,154.47761194029846,22007.0,154.80444569499156
player11-6bad76e3,IL2CPP,ac74cac748fd6e6ebd6d35c6cdd90d5b116a231b61a1104ebdec526eee938e26,character,measured,1,newRoot,objects_pair,8,1.0,2.5599999999999996,-1.0,2.6999999999999993,8,2236.5,5240.799999999999,-2303,5490,1.0499999999999972,4.59518599562363,2248.5,4.632691535061961
player11-6bad76e3,IL2CPP,ac74cac748fd6e6ebd6d35c6cdd90d5b116a231b61a1104ebdec526eee938e26,character,measured,1,newRoot,publishtotal,8,3.6499999999999986,5.020000000000002,-7.5,5.300000000000004,8,7698.0,10603.699999999999,-15727,11233,2.8999999999999986,4.7579983593109,6112.0,4.758030928757995
player11-6bad76e3,IL2CPP,ac74cac748fd6e6ebd6d35c6cdd90d5b116a231b61a1104ebdec526eee938e26,character,measured,2,newRoot,BuildPublish,8,4.149999999999999,9.805,-11.399999999999977,10.400000000000006,8,7999.0,20093.05,-23354,21184,4.299999999999983,3.456591639871376,9030.5,3.4318103222226837
player11-6bad76e3,IL2CPP,ac74cac748fd6e6ebd6d35c6cdd90d5b116a231b61a1104ebdec526eee938e26,character,measured,2,newRoot,BuildSide+,8,-0.8499999999999996,2.2950000000000017,-3.599999999999998,2.400000000000002,8,-1959.0,4800.099999999999,-7807,5029,-0.75,-2.373417721518989,-1692.0,-2.538063451586292
player11-6bad76e3,IL2CPP,ac74cac748fd6e6ebd6d35c6cdd90d5b116a231b61a1104ebdec526eee938e26,character,measured,2,newRoot,BuildSide-,8,-0.2999999999999998,0.9650000000000001,-0.9000000000000004,1.0,8,-577.5,2076.8,-1941,2095,-0.25,-1.6181229773462813,-416.5,-1.2836515494737522
player11-6bad76e3,IL2CPP,ac74cac748fd6e6ebd6d35c6cdd90d5b116a231b61a1104ebdec526eee938e26,character,measured,2,newRoot,BuildSide_pair,8,-0.25,1.764999999999999,-3.799999999999997,1.7999999999999972,8,-545.5,3667.1,-8154,3721,-0.5499999999999972,-1.17647058823529,-1128.0,-1.1459746117858605
player11-6bad76e3,IL2CPP,ac74cac748fd6e6ebd6d35c6cdd90d5b116a231b61a1104ebdec526eee938e26,character,measured,2,newRoot,SetActive+,8,8.399999999999999,11.229999999999997,-2.799999999999997,12.0,8,17825.5,23627.3,-6043,25105,8.600000000000001,32.57575757575759,18222.0,32.56690943210758
player11-6bad76e3,IL2CPP,ac74cac748fd6e6ebd6d35c6cdd90d5b116a231b61a1104ebdec526eee938e26,character,measured,2,newRoot,SetActive-,8,-6.2,-5.140000000000001,-6.900000000000002,-5.000000000000002,8,-13209.0,-10640.4,-14215,-10394,-6.199999999999999,-35.42857142857142,-13009.5,-34.84485275408124
player11-6bad76e3,IL2CPP,ac74cac748fd6e6ebd6d35c6cdd90d5b116a231b61a1104ebdec526eee938e26,character,measured,2,newRoot,SetActive_pair,8,1.8000000000000007,5.125000000000002,-9.5,5.300000000000004,8,4109.5,10749.65,-19909,10890,2.5,5.6947608200455635,5388.0,5.777365551332014
player11-6bad76e3,IL2CPP,ac74cac748fd6e6ebd6d35c6cdd90d5b116a231b61a1104ebdec526eee938e26,character,measured,2,newRoot,buildtotal,8,1.000000000000007,3.7599999999999962,-2.6999999999999886,4.599999999999994,8,1824.5,7250.999999999998,-4946,8868,1.1000000000000085,1.7227877838684513,2023.5,1.4959855687480594
player11-6bad76e3,IL2CPP,ac74cac748fd6e6ebd6d35c6cdd90d5b116a231b61a1104ebdec526eee938e26,character,measured,2,newRoot,colliders+,8,-0.75,0.7949999999999999,-2.1999999999999993,0.9000000000000004,8,-1675.0,1660.7499999999995,-4471,1876,-0.6999999999999993,-5.147058823529404,-1480.5,-5.103764478764483
player11-6bad76e3,IL2CPP,ac74cac748fd6e6ebd6d35c6cdd90d5b116a231b61a1104ebdec526eee938e26,character,measured,2,newRoot,colliders-,8,-0.050000000000000266,0.22999999999999995,-1.5,0.2999999999999998,8,-174.0,440.7499999999998,-3161,593,-0.04999999999999982,-0.6666666666666599,-207.5,-1.2822889630453638
player11-6bad76e3,IL2CPP,ac74cac748fd6e6ebd6d35c6cdd90d5b116a231b61a1104ebdec526eee938e26,character,measured,2,newRoot,colliders_pair,8,-0.9500000000000011,0.8249999999999997,-2.400000000000002,1.0,8,-2106.0,1725.9999999999995,-4712,2034,-0.8999999999999986,-4.235294117647048,-1947.5,-4.284975632295184
player11-6bad76e3,IL2CPP,ac74cac748fd6e6ebd6d35c6cdd90d5b116a231b61a1104ebdec526eee938e26,character,measured,2,newRoot,newRoot+,8,0.25,0.9249999999999999,-0.20000000000000018,1.1000000000000005,8,312.5,1885.9999999999995,-224,2152,0.10000000000000053,2.083333333333348,157.5,1.5059520963809359
player11-6bad76e3,IL2CPP,ac74cac748fd6e6ebd6d35c6cdd90d5b116a231b61a1104ebdec526eee938e26,character,measured,2,newRoot,newRoot-,8,0.20000000000000007,0.4649999999999999,0.0,0.5,8,369.5,856.2999999999997,-293,1053,0.20000000000000018,10.526315789473696,354.5,8.28271028037384
player11-6bad76e3,IL2CPP,ac74cac748fd6e6ebd6d35c6cdd90d5b116a231b61a1104ebdec526eee938e26,character,measured,2,newRoot,newRoot_pair,8,0.4500000000000002,1.0299999999999994,0.0,1.0999999999999996,8,781.5,1874.6,230,1883,0.5,7.518796992481214,801.0,5.462356792144019
player11-6bad76e3,IL2CPP,ac74cac748fd6e6ebd6d35c6cdd90d5b116a231b61a1104ebdec526eee938e26,character,measured,2,newRoot,objects+,8,0.4499999999999993,1.3000000000000007,-1.5999999999999996,1.3000000000000007,8,990.5,2665.4,-3177,2678,0.25,1.5432098765432167,478.0,1.3900804094630237
player11-6bad76e3,IL2CPP,ac74cac748fd6e6ebd6d35c6cdd90d5b116a231b61a1104ebdec526eee938e26,character,measured,2,newRoot,objects-,8,0.050000000000000266,0.8650000000000001,-0.6000000000000005,0.9000000000000004,8,110.0,1959.5,-1446,1984,0.34999999999999964,5.223880597014929,752.5,5.293331457512651
player11-6bad76e3,IL2CPP,ac74cac748fd6e6ebd6d35c6cdd90d5b116a231b61a1104ebdec526eee938e26,character,measured,2,newRoot,objects_pair,8,0.6000000000000014,1.7500000000000009,-1.6999999999999993,2.1000000000000014,8,1273.5,3600.949999999999,-3297,4323,0.44999999999999574,1.9693654266958127,1015.0,2.09125279434641
player11-6bad76e3,IL2CPP,ac74cac748fd6e6ebd6d35c6cdd90d5b116a231b61a1104ebdec526eee938e26,character,measured,2,newRoot,publishtotal,8,3.799999999999997,6.579999999999998,-8.699999999999996,7.0,8,7981.0,13953.349999999999,-18408,14835,3.549999999999997,5.824446267432326,7502.0,5.840109297700002
player11-6bad76e3,IL2CPP,ac74cac748fd6e6ebd6d35c6cdd90d5b116a231b61a1104ebdec526eee938e26,character,measured,3,newRoot,BuildPublish,8,2.1500000000000057,12.225000000000001,-14.799999999999983,14.5,8,3545.5,25983.549999999992,-30650,30865,3.0,2.411575562700974,5799.0,2.20376148148711
player11-6bad76e3,IL2CPP,ac74cac748fd6e6ebd6d35c6cdd90d5b116a231b61a1104ebdec526eee938e26,character,measured,3,newRoot,BuildSide+,8,-11.899999999999999,-8.934999999999999,-14.399999999999999,-8.2,8,-25343.5,-18973.550000000003,-30338,-17485,-12.25,-38.76582278481012,-26046.0,-39.069976749418736
player11-6bad76e3,IL2CPP,ac74cac748fd6e6ebd6d35c6cdd90d5b116a231b61a1104ebdec526eee938e26,character,measured,3,newRoot,BuildSide-,8,11.3,15.419999999999998,10.4,15.7,8,23812.0,32413.1,22111,33013,11.2,72.49190938511327,23603.5,72.74590479712757
player11-6bad76e3,IL2CPP,ac74cac748fd6e6ebd6d35c6cdd90d5b116a231b61a1104ebdec526eee938e26,character,measured,3,newRoot,BuildSide_pair,8,-0.14999999999999503,3.829999999999999,-1.6000000000000014,4.600000000000001,8,-461.0,7910.749999999997,-3491,9561,0.04999999999999716,0.10695187165774556,-89.0,-0.09041820961785962
player11-6bad76e3,IL2CPP,ac74cac748fd6e6ebd6d35c6cdd90d5b116a231b61a1104ebdec526eee938e26,character,measured,3,newRoot,SetActive+,8,6.800000000000001,10.014999999999997,-2.200000000000003,10.399999999999999,8,14538.5,21104.35,-4903,21797,7.050000000000004,26.70454545454548,14951.0,26.720879317278047
player11-6bad76e3,IL2CPP,ac74cac748fd6e6ebd6d35c6cdd90d5b116a231b61a1104ebdec526eee938e26,character,measured,3,newRoot,SetActive-,8,-6.55,-4.945,-7.100000000000001,-4.699999999999999,8,-13869.5,-10390.25,-14673,-9916,-6.4,-36.57142857142858,-13543.5,-36.27512688995728
player11-6bad76e3,IL2CPP,ac74cac748fd6e6ebd6d35c6cdd90d5b116a231b61a1104ebdec526eee938e26,character,measured,3,newRoot,SetActive_pair,8,0.5499999999999972,4.755000000000001,-8.799999999999997,5.700000000000003,8,1566.5,10051.549999999997,-18863,11881,0.75,1.7084282460136713,1579.0,1.693106942381828
player11-6bad76e3,IL2CPP,ac74cac748fd6e6ebd6d35c6cdd90d5b116a231b61a1104ebdec526eee938e26,character,measured,3,newRoot,buildtotal,8,1.850000000000005,6.074999999999999,-5.3999999999999915,7.300000000000004,8,3336.5,12621.249999999996,-10951,15353,1.5,2.3492560689115205,2868.0,2.1203294347266866
player11-6bad76e3,IL2CPP,ac74cac748fd6e6ebd6d35c6cdd90d5b116a231b61a1104ebdec526eee938e26,character,measured,3,newRoot,colliders+,8,-1.3499999999999996,-0.47500000000000037,-3.0,-0.3000000000000007,8,-2846.0,-952.1000000000007,-6209,-495,-1.6999999999999993,-12.5,-3652.5,-12.59135410921125
player11-6bad76e3,IL2CPP,ac74cac748fd6e6ebd6d35c6cdd90d5b116a231b61a1104ebdec526eee938e26,character,measured,3,newRoot,colliders-,8,1.0499999999999998,3.8749999999999982,-0.09999999999999964,5.1000000000000005,8,2039.0,8237.499999999996,-82,10845,1.1499999999999986,15.33333333333331,2218.5,13.709677419354849
player11-6bad76e3,IL2CPP,ac74cac748fd6e6ebd6d35c6cdd90d5b116a231b61a1104ebdec526eee938e26,character,measured,3,newRoot,colliders_pair,8,-1.0,3.0049999999999977,-1.4000000000000021,4.300000000000001,8,-2161.0,6310.149999999996,-2882,9044,-0.7000000000000028,-3.2941176470588363,-1557.0,-3.425780261609035
player11-6bad76e3,IL2CPP,ac74cac748fd6e6ebd6d35c6cdd90d5b116a231b61a1104ebdec526eee938e26,character,measured,3,newRoot,newRoot+,8,-2.6999999999999997,-1.9049999999999998,-2.9000000000000004,-1.7999999999999998,8,-5654.0,-4076.4,-6334,-3907,-2.8,-58.33333333333333,-5846.5,-55.90189797772147
player11-6bad76e3,IL2CPP,ac74cac748fd6e6ebd6d35c6cdd90d5b116a231b61a1104ebdec526eee938e26,character,measured,3,newRoot,newRoot-,8,3.1500000000000004,4.4799999999999995,2.6999999999999997,4.9,8,6818.5,9285.499999999998,5620,10101,3.1,163.15789473684214,7055.5,164.8481308411215
player11-6bad76e3,IL2CPP,ac74cac748fd6e6ebd6d35c6cdd90d5b116a231b61a1104ebdec526eee938e26,character,measured,3,newRoot,newRoot_pair,8,0.7000000000000002,1.965,-0.20000000000000018,2.0,8,1560.5,3837.4,-714,3864,0.39999999999999947,6.015037593984962,1283.5,8.752727768685208
player11-6bad76e3,IL2CPP,ac74cac748fd6e6ebd6d35c6cdd90d5b116a231b61a1104ebdec526eee938e26,character,measured,3,newRoot,objects+,8,-9.3,-8.020000000000001,-10.8,-7.6,8,-19654.5,-16846.0,-22792,-15880,-9.300000000000002,-57.40740740740742,-19657.5,-57.16632980966367
player11-6bad76e3,IL2CPP,ac74cac748fd6e6ebd6d35c6cdd90d5b116a231b61a1104ebdec526eee938e26,character,measured,3,newRoot,objects-,8,9.450000000000003,12.299999999999997,9.2,12.999999999999998,8,20067.5,26013.649999999998,19444,27554,9.7,144.77611940298502,20629.0,145.11114237478898
player11-6bad76e3,IL2CPP,ac74cac748fd6e6ebd6d35c6cdd90d5b116a231b61a1104ebdec526eee938e26,character,measured,3,newRoot,objects_pair,8,0.5500000000000007,1.990000000000002,-0.3000000000000007,2.200000000000003,8,1178.5,4377.349999999999,-348,4762,0.7999999999999972,3.5010940919037115,1844.0,3.7992809386943494
player11-6bad76e3,IL2CPP,ac74cac748fd6e6ebd6d35c6cdd90d5b116a231b61a1104ebdec526eee938e26,character,measured,3,newRoot,publishtotal,8,0.6499999999999986,6.2899999999999965,-9.399999999999991,7.199999999999996,8,1465.5,13535.199999999997,-19699,15512,0.8999999999999986,1.4766201804758072,1994.0,1.5522764515614185
player11-6bad76e3,IL2CPP,ac74cac748fd6e6ebd6d35c6cdd90d5b116a231b61a1104ebdec526eee938e26,character,warmup,0,newRoot,BuildPublish,1,0.0,0.0,0.0,0.0,1,0.0,0.0,0,0,0.0,0.0,0.0,0.0
player11-6bad76e3,IL2CPP,ac74cac748fd6e6ebd6d35c6cdd90d5b116a231b61a1104ebdec526eee938e26,character,warmup,0,newRoot,BuildSide+,1,0.0,0.0,0.0,0.0,1,0.0,0.0,0,0,0.0,0.0,0.0,0.0
player11-6bad76e3,IL2CPP,ac74cac748fd6e6ebd6d35c6cdd90d5b116a231b61a1104ebdec526eee938e26,character,warmup,0,newRoot,BuildSide-,1,0.0,0.0,0.0,0.0,1,0.0,0.0,0,0,0.0,0.0,0.0,0.0
player11-6bad76e3,IL2CPP,ac74cac748fd6e6ebd6d35c6cdd90d5b116a231b61a1104ebdec526eee938e26,character,warmup,0,newRoot,BuildSide_pair,1,0.0,0.0,0.0,0.0,1,0.0,0.0,0,0,0.0,0.0,0.0,0.0
player11-6bad76e3,IL2CPP,ac74cac748fd6e6ebd6d35c6cdd90d5b116a231b61a1104ebdec526eee938e26,character,warmup,0,newRoot,SetActive+,1,0.0,0.0,0.0,0.0,1,0.0,0.0,0,0,0.0,0.0,0.0,0.0
player11-6bad76e3,IL2CPP,ac74cac748fd6e6ebd6d35c6cdd90d5b116a231b61a1104ebdec526eee938e26,character,warmup,0,newRoot,SetActive-,1,0.0,0.0,0.0,0.0,1,0.0,0.0,0,0,0.0,0.0,0.0,0.0
player11-6bad76e3,IL2CPP,ac74cac748fd6e6ebd6d35c6cdd90d5b116a231b61a1104ebdec526eee938e26,character,warmup,0,newRoot,SetActive_pair,1,0.0,0.0,0.0,0.0,1,0.0,0.0,0,0,0.0,0.0,0.0,0.0
player11-6bad76e3,IL2CPP,ac74cac748fd6e6ebd6d35c6cdd90d5b116a231b61a1104ebdec526eee938e26,character,warmup,0,newRoot,buildtotal,1,0.0,0.0,0.0,0.0,1,0.0,0.0,0,0,0.0,0.0,0.0,0.0
player11-6bad76e3,IL2CPP,ac74cac748fd6e6ebd6d35c6cdd90d5b116a231b61a1104ebdec526eee938e26,character,warmup,0,newRoot,colliders+,1,0.0,0.0,0.0,0.0,1,0.0,0.0,0,0,0.0,0.0,0.0,0.0
player11-6bad76e3,IL2CPP,ac74cac748fd6e6ebd6d35c6cdd90d5b116a231b61a1104ebdec526eee938e26,character,warmup,0,newRoot,colliders-,1,0.0,0.0,0.0,0.0,1,0.0,0.0,0,0,0.0,0.0,0.0,0.0
player11-6bad76e3,IL2CPP,ac74cac748fd6e6ebd6d35c6cdd90d5b116a231b61a1104ebdec526eee938e26,character,warmup,0,newRoot,colliders_pair,1,0.0,0.0,0.0,0.0,1,0.0,0.0,0,0,0.0,0.0,0.0,0.0
player11-6bad76e3,IL2CPP,ac74cac748fd6e6ebd6d35c6cdd90d5b116a231b61a1104ebdec526eee938e26,character,warmup,0,newRoot,newRoot+,1,0.0,0.0,0.0,0.0,1,0.0,0.0,0,0,0.0,0.0,0.0,0.0
player11-6bad76e3,IL2CPP,ac74cac748fd6e6ebd6d35c6cdd90d5b116a231b61a1104ebdec526eee938e26,character,warmup,0,newRoot,newRoot-,1,0.0,0.0,0.0,0.0,1,0.0,0.0,0,0,0.0,0.0,0.0,0.0
player11-6bad76e3,IL2CPP,ac74cac748fd6e6ebd6d35c6cdd90d5b116a231b61a1104ebdec526eee938e26,character,warmup,0,newRoot,newRoot_pair,1,0.0,0.0,0.0,0.0,1,0.0,0.0,0,0,0.0,0.0,0.0,0.0
player11-6bad76e3,IL2CPP,ac74cac748fd6e6ebd6d35c6cdd90d5b116a231b61a1104ebdec526eee938e26,character,warmup,0,newRoot,objects+,1,0.0,0.0,0.0,0.0,1,0.0,0.0,0,0,0.0,0.0,0.0,0.0
player11-6bad76e3,IL2CPP,ac74cac748fd6e6ebd6d35c6cdd90d5b116a231b61a1104ebdec526eee938e26,character,warmup,0,newRoot,objects-,1,0.0,0.0,0.0,0.0,1,0.0,0.0,0,0,0.0,0.0,0.0,0.0
player11-6bad76e3,IL2CPP,ac74cac748fd6e6ebd6d35c6cdd90d5b116a231b61a1104ebdec526eee938e26,character,warmup,0,newRoot,objects_pair,1,0.0,0.0,0.0,0.0,1,0.0,0.0,0,0,0.0,0.0,0.0,0.0
player11-6bad76e3,IL2CPP,ac74cac748fd6e6ebd6d35c6cdd90d5b116a231b61a1104ebdec526eee938e26,character,warmup,0,newRoot,publishtotal,1,0.0,0.0,0.0,0.0,1,0.0,0.0,0,0,0.0,0.0,0.0,0.0
player11-6bad76e3,IL2CPP,ac74cac748fd6e6ebd6d35c6cdd90d5b116a231b61a1104ebdec526eee938e26,character,warmup,1,newRoot,BuildPublish,1,4.5,4.5,4.5,4.5,1,9702.0,9702.0,9702,9702,4.5,3.6115569823435,9702.0,3.691373478573512
player11-6bad76e3,IL2CPP,ac74cac748fd6e6ebd6d35c6cdd90d5b116a231b61a1104ebdec526eee938e26,character,warmup,1,newRoot,BuildSide+,1,-10.5,-10.5,-10.5,-10.5,1,-22309.0,-22309.0,-22309,-22309,-10.5,-34.20195439739414,-22309.0,-34.523901638836875
player11-6bad76e3,IL2CPP,ac74cac748fd6e6ebd6d35c6cdd90d5b116a231b61a1104ebdec526eee938e26,character,warmup,1,newRoot,BuildSide-,1,13.2,13.2,13.2,13.2,1,28305.0,28305.0,28305,28305,13.2,86.27450980392155,28305.0,88.68592555458076
player11-6bad76e3,IL2CPP,ac74cac748fd6e6ebd6d35c6cdd90d5b116a231b61a1104ebdec526eee938e26,character,warmup,1,newRoot,BuildSide_pair,1,2.700000000000003,2.700000000000003,2.700000000000003,2.700000000000003,1,5996.0,5996.0,5996,5996,2.700000000000003,5.869565217391304,5996.0,6.211218728958401
player11-6bad76e3,IL2CPP,ac74cac748fd6e6ebd6d35c6cdd90d5b116a231b61a1104ebdec526eee938e26,character,warmup,1,newRoot,SetActive+,1,0.1999999999999993,0.1999999999999993,0.1999999999999993,0.1999999999999993,1,338.0,338.0,338,338,0.1999999999999993,0.7490636704119868,338.0,0.5939515349605573
player11-6bad76e3,IL2CPP,ac74cac748fd6e6ebd6d35c6cdd90d5b116a231b61a1104ebdec526eee938e26,character,warmup,1,newRoot,SetActive-,1,1.0,1.0,1.0,1.0,1,2063.0,2063.0,2063,2063,1.0,5.681818181818188,2063.0,5.492691498708702
player11-6bad76e3,IL2CPP,ac74cac748fd6e6ebd6d35c6cdd90d5b116a231b61a1104ebdec526eee938e26,character,warmup,1,newRoot,SetActive_pair,1,1.2000000000000028,1.2000000000000028,1.2000000000000028,1.2000000000000028,1,2401.0,2401.0,2401,2401,1.2000000000000028,2.708803611738153,2401.0,2.5416551986958247
player11-6bad76e3,IL2CPP,ac74cac748fd6e6ebd6d35c6cdd90d5b116a231b61a1104ebdec526eee938e26,character,warmup,1,newRoot,buildtotal,1,2.1999999999999957,2.1999999999999957,2.1999999999999957,2.1999999999999957,1,4643.0,4643.0,4643,4643,2.1999999999999957,3.4428794992175105,4643.0,3.439768854645142
player11-6bad76e3,IL2CPP,ac74cac748fd6e6ebd6d35c6cdd90d5b116a231b61a1104ebdec526eee938e26,character,warmup,1,newRoot,colliders+,1,0.09999999999999964,0.09999999999999964,0.09999999999999964,0.09999999999999964,1,175.0,175.0,175,175,0.09999999999999964,0.7751937984496138,175.0,0.6364562118126305
player11-6bad76e3,IL2CPP,ac74cac748fd6e6ebd6d35c6cdd90d5b116a231b61a1104ebdec526eee938e26,character,warmup,1,newRoot,colliders-,1,2.1999999999999993,2.1999999999999993,2.1999999999999993,2.1999999999999993,1,4494.0,4494.0,4494,4494,2.1999999999999993,29.33333333333332,4494.0,27.778464581530482
player11-6bad76e3,IL2CPP,ac74cac748fd6e6ebd6d35c6cdd90d5b116a231b61a1104ebdec526eee938e26,character,warmup,1,newRoot,colliders_pair,1,2.3000000000000007,2.3000000000000007,2.3000000000000007,2.3000000000000007,1,4669.0,4669.0,4669,4669,2.3000000000000007,11.274509803921573,4669.0,10.690571049136777
player11-6bad76e3,IL2CPP,ac74cac748fd6e6ebd6d35c6cdd90d5b116a231b61a1104ebdec526eee938e26,character,warmup,1,newRoot,newRoot+,1,-3.0,-3.0,-3.0,-3.0,1,-6743.0,-6743.0,-6743,-6743,-3.0,-62.5,-6743.0,-62.0559543530278
player11-6bad76e3,IL2CPP,ac74cac748fd6e6ebd6d35c6cdd90d5b116a231b61a1104ebdec526eee938e26,character,warmup,1,newRoot,newRoot-,1,3.9,3.9,3.9,3.9,1,8246.0,8246.0,8246,8246,3.9,162.5,8246.0,154.62216388524283
player11-6bad76e3,IL2CPP,ac74cac748fd6e6ebd6d35c6cdd90d5b116a231b61a1104ebdec526eee938e26,character,warmup,1,newRoot,newRoot_pair,1,0.8999999999999995,0.8999999999999995,0.8999999999999995,0.8999999999999995,1,1503.0,1503.0,1503,1503,0.8999999999999995,12.5,1503.0,9.278350515463906
player11-6bad76e3,IL2CPP,ac74cac748fd6e6ebd6d35c6cdd90d5b116a231b61a1104ebdec526eee938e26,character,warmup,1,newRoot,objects+,1,-10.100000000000001,-10.100000000000001,-10.100000000000001,-10.100000000000001,1,-21532.0,-21532.0,-21532,-21532,-10.100000000000001,-60.8433734939759,-21532.0,-60.997167138810205
player11-6bad76e3,IL2CPP,ac74cac748fd6e6ebd6d35c6cdd90d5b116a231b61a1104ebdec526eee938e26,character,warmup,1,newRoot,objects-,1,10.799999999999999,10.799999999999999,10.799999999999999,10.799999999999999,1,22914.0,22914.0,22914,22914,10.799999999999999,156.52173913043475,22914.0,154.60495243235948
player11-6bad76e3,IL2CPP,ac74cac748fd6e6ebd6d35c6cdd90d5b116a231b61a1104ebdec526eee938e26,character,warmup,1,newRoot,objects_pair,1,0.6999999999999993,0.6999999999999993,0.6999999999999993,0.6999999999999993,1,1382.0,1382.0,1382,1382,0.6999999999999993,2.9787234042553123,1382.0,2.7573272680114114
player11-6bad76e3,IL2CPP,ac74cac748fd6e6ebd6d35c6cdd90d5b116a231b61a1104ebdec526eee938e26,character,warmup,1,newRoot,publishtotal,1,2.299999999999997,2.299999999999997,2.299999999999997,2.299999999999997,1,5059.0,5059.0,5059,5059,2.299999999999997,3.789126853377267,5059.0,3.95701178734289
player11-6bad76e3,IL2CPP,ac74cac748fd6e6ebd6d35c6cdd90d5b116a231b61a1104ebdec526eee938e26,character,warmup,2,newRoot,BuildPublish,1,61.099999999999994,61.099999999999994,61.099999999999994,61.099999999999994,1,129398.0,129398.0,129398,129398,61.099999999999994,49.03691813804174,129398.0,49.23277111734245
player11-6bad76e3,IL2CPP,ac74cac748fd6e6ebd6d35c6cdd90d5b116a231b61a1104ebdec526eee938e26,character,warmup,2,newRoot,BuildSide+,1,20.400000000000002,20.400000000000002,20.400000000000002,20.400000000000002,1,42948.0,42948.0,42948,42948,20.400000000000002,66.44951140065147,42948.0,66.46342407031986
player11-6bad76e3,IL2CPP,ac74cac748fd6e6ebd6d35c6cdd90d5b116a231b61a1104ebdec526eee938e26,character,warmup,2,newRoot,BuildSide-,1,2.0,2.0,2.0,2.0,1,4442.0,4442.0,4442,4442,2.0,13.0718954248366,4442.0,13.91778418348164
player11-6bad76e3,IL2CPP,ac74cac748fd6e6ebd6d35c6cdd90d5b116a231b61a1104ebdec526eee938e26,character,warmup,2,newRoot,BuildSide_pair,1,22.400000000000006,22.400000000000006,22.400000000000006,22.400000000000006,1,47390.0,47390.0,47390,47390,22.400000000000006,48.695652173913054,47390.0,49.09100326306521
player11-6bad76e3,IL2CPP,ac74cac748fd6e6ebd6d35c6cdd90d5b116a231b61a1104ebdec526eee938e26,character,warmup,2,newRoot,SetActive+,1,28.7,28.7,28.7,28.7,1,60445.0,60445.0,60445,60445,28.7,107.49063670411986,60445.0,106.21716133340362
player11-6bad76e3,IL2CPP,ac74cac748fd6e6ebd6d35c6cdd90d5b116a231b61a1104ebdec526eee938e26,character,warmup,2,newRoot,SetActive-,1,-3.700000000000001,-3.700000000000001,-3.700000000000001,-3.700000000000001,1,-7975.0,-7975.0,-7975,-7975,-3.700000000000001,-21.02272727272728,-7975.0,-21.233259671450256
player11-6bad76e3,IL2CPP,ac74cac748fd6e6ebd6d35c6cdd90d5b116a231b61a1104ebdec526eee938e26,character,warmup,2,newRoot,SetActive_pair,1,25.0,25.0,25.0,25.0,1,52470.0,52470.0,52470,52470,25.0,56.43340857787811,52470.0,55.54379353418162
player11-6bad76e3,IL2CPP,ac74cac748fd6e6ebd6d35c6cdd90d5b116a231b61a1104ebdec526eee938e26,character,warmup,2,newRoot,buildtotal,1,26.4,26.4,26.4,26.4,1,55786.0,55786.0,55786,55786,26.4,41.31455399061033,55786.0,41.32908579048748
player11-6bad76e3,IL2CPP,ac74cac748fd6e6ebd6d35c6cdd90d5b116a231b61a1104ebdec526eee938e26,character,warmup,2,newRoot,colliders+,1,5.1,5.1,5.1,5.1,1,10686.0,10686.0,10686,10686,5.1,39.53488372093024,10686.0,38.86383473959849
player11-6bad76e3,IL2CPP,ac74cac748fd6e6ebd6d35c6cdd90d5b116a231b61a1104ebdec526eee938e26,character,warmup,2,newRoot,colliders-,1,0.6999999999999993,0.6999999999999993,0.6999999999999993,0.6999999999999993,1,1585.0,1585.0,1585,1585,0.6999999999999993,9.333333333333327,1585.0,9.797255532204229
player11-6bad76e3,IL2CPP,ac74cac748fd6e6ebd6d35c6cdd90d5b116a231b61a1104ebdec526eee938e26,character,warmup,2,newRoot,colliders_pair,1,5.800000000000001,5.800000000000001,5.800000000000001,5.800000000000001,1,12271.0,12271.0,12271,12271,5.800000000000001,28.431372549019617,12271.0,28.096808169620367
player11-6bad76e3,IL2CPP,ac74cac748fd6e6ebd6d35c6cdd90d5b116a231b61a1104ebdec526eee938e26,character,warmup,2,newRoot,newRoot+,1,8.3,8.3,8.3,8.3,1,17025.0,17025.0,17025,17025,8.3,172.91666666666666,17025.0,156.68139149641084
player11-6bad76e3,IL2CPP,ac74cac748fd6e6ebd6d35c6cdd90d5b116a231b61a1104ebdec526eee938e26,character,warmup,2,newRoot,newRoot-,1,0.7000000000000002,0.7000000000000002,0.7000000000000002,0.7000000000000002,1,1424.0,1424.0,1424,1424,0.7000000000000002,29.166666666666675,1424.0,26.701668854303385
player11-6bad76e3,IL2CPP,ac74cac748fd6e6ebd6d35c6cdd90d5b116a231b61a1104ebdec526eee938e26,character,warmup,2,newRoot,newRoot_pair,1,9.0,9.0,9.0,9.0,1,18449.0,18449.0,18449,18449,9.0,125.0,18449.0,113.88974628063463
player11-6bad76e3,IL2CPP,ac74cac748fd6e6ebd6d35c6cdd90d5b116a231b61a1104ebdec526eee938e26,character,warmup,2,newRoot,objects+,1,15.0,15.0,15.0,15.0,1,31305.0,31305.0,31305,31305,15.0,90.36144578313252,31305.0,88.6827195467422
player11-6bad76e3,IL2CPP,ac74cac748fd6e6ebd6d35c6cdd90d5b116a231b61a1104ebdec526eee938e26,character,warmup,2,newRoot,objects-,1,1.299999999999999,1.299999999999999,1.299999999999999,1.299999999999999,1,2856.0,2856.0,2856,2856,1.299999999999999,18.8405797101449,2856.0,19.269954793873566
player11-6bad76e3,IL2CPP,ac74cac748fd6e6ebd6d35c6cdd90d5b116a231b61a1104ebdec526eee938e26,character,warmup,2,newRoot,objects_pair,1,16.299999999999997,16.299999999999997,16.299999999999997,16.299999999999997,1,34161.0,34161.0,34161,34161,16.299999999999997,69.36170212765956,34161.0,68.15705991500569
player11-6bad76e3,IL2CPP,ac74cac748fd6e6ebd6d35c6cdd90d5b116a231b61a1104ebdec526eee938e26,character,warmup,2,newRoot,publishtotal,1,34.7,34.7,34.7,34.7,1,73612.0,73612.0,73612,73612,34.7,57.166392092257,73612.0,57.57729821899271
player11-6bad76e3,IL2CPP,ac74cac748fd6e6ebd6d35c6cdd90d5b116a231b61a1104ebdec526eee938e26,character,warmup,3,newRoot,BuildPublish,1,9.5,9.5,9.5,9.5,1,20482.0,20482.0,20482,20482,9.5,7.62439807383628,20482.0,7.792899565877431
player11-6bad76e3,IL2CPP,ac74cac748fd6e6ebd6d35c6cdd90d5b116a231b61a1104ebdec526eee938e26,character,warmup,3,newRoot,BuildSide+,1,-11.7,-11.7,-11.7,-11.7,1,-24901.0,-24901.0,-24901,-24901,-11.7,-38.11074918566775,-24901.0,-38.535105773843604
player11-6bad76e3,IL2CPP,ac74cac748fd6e6ebd6d35c6cdd90d5b116a231b61a1104ebdec526eee938e26,character,warmup,3,newRoot,BuildSide-,1,12.8,12.8,12.8,12.8,1,27219.0,27219.0,27219,27219,12.8,83.66013071895424,27219.0,85.28324351422485
player11-6bad76e3,IL2CPP,ac74cac748fd6e6ebd6d35c6cdd90d5b116a231b61a1104ebdec526eee938e26,character,warmup,3,newRoot,BuildSide_pair,1,1.1000000000000014,1.1000000000000014,1.1000000000000014,1.1000000000000014,1,2318.0,2318.0,2318,2318,1.1000000000000014,2.3913043478260843,2318.0,2.401201636712069
player11-6bad76e3,IL2CPP,ac74cac748fd6e6ebd6d35c6cdd90d5b116a231b61a1104ebdec526eee938e26,character,warmup,3,newRoot,SetActive+,1,7.300000000000001,7.300000000000001,7.300000000000001,7.300000000000001,1,15328.0,15328.0,15328,15328,7.300000000000001,27.340823970037455,15328.0,26.935174934542317
player11-6bad76e3,IL2CPP,ac74cac748fd6e6ebd6d35c6cdd90d5b116a231b61a1104ebdec526eee938e26,character,warmup,3,newRoot,SetActive-,1,-1.2000000000000028,-1.2000000000000028,-1.2000000000000028,-1.2000000000000028,1,-2539.0,-2539.0,-2539,-2539,-1.2000000000000028,-6.818181818181834,-2539.0,-6.760030884741342
player11-6bad76e3,IL2CPP,ac74cac748fd6e6ebd6d35c6cdd90d5b116a231b61a1104ebdec526eee938e26,character,warmup,3,newRoot,SetActive_pair,1,6.100000000000001,6.100000000000001,6.100000000000001,6.100000000000001,1,12789.0,12789.0,12789,12789,6.100000000000001,13.769751693002252,12789.0,13.538204221624706
player11-6bad76e3,IL2CPP,ac74cac748fd6e6ebd6d35c6cdd90d5b116a231b61a1104ebdec526eee938e26,character,warmup,3,newRoot,buildtotal,1,1.1000000000000014,1.1000000000000014,1.1000000000000014,1.1000000000000014,1,2458.0,2458.0,2458,2458,1.1000000000000014,1.7214397496087663,2458.0,1.8210105200770377
player11-6bad76e3,IL2CPP,ac74cac748fd6e6ebd6d35c6cdd90d5b116a231b61a1104ebdec526eee938e26,character,warmup,3,newRoot,colliders+,1,-1.4000000000000004,-1.4000000000000004,-1.4000000000000004,-1.4000000000000004,1,-2984.0,-2984.0,-2984,-2984,-1.4000000000000004,-10.852713178294572,-2984.0,-10.852487634565023
player11-6bad76e3,IL2CPP,ac74cac748fd6e6ebd6d35c6cdd90d5b116a231b61a1104ebdec526eee938e26,character,warmup,3,newRoot,colliders-,1,1.5999999999999996,1.5999999999999996,1.5999999999999996,1.5999999999999996,1,3402.0,3402.0,3402,3402,1.5999999999999996,21.333333333333336,3402.0,21.0285573000371
player11-6bad76e3,IL2CPP,ac74cac748fd6e6ebd6d35c6cdd90d5b116a231b61a1104ebdec526eee938e26,character,warmup,3,newRoot,colliders_pair,1,0.20000000000000284,0.20000000000000284,0.20000000000000284,0.20000000000000284,1,418.0,418.0,418,418,0.20000000000000284,0.9803921568627638,418.0,0.95709117552778
player11-6bad76e3,IL2CPP,ac74cac748fd6e6ebd6d35c6cdd90d5b116a231b61a1104ebdec526eee938e26,character,warmup,3,newRoot,newRoot+,1,-2.9,-2.9,-2.9,-2.9,1,-6633.0,-6633.0,-6633,-6633,-2.9,-60.41666666666667,-6633.0,-61.043622308117065
player11-6bad76e3,IL2CPP,ac74cac748fd6e6ebd6d35c6cdd90d5b116a231b61a1104ebdec526eee938e26,character,warmup,3,newRoot,newRoot-,1,3.1999999999999997,3.1999999999999997,3.1999999999999997,3.1999999999999997,1,6990.0,6990.0,6990,6990,3.1999999999999997,133.33333333333334,6990.0,131.0706919182449
player11-6bad76e3,IL2CPP,ac74cac748fd6e6ebd6d35c6cdd90d5b116a231b61a1104ebdec526eee938e26,character,warmup,3,newRoot,newRoot_pair,1,0.2999999999999998,0.2999999999999998,0.2999999999999998,0.2999999999999998,1,357.0,357.0,357,357,0.2999999999999998,4.166666666666674,357.0,2.203839743194025
player11-6bad76e3,IL2CPP,ac74cac748fd6e6ebd6d35c6cdd90d5b116a231b61a1104ebdec526eee938e26,character,warmup,3,newRoot,objects+,1,-9.900000000000002,-9.900000000000002,-9.900000000000002,-9.900000000000002,1,-20986.0,-20986.0,-20986,-20986,-9.900000000000002,-59.638554216867476,-20986.0,-59.45042492917847
player11-6bad76e3,IL2CPP,ac74cac748fd6e6ebd6d35c6cdd90d5b116a231b61a1104ebdec526eee938e26,character,warmup,3,newRoot,objects-,1,10.6,10.6,10.6,10.6,1,22216.0,22216.0,22216,22216,10.6,153.62318840579707,22216.0,149.8954186627083
player11-6bad76e3,IL2CPP,ac74cac748fd6e6ebd6d35c6cdd90d5b116a231b61a1104ebdec526eee938e26,character,warmup,3,newRoot,objects_pair,1,0.6999999999999993,0.6999999999999993,0.6999999999999993,0.6999999999999993,1,1230.0,1230.0,1230,1230,0.6999999999999993,2.9787234042553123,1230.0,2.4540611719638505
player11-6bad76e3,IL2CPP,ac74cac748fd6e6ebd6d35c6cdd90d5b116a231b61a1104ebdec526eee938e26,character,warmup,3,newRoot,publishtotal,1,8.399999999999991,8.399999999999991,8.399999999999991,8.399999999999991,1,18024.0,18024.0,18024,18024,8.399999999999991,13.838550247116954,18024.0,14.097881094103194
