run,backend,source_fingerprint,case,phase,mode,probe_schema,span,elapsed_us_n,elapsed_us_median,elapsed_us_p95,elapsed_us_min,elapsed_us_max,thread_cycles_n,thread_cycles_median,thread_cycles_p95,thread_cycles_min,thread_cycles_max
player00-66233b83,IL2CPP,ac74cac748fd6e6ebd6d35c6cdd90d5b116a231b61a1104ebdec526eee938e26,box,measured,0,newRoot,BuildPublish,8,83.6,90.0,78.7,90.7,8,176885.0,190614.8,166406,191711
player00-66233b83,IL2CPP,ac74cac748fd6e6ebd6d35c6cdd90d5b116a231b61a1104ebdec526eee938e26,box,measured,0,newRoot,BuildSide+,8,20.799999999999997,22.11,19.9,22.6,8,43668.5,46612.65,41956,47656
player00-66233b83,IL2CPP,ac74cac748fd6e6ebd6d35c6cdd90d5b116a231b61a1104ebdec526eee938e26,box,measured,0,newRoot,BuildSide-,8,8.850000000000001,9.53,8.1,9.6,8,18483.5,20089.7,17011,20229
player00-66233b83,IL2CPP,ac74cac748fd6e6ebd6d35c6cdd90d5b116a231b61a1104ebdec526eee938e26,box,measured,0,newRoot,BuildSide_pair,8,29.45,31.479999999999997,28.6,31.9,8,61846.5,66351.55,60260,67131
player00-66233b83,IL2CPP,ac74cac748fd6e6ebd6d35c6cdd90d5b116a231b61a1104ebdec526eee938e26,box,measured,0,newRoot,SetActive+,8,13.5,15.454999999999998,12.2,15.7,8,28819.5,32846.1,26013,33362
player00-66233b83,IL2CPP,ac74cac748fd6e6ebd6d35c6cdd90d5b116a231b61a1104ebdec526eee938e26,box,measured,0,newRoot,SetActive-,8,9.55,10.5,8.5,10.5,8,20529.0,22557.5,18176,22568
player00-66233b83,IL2CPP,ac74cac748fd6e6ebd6d35c6cdd90d5b116a231b61a1104ebdec526eee938e26,box,measured,0,newRoot,SetActive_pair,8,22.85,25.29,21.4,25.5,8,48928.0,53989.1,45953,54456
player00-66233b83,IL2CPP,ac74cac748fd6e6ebd6d35c6cdd90d5b116a231b61a1104ebdec526eee938e26,box,measured,0,newRoot,buildtotal,8,46.95,50.449999999999996,45.2,50.8,8,99617.0,107282.35,95955,107611
player00-66233b83,IL2CPP,ac74cac748fd6e6ebd6d35c6cdd90d5b116a231b61a1104ebdec526eee938e26,box,measured,0,newRoot,colliders+,8,2.1,2.5,1.9,2.5,8,4700.5,5554.95,4292,5612
player00-66233b83,IL2CPP,ac74cac748fd6e6ebd6d35c6cdd90d5b116a231b61a1104ebdec526eee938e26,box,measured,0,newRoot,colliders-,8,1.0,1.13,0.9,1.2,8,2345.0,2598.15,2174,2658
player00-66233b83,IL2CPP,ac74cac748fd6e6ebd6d35c6cdd90d5b116a231b61a1104ebdec526eee938e26,box,measured,0,newRoot,colliders_pair,8,3.1,3.465,2.8,3.5,8,7159.0,7884.95,6573,8026
player00-66233b83,IL2CPP,ac74cac748fd6e6ebd6d35c6cdd90d5b116a231b61a1104ebdec526eee938e26,box,measured,0,newRoot,newRoot+,8,5.05,5.76,4.3,5.9,8,11011.0,12602.05,9523,12944
player00-66233b83,IL2CPP,ac74cac748fd6e6ebd6d35c6cdd90d5b116a231b61a1104ebdec526eee938e26,box,measured,0,newRoot,newRoot-,8,2.05,2.5949999999999998,1.9,2.7,8,4598.5,5816.95,4182,6042
player00-66233b83,IL2CPP,ac74cac748fd6e6ebd6d35c6cdd90d5b116a231b61a1104ebdec526eee938e26,box,measured,0,newRoot,newRoot_pair,8,7.05,8.285,6.3,8.6,8,15466.0,18181.35,13919,18986
player00-66233b83,IL2CPP,ac74cac748fd6e6ebd6d35c6cdd90d5b116a231b61a1104ebdec526eee938e26,box,measured,0,newRoot,objects+,8,17.25,18.674999999999997,15.9,19.2,8,36647.0,39724.049999999996,33674,40878
player00-66233b83,IL2CPP,ac74cac748fd6e6ebd6d35c6cdd90d5b116a231b61a1104ebdec526eee938e26,box,measured,0,newRoot,objects-,8,7.199999999999999,7.994999999999999,6.5,8.1,8,15336.0,16949.75,13878,17200
player00-66233b83,IL2CPP,ac74cac748fd6e6ebd6d35c6cdd90d5b116a231b61a1104ebdec526eee938e26,box,measured,0,newRoot,objects_pair,8,24.299999999999997,26.215,23.2,26.6,8,51548.5,55946.9,49129,56838
player00-66233b83,IL2CPP,ac74cac748fd6e6ebd6d35c6cdd90d5b116a231b61a1104ebdec526eee938e26,box,measured,0,newRoot,publishtotal,8,36.85,39.864999999999995,33.3,39.9,8,77708.0,84049.95,70374,84100
player00-66233b83,IL2CPP,ac74cac748fd6e6ebd6d35c6cdd90d5b116a231b61a1104ebdec526eee938e26,box,measured,1,newRoot,BuildPublish,8,86.35,343.8699999999998,75.1,464.9,8,182709.0,630645.8499999996,158564,836253
player00-66233b83,IL2CPP,ac74cac748fd6e6ebd6d35c6cdd90d5b116a231b61a1104ebdec526eee938e26,box,measured,1,newRoot,BuildSide+,8,9.2,12.299999999999997,8.8,13.7,8,19313.0,26039.499999999996,18399,29053
player00-66233b83,IL2CPP,ac74cac748fd6e6ebd6d35c6cdd90d5b116a231b61a1104ebdec526eee938e26,box,measured,1,newRoot,BuildSide-,8,19.55,40.94,18.7,44.3,8,41131.0,84193.24999999999,39217,90299
player00-66233b83,IL2CPP,ac74cac748fd6e6ebd6d35c6cdd90d5b116a231b61a1104ebdec526eee938e26,box,measured,1,newRoot,BuildSide_pair,8,28.65,53.20499999999999,27.6,58.0,8,60324.0,110075.94999999998,57786,119352
player00-66233b83,IL2CPP,ac74cac748fd6e6ebd6d35c6cdd90d5b116a231b61a1104ebdec526eee938e26,box,measured,1,newRoot,SetActive+,8,13.2,14.9,11.7,14.9,8,28166.0,31801.85,25102,31805
player00-66233b83,IL2CPP,ac74cac748fd6e6ebd6d35c6cdd90d5b116a231b61a1104ebdec526eee938e26,box,measured,1,newRoot,SetActive-,8,9.75,18.739999999999995,8.4,20.7,8,20964.0,40862.799999999996,18138,45438
player00-66233b83,IL2CPP,ac74cac748fd6e6ebd6d35c6cdd90d5b116a231b61a1104ebdec526eee938e26,box,measured,1,newRoot,SetActive_pair,8,23.55,33.315,20.1,35.1,8,50363.5,72004.9,43240,76228
player00-66233b83,IL2CPP,ac74cac748fd6e6ebd6d35c6cdd90d5b116a231b61a1104ebdec526eee938e26,box,measured,1,newRoot,buildtotal,8,47.349999999999994,71.91499999999999,42.4,75.8,8,100436.0,150323.44999999998,90825,157643
player00-66233b83,IL2CPP,ac74cac748fd6e6ebd6d35c6cdd90d5b116a231b61a1104ebdec526eee938e26,box,measured,1,newRoot,colliders+,8,1.0,1.3,0.9,1.3,8,2368.0,3039.5,2082,3043
player00-66233b83,IL2CPP,ac74cac748fd6e6ebd6d35c6cdd90d5b116a231b61a1104ebdec526eee938e26,box,measured,1,newRoot,colliders-,8,2.05,3.295,1.7,3.4,8,4691.5,7230.95,4015,7484
player00-66233b83,IL2CPP,ac74cac748fd6e6ebd6d35c6cdd90d5b116a231b61a1104ebdec526eee938e26,box,measured,1,newRoot,colliders_pair,8,3.15,4.359999999999999,2.9,4.5,8,7245.5,9660.05,6615,9939
player00-66233b83,IL2CPP,ac74cac748fd6e6ebd6d35c6cdd90d5b116a231b61a1104ebdec526eee938e26,box,measured,1,newRoot,newRoot+,8,2.4,4.564999999999999,1.9,5.3,8,5212.5,9863.599999999999,4284,11440
player00-66233b83,IL2CPP,ac74cac748fd6e6ebd6d35c6cdd90d5b116a231b61a1104ebdec526eee938e26,box,measured,1,newRoot,newRoot-,8,4.5,9.969999999999995,4.1,12.7,8,9905.5,21343.64999999999,8961,27147
player00-66233b83,IL2CPP,ac74cac748fd6e6ebd6d35c6cdd90d5b116a231b61a1104ebdec526eee938e26,box,measured,1,newRoot,newRoot_pair,8,6.85,13.244999999999997,6.2,15.1,8,14983.5,28583.949999999993,13895,32323
player00-66233b83,IL2CPP,ac74cac748fd6e6ebd6d35c6cdd90d5b116a231b61a1104ebdec526eee938e26,box,measured,1,newRoot,objects+,8,7.4,10.569999999999999,6.8,11.9,8,15862.5,22578.649999999994,14690,25428
player00-66233b83,IL2CPP,ac74cac748fd6e6ebd6d35c6cdd90d5b116a231b61a1104ebdec526eee938e26,box,measured,1,newRoot,objects-,8,15.9,35.52499999999999,15.3,38.5,8,33700.5,73930.49999999999,32458,79527
player00-66233b83,IL2CPP,ac74cac748fd6e6ebd6d35c6cdd90d5b116a231b61a1104ebdec526eee938e26,box,measured,1,newRoot,objects_pair,8,23.3,46.02499999999999,22.4,50.4,8,49563.0,96324.34999999999,47853,104955
player00-66233b83,IL2CPP,ac74cac748fd6e6ebd6d35c6cdd90d5b116a231b61a1104ebdec526eee938e26,box,measured,1,newRoot,publishtotal,8,37.5,291.8099999999998,31.9,422.5,8,79057.5,520713.6499999997,67032,745428
player00-66233b83,IL2CPP,ac74cac748fd6e6ebd6d35c6cdd90d5b116a231b61a1104ebdec526eee938e26,box,measured,2,newRoot,BuildPublish,8,81.6,100.05999999999999,78.0,107.2,8,172331.0,212176.3,164858,227332
player00-66233b83,IL2CPP,ac74cac748fd6e6ebd6d35c6cdd90d5b116a231b61a1104ebdec526eee938e26,box,measured,2,newRoot,BuildSide+,8,20.7,25.154999999999998,18.7,26.8,8,43645.0,52845.34999999999,39381,56338
player00-66233b83,IL2CPP,ac74cac748fd6e6ebd6d35c6cdd90d5b116a231b61a1104ebdec526eee938e26,box,measured,2,newRoot,BuildSide-,8,8.850000000000001,9.915,8.3,10.3,8,18529.5,20873.8,17410,21641
player00-66233b83,IL2CPP,ac74cac748fd6e6ebd6d35c6cdd90d5b116a231b61a1104ebdec526eee938e26,box,measured,2,newRoot,BuildSide_pair,8,29.450000000000003,35.07,27.3,37.1,8,62026.5,73719.15,57444,77979
player00-66233b83,IL2CPP,ac74cac748fd6e6ebd6d35c6cdd90d5b116a231b61a1104ebdec526eee938e26,box,measured,2,newRoot,SetActive+,8,19.049999999999997,24.305,18.1,26.3,8,40588.0,51665.299999999996,38539,55831
player00-66233b83,IL2CPP,ac74cac748fd6e6ebd6d35c6cdd90d5b116a231b61a1104ebdec526eee938e26,box,measured,2,newRoot,SetActive-,8,3.1,3.3649999999999998,3.0,3.4,8,6934.0,7356.75,6690,7453
player00-66233b83,IL2CPP,ac74cac748fd6e6ebd6d35c6cdd90d5b116a231b61a1104ebdec526eee938e26,box,measured,2,newRoot,SetActive_pair,8,22.15,27.669999999999995,21.2,29.7,8,47439.5,59002.45,45237,63284
player00-66233b83,IL2CPP,ac74cac748fd6e6ebd6d35c6cdd90d5b116a231b61a1104ebdec526eee938e26,box,measured,2,newRoot,buildtotal,8,46.4,56.80499999999999,42.9,60.9,8,98170.5,120956.9,91605,129653
player00-66233b83,IL2CPP,ac74cac748fd6e6ebd6d35c6cdd90d5b116a231b61a1104ebdec526eee938e26,box,measured,2,newRoot,colliders+,8,2.05,2.665,1.7,2.7,8,4553.0,5822.15,3864,5854
player00-66233b83,IL2CPP,ac74cac748fd6e6ebd6d35c6cdd90d5b116a231b61a1104ebdec526eee938e26,box,measured,2,newRoot,colliders-,8,0.9,1.3299999999999998,0.9,1.4,8,2240.0,3036.7499999999995,2216,3210
player00-66233b83,IL2CPP,ac74cac748fd6e6ebd6d35c6cdd90d5b116a231b61a1104ebdec526eee938e26,box,measured,2,newRoot,colliders_pair,8,3.05,3.73,2.8,3.8,8,6907.0,8336.6,6508,8478
player00-66233b83,IL2CPP,ac74cac748fd6e6ebd6d35c6cdd90d5b116a231b61a1104ebdec526eee938e26,box,measured,2,newRoot,newRoot+,8,4.9,6.02,4.6,6.3,8,10991.0,13239.0,9979,13666
player00-66233b83,IL2CPP,ac74cac748fd6e6ebd6d35c6cdd90d5b116a231b61a1104ebdec526eee938e26,box,measured,2,newRoot,newRoot-,8,2.25,3.0949999999999998,1.8,3.2,8,4903.0,6689.599999999999,4201,6887
player00-66233b83,IL2CPP,ac74cac748fd6e6ebd6d35c6cdd90d5b116a231b61a1104ebdec526eee938e26,box,measured,2,newRoot,newRoot_pair,8,7.3,9.024999999999999,6.6,9.2,8,15970.5,19759.4,14377,19989
player00-66233b83,IL2CPP,ac74cac748fd6e6ebd6d35c6cdd90d5b116a231b61a1104ebdec526eee938e26,box,measured,2,newRoot,objects+,8,17.2,21.099999999999998,15.5,22.5,8,36574.5,44857.2,33012,47835
player00-66233b83,IL2CPP,ac74cac748fd6e6ebd6d35c6cdd90d5b116a231b61a1104ebdec526eee938e26,box,measured,2,newRoot,objects-,8,7.25,8.184999999999999,6.6,8.5,8,15396.0,17454.899999999998,13948,18066
player00-66233b83,IL2CPP,ac74cac748fd6e6ebd6d35c6cdd90d5b116a231b61a1104ebdec526eee938e26,box,measured,2,newRoot,objects_pair,8,24.6,29.284999999999997,22.3,31.0,8,52286.5,62312.09999999999,47499,65901
player00-66233b83,IL2CPP,ac74cac748fd6e6ebd6d35c6cdd90d5b116a231b61a1104ebdec526eee938e26,box,measured,2,newRoot,publishtotal,8,35.25,43.254999999999995,34.4,46.3,8,74182.5,91219.4,72468,97679
player00-66233b83,IL2CPP,ac74cac748fd6e6ebd6d35c6cdd90d5b116a231b61a1104ebdec526eee938e26,box,measured,3,newRoot,BuildPublish,8,83.65,87.01,80.6,88.2,8,177798.0,184127.94999999998,170504,186509
player00-66233b83,IL2CPP,ac74cac748fd6e6ebd6d35c6cdd90d5b116a231b61a1104ebdec526eee938e26,box,measured,3,newRoot,BuildSide+,8,8.95,10.864999999999998,8.4,11.6,8,18906.5,22838.449999999997,17544,24383
player00-66233b83,IL2CPP,ac74cac748fd6e6ebd6d35c6cdd90d5b116a231b61a1104ebdec526eee938e26,box,measured,3,newRoot,BuildSide-,8,21.65,23.09,19.6,23.3,8,45559.0,48513.8,41056,48938
player00-66233b83,IL2CPP,ac74cac748fd6e6ebd6d35c6cdd90d5b116a231b61a1104ebdec526eee938e26,box,measured,3,newRoot,BuildSide_pair,8,30.5,33.495,28.4,34.3,8,64208.5,70371.59999999999,59433,72109
player00-66233b83,IL2CPP,ac74cac748fd6e6ebd6d35c6cdd90d5b116a231b61a1104ebdec526eee938e26,box,measured,3,newRoot,SetActive+,8,19.700000000000003,20.365,19.2,20.4,8,42014.5,43399.55,40890,43486
player00-66233b83,IL2CPP,ac74cac748fd6e6ebd6d35c6cdd90d5b116a231b61a1104ebdec526eee938e26,box,measured,3,newRoot,SetActive-,8,3.25,3.465,3.1,3.5,8,7267.5,7531.85,6818,7563
player00-66233b83,IL2CPP,ac74cac748fd6e6ebd6d35c6cdd90d5b116a231b61a1104ebdec526eee938e26,box,measured,3,newRoot,SetActive_pair,8,23.05,23.665,22.4,23.7,8,49381.5,50603.4,47893,50686
player00-66233b83,IL2CPP,ac74cac748fd6e6ebd6d35c6cdd90d5b116a231b61a1104ebdec526eee938e26,box,measured,3,newRoot,buildtotal,8,47.5,49.78,45.1,50.2,8,101323.0,105813.9,95662,106355
player00-66233b83,IL2CPP,ac74cac748fd6e6ebd6d35c6cdd90d5b116a231b61a1104ebdec526eee938e26,box,measured,3,newRoot,colliders+,8,1.0,1.23,0.9,1.3,8,2263.5,2770.25,2170,2870
player00-66233b83,IL2CPP,ac74cac748fd6e6ebd6d35c6cdd90d5b116a231b61a1104ebdec526eee938e26,box,measured,3,newRoot,colliders-,8,2.05,2.8899999999999997,1.9,3.1,8,4644.5,6489.549999999999,4323,6926
player00-66233b83,IL2CPP,ac74cac748fd6e6ebd6d35c6cdd90d5b116a231b61a1104ebdec526eee938e26,box,measured,3,newRoot,colliders_pair,8,3.1500000000000004,3.8249999999999997,2.9,4.0,8,7217.5,8684.0,6570,9111
player00-66233b83,IL2CPP,ac74cac748fd6e6ebd6d35c6cdd90d5b116a231b61a1104ebdec526eee938e26,box,measured,3,newRoot,newRoot+,8,2.3,2.63,2.0,2.7,8,5173.0,5690.099999999999,4449,5800
player00-66233b83,IL2CPP,ac74cac748fd6e6ebd6d35c6cdd90d5b116a231b61a1104ebdec526eee938e26,box,measured,3,newRoot,newRoot-,8,4.75,5.93,4.1,6.0,8,10225.0,12867.4,9052,12999
player00-66233b83,IL2CPP,ac74cac748fd6e6ebd6d35c6cdd90d5b116a231b61a1104ebdec526eee938e26,box,measured,3,newRoot,newRoot_pair,8,7.0,8.395,6.4,8.5,8,15209.0,18237.0,14124,18370
player00-66233b83,IL2CPP,ac74cac748fd6e6ebd6d35c6cdd90d5b116a231b61a1104ebdec526eee938e26,box,measured,3,newRoot,objects+,8,7.3,9.264999999999999,6.7,10.0,8,15607.0,19773.6,14436,21315
player00-66233b83,IL2CPP,ac74cac748fd6e6ebd6d35c6cdd90d5b116a231b61a1104ebdec526eee938e26,box,measured,3,newRoot,objects-,8,17.5,19.72,15.7,20.0,8,37024.5,41880.95,33501,42463
player00-66233b83,IL2CPP,ac74cac748fd6e6ebd6d35c6cdd90d5b116a231b61a1104ebdec526eee938e26,box,measured,3,newRoot,objects_pair,8,24.799999999999997,28.43,22.5,29.2,8,52801.0,60500.45,48122,62115
player00-66233b83,IL2CPP,ac74cac748fd6e6ebd6d35c6cdd90d5b116a231b61a1104ebdec526eee938e26,box,measured,3,newRoot,publishtotal,8,35.8,37.825,35.0,38.0,8,75402.5,79786.15,73886,80154
player00-66233b83,IL2CPP,ac74cac748fd6e6ebd6d35c6cdd90d5b116a231b61a1104ebdec526eee938e26,box,warmup,0,newRoot,BuildPublish,1,106.8,106.8,106.8,106.8,1,229604.0,229604.0,229604,229604
player00-66233b83,IL2CPP,ac74cac748fd6e6ebd6d35c6cdd90d5b116a231b61a1104ebdec526eee938e26,box,warmup,0,newRoot,BuildSide+,1,28.3,28.3,28.3,28.3,1,59369.0,59369.0,59369,59369
player00-66233b83,IL2CPP,ac74cac748fd6e6ebd6d35c6cdd90d5b116a231b61a1104ebdec526eee938e26,box,warmup,0,newRoot,BuildSide-,1,10.4,10.4,10.4,10.4,1,21970.0,21970.0,21970,21970
player00-66233b83,IL2CPP,ac74cac748fd6e6ebd6d35c6cdd90d5b116a231b61a1104ebdec526eee938e26,box,warmup,0,newRoot,BuildSide_pair,1,38.7,38.7,38.7,38.7,1,81339.0,81339.0,81339,81339
player00-66233b83,IL2CPP,ac74cac748fd6e6ebd6d35c6cdd90d5b116a231b61a1104ebdec526eee938e26,box,warmup,0,newRoot,SetActive+,1,15.0,15.0,15.0,15.0,1,32143.0,32143.0,32143,32143
player00-66233b83,IL2CPP,ac74cac748fd6e6ebd6d35c6cdd90d5b116a231b61a1104ebdec526eee938e26,box,warmup,0,newRoot,SetActive-,1,14.4,14.4,14.4,14.4,1,30562.0,30562.0,30562,30562
player00-66233b83,IL2CPP,ac74cac748fd6e6ebd6d35c6cdd90d5b116a231b61a1104ebdec526eee938e26,box,warmup,0,newRoot,SetActive_pair,1,29.4,29.4,29.4,29.4,1,62705.0,62705.0,62705,62705
player00-66233b83,IL2CPP,ac74cac748fd6e6ebd6d35c6cdd90d5b116a231b61a1104ebdec526eee938e26,box,warmup,0,newRoot,buildtotal,1,58.4,58.4,58.4,58.4,1,127528.0,127528.0,127528,127528
player00-66233b83,IL2CPP,ac74cac748fd6e6ebd6d35c6cdd90d5b116a231b61a1104ebdec526eee938e26,box,warmup,0,newRoot,colliders+,1,3.4,3.4,3.4,3.4,1,7374.0,7374.0,7374,7374
player00-66233b83,IL2CPP,ac74cac748fd6e6ebd6d35c6cdd90d5b116a231b61a1104ebdec526eee938e26,box,warmup,0,newRoot,colliders-,1,1.0,1.0,1.0,1.0,1,2335.0,2335.0,2335,2335
player00-66233b83,IL2CPP,ac74cac748fd6e6ebd6d35c6cdd90d5b116a231b61a1104ebdec526eee938e26,box,warmup,0,newRoot,colliders_pair,1,4.4,4.4,4.4,4.4,1,9709.0,9709.0,9709,9709
player00-66233b83,IL2CPP,ac74cac748fd6e6ebd6d35c6cdd90d5b116a231b61a1104ebdec526eee938e26,box,warmup,0,newRoot,newRoot+,1,8.1,8.1,8.1,8.1,1,17500.0,17500.0,17500,17500
player00-66233b83,IL2CPP,ac74cac748fd6e6ebd6d35c6cdd90d5b116a231b61a1104ebdec526eee938e26,box,warmup,0,newRoot,newRoot-,1,2.1,2.1,2.1,2.1,1,4754.0,4754.0,4754,4754
player00-66233b83,IL2CPP,ac74cac748fd6e6ebd6d35c6cdd90d5b116a231b61a1104ebdec526eee938e26,box,warmup,0,newRoot,newRoot_pair,1,10.2,10.2,10.2,10.2,1,22254.0,22254.0,22254,22254
player00-66233b83,IL2CPP,ac74cac748fd6e6ebd6d35c6cdd90d5b116a231b61a1104ebdec526eee938e26,box,warmup,0,newRoot,objects+,1,23.6,23.6,23.6,23.6,1,50012.0,50012.0,50012,50012
player00-66233b83,IL2CPP,ac74cac748fd6e6ebd6d35c6cdd90d5b116a231b61a1104ebdec526eee938e26,box,warmup,0,newRoot,objects-,1,8.8,8.8,8.8,8.8,1,18728.0,18728.0,18728,18728
player00-66233b83,IL2CPP,ac74cac748fd6e6ebd6d35c6cdd90d5b116a231b61a1104ebdec526eee938e26,box,warmup,0,newRoot,objects_pair,1,32.4,32.4,32.4,32.4,1,68740.0,68740.0,68740,68740
player00-66233b83,IL2CPP,ac74cac748fd6e6ebd6d35c6cdd90d5b116a231b61a1104ebdec526eee938e26,box,warmup,0,newRoot,publishtotal,1,48.4,48.4,48.4,48.4,1,102076.0,102076.0,102076,102076
player00-66233b83,IL2CPP,ac74cac748fd6e6ebd6d35c6cdd90d5b116a231b61a1104ebdec526eee938e26,box,warmup,1,newRoot,BuildPublish,1,62.1,62.1,62.1,62.1,1,131011.0,131011.0,131011,131011
player00-66233b83,IL2CPP,ac74cac748fd6e6ebd6d35c6cdd90d5b116a231b61a1104ebdec526eee938e26,box,warmup,1,newRoot,BuildSide+,1,8.5,8.5,8.5,8.5,1,17842.0,17842.0,17842,17842
player00-66233b83,IL2CPP,ac74cac748fd6e6ebd6d35c6cdd90d5b116a231b61a1104ebdec526eee938e26,box,warmup,1,newRoot,BuildSide-,1,15.5,15.5,15.5,15.5,1,32848.0,32848.0,32848,32848
player00-66233b83,IL2CPP,ac74cac748fd6e6ebd6d35c6cdd90d5b116a231b61a1104ebdec526eee938e26,box,warmup,1,newRoot,BuildSide_pair,1,24.0,24.0,24.0,24.0,1,50690.0,50690.0,50690,50690
player00-66233b83,IL2CPP,ac74cac748fd6e6ebd6d35c6cdd90d5b116a231b61a1104ebdec526eee938e26,box,warmup,1,newRoot,SetActive+,1,10.4,10.4,10.4,10.4,1,22385.0,22385.0,22385,22385
player00-66233b83,IL2CPP,ac74cac748fd6e6ebd6d35c6cdd90d5b116a231b61a1104ebdec526eee938e26,box,warmup,1,newRoot,SetActive-,1,7.9,7.9,7.9,7.9,1,17162.0,17162.0,17162,17162
player00-66233b83,IL2CPP,ac74cac748fd6e6ebd6d35c6cdd90d5b116a231b61a1104ebdec526eee938e26,box,warmup,1,newRoot,SetActive_pair,1,18.3,18.3,18.3,18.3,1,39547.0,39547.0,39547,39547
player00-66233b83,IL2CPP,ac74cac748fd6e6ebd6d35c6cdd90d5b116a231b61a1104ebdec526eee938e26,box,warmup,1,newRoot,buildtotal,1,33.5,33.5,33.5,33.5,1,70752.0,70752.0,70752,70752
player00-66233b83,IL2CPP,ac74cac748fd6e6ebd6d35c6cdd90d5b116a231b61a1104ebdec526eee938e26,box,warmup,1,newRoot,colliders+,1,0.9,0.9,0.9,0.9,1,2212.0,2212.0,2212,2212
player00-66233b83,IL2CPP,ac74cac748fd6e6ebd6d35c6cdd90d5b116a231b61a1104ebdec526eee938e26,box,warmup,1,newRoot,colliders-,1,1.7,1.7,1.7,1.7,1,4036.0,4036.0,4036,4036
player00-66233b83,IL2CPP,ac74cac748fd6e6ebd6d35c6cdd90d5b116a231b61a1104ebdec526eee938e26,box,warmup,1,newRoot,colliders_pair,1,2.6,2.6,2.6,2.6,1,6248.0,6248.0,6248,6248
player00-66233b83,IL2CPP,ac74cac748fd6e6ebd6d35c6cdd90d5b116a231b61a1104ebdec526eee938e26,box,warmup,1,newRoot,newRoot+,1,2.2,2.2,2.2,2.2,1,4995.0,4995.0,4995,4995
player00-66233b83,IL2CPP,ac74cac748fd6e6ebd6d35c6cdd90d5b116a231b61a1104ebdec526eee938e26,box,warmup,1,newRoot,newRoot-,1,4.0,4.0,4.0,4.0,1,8708.0,8708.0,8708,8708
player00-66233b83,IL2CPP,ac74cac748fd6e6ebd6d35c6cdd90d5b116a231b61a1104ebdec526eee938e26,box,warmup,1,newRoot,newRoot_pair,1,6.2,6.2,6.2,6.2,1,13703.0,13703.0,13703,13703
player00-66233b83,IL2CPP,ac74cac748fd6e6ebd6d35c6cdd90d5b116a231b61a1104ebdec526eee938e26,box,warmup,1,newRoot,objects+,1,7.0,7.0,7.0,7.0,1,14779.0,14779.0,14779,14779
player00-66233b83,IL2CPP,ac74cac748fd6e6ebd6d35c6cdd90d5b116a231b61a1104ebdec526eee938e26,box,warmup,1,newRoot,objects-,1,12.8,12.8,12.8,12.8,1,27325.0,27325.0,27325,27325
player00-66233b83,IL2CPP,ac74cac748fd6e6ebd6d35c6cdd90d5b116a231b61a1104ebdec526eee938e26,box,warmup,1,newRoot,objects_pair,1,19.8,19.8,19.8,19.8,1,42104.0,42104.0,42104,42104
player00-66233b83,IL2CPP,ac74cac748fd6e6ebd6d35c6cdd90d5b116a231b61a1104ebdec526eee938e26,box,warmup,1,newRoot,publishtotal,1,28.6,28.6,28.6,28.6,1,60259.0,60259.0,60259,60259
player00-66233b83,IL2CPP,ac74cac748fd6e6ebd6d35c6cdd90d5b116a231b61a1104ebdec526eee938e26,box,warmup,2,newRoot,BuildPublish,1,80.0,80.0,80.0,80.0,1,169460.0,169460.0,169460,169460
player00-66233b83,IL2CPP,ac74cac748fd6e6ebd6d35c6cdd90d5b116a231b61a1104ebdec526eee938e26,box,warmup,2,newRoot,BuildSide+,1,21.7,21.7,21.7,21.7,1,45719.0,45719.0,45719,45719
player00-66233b83,IL2CPP,ac74cac748fd6e6ebd6d35c6cdd90d5b116a231b61a1104ebdec526eee938e26,box,warmup,2,newRoot,BuildSide-,1,8.3,8.3,8.3,8.3,1,17439.0,17439.0,17439,17439
player00-66233b83,IL2CPP,ac74cac748fd6e6ebd6d35c6cdd90d5b116a231b61a1104ebdec526eee938e26,box,warmup,2,newRoot,BuildSide_pair,1,30.0,30.0,30.0,30.0,1,63158.0,63158.0,63158,63158
player00-66233b83,IL2CPP,ac74cac748fd6e6ebd6d35c6cdd90d5b116a231b61a1104ebdec526eee938e26,box,warmup,2,newRoot,SetActive+,1,19.0,19.0,19.0,19.0,1,40392.0,40392.0,40392,40392
player00-66233b83,IL2CPP,ac74cac748fd6e6ebd6d35c6cdd90d5b116a231b61a1104ebdec526eee938e26,box,warmup,2,newRoot,SetActive-,1,3.1,3.1,3.1,3.1,1,6902.0,6902.0,6902,6902
player00-66233b83,IL2CPP,ac74cac748fd6e6ebd6d35c6cdd90d5b116a231b61a1104ebdec526eee938e26,box,warmup,2,newRoot,SetActive_pair,1,22.1,22.1,22.1,22.1,1,47294.0,47294.0,47294,47294
player00-66233b83,IL2CPP,ac74cac748fd6e6ebd6d35c6cdd90d5b116a231b61a1104ebdec526eee938e26,box,warmup,2,newRoot,buildtotal,1,45.6,45.6,45.6,45.6,1,96954.0,96954.0,96954,96954
player00-66233b83,IL2CPP,ac74cac748fd6e6ebd6d35c6cdd90d5b116a231b61a1104ebdec526eee938e26,box,warmup,2,newRoot,colliders+,1,1.8,1.8,1.8,1.8,1,4125.0,4125.0,4125,4125
player00-66233b83,IL2CPP,ac74cac748fd6e6ebd6d35c6cdd90d5b116a231b61a1104ebdec526eee938e26,box,warmup,2,newRoot,colliders-,1,1.0,1.0,1.0,1.0,1,2369.0,2369.0,2369,2369
player00-66233b83,IL2CPP,ac74cac748fd6e6ebd6d35c6cdd90d5b116a231b61a1104ebdec526eee938e26,box,warmup,2,newRoot,colliders_pair,1,2.8,2.8,2.8,2.8,1,6494.0,6494.0,6494,6494
player00-66233b83,IL2CPP,ac74cac748fd6e6ebd6d35c6cdd90d5b116a231b61a1104ebdec526eee938e26,box,warmup,2,newRoot,newRoot+,1,5.8,5.8,5.8,5.8,1,12719.0,12719.0,12719,12719
player00-66233b83,IL2CPP,ac74cac748fd6e6ebd6d35c6cdd90d5b116a231b61a1104ebdec526eee938e26,box,warmup,2,newRoot,newRoot-,1,1.9,1.9,1.9,1.9,1,4325.0,4325.0,4325,4325
player00-66233b83,IL2CPP,ac74cac748fd6e6ebd6d35c6cdd90d5b116a231b61a1104ebdec526eee938e26,box,warmup,2,newRoot,newRoot_pair,1,7.7,7.7,7.7,7.7,1,17044.0,17044.0,17044,17044
player00-66233b83,IL2CPP,ac74cac748fd6e6ebd6d35c6cdd90d5b116a231b61a1104ebdec526eee938e26,box,warmup,2,newRoot,objects+,1,18.1,18.1,18.1,18.1,1,38300.0,38300.0,38300,38300
player00-66233b83,IL2CPP,ac74cac748fd6e6ebd6d35c6cdd90d5b116a231b61a1104ebdec526eee938e26,box,warmup,2,newRoot,objects-,1,6.7,6.7,6.7,6.7,1,14190.0,14190.0,14190,14190
player00-66233b83,IL2CPP,ac74cac748fd6e6ebd6d35c6cdd90d5b116a231b61a1104ebdec526eee938e26,box,warmup,2,newRoot,objects_pair,1,24.8,24.8,24.8,24.8,1,52490.0,52490.0,52490,52490
player00-66233b83,IL2CPP,ac74cac748fd6e6ebd6d35c6cdd90d5b116a231b61a1104ebdec526eee938e26,box,warmup,2,newRoot,publishtotal,1,34.4,34.4,34.4,34.4,1,72506.0,72506.0,72506,72506
player00-66233b83,IL2CPP,ac74cac748fd6e6ebd6d35c6cdd90d5b116a231b61a1104ebdec526eee938e26,box,warmup,3,newRoot,BuildPublish,1,75.0,75.0,75.0,75.0,1,157955.0,157955.0,157955,157955
player00-66233b83,IL2CPP,ac74cac748fd6e6ebd6d35c6cdd90d5b116a231b61a1104ebdec526eee938e26,box,warmup,3,newRoot,BuildSide+,1,8.5,8.5,8.5,8.5,1,17865.0,17865.0,17865,17865
player00-66233b83,IL2CPP,ac74cac748fd6e6ebd6d35c6cdd90d5b116a231b61a1104ebdec526eee938e26,box,warmup,3,newRoot,BuildSide-,1,19.4,19.4,19.4,19.4,1,40811.0,40811.0,40811,40811
player00-66233b83,IL2CPP,ac74cac748fd6e6ebd6d35c6cdd90d5b116a231b61a1104ebdec526eee938e26,box,warmup,3,newRoot,BuildSide_pair,1,27.9,27.9,27.9,27.9,1,58676.0,58676.0,58676,58676
player00-66233b83,IL2CPP,ac74cac748fd6e6ebd6d35c6cdd90d5b116a231b61a1104ebdec526eee938e26,box,warmup,3,newRoot,SetActive+,1,17.1,17.1,17.1,17.1,1,36450.0,36450.0,36450,36450
player00-66233b83,IL2CPP,ac74cac748fd6e6ebd6d35c6cdd90d5b116a231b61a1104ebdec526eee938e26,box,warmup,3,newRoot,SetActive-,1,2.9,2.9,2.9,2.9,1,6347.0,6347.0,6347,6347
player00-66233b83,IL2CPP,ac74cac748fd6e6ebd6d35c6cdd90d5b116a231b61a1104ebdec526eee938e26,box,warmup,3,newRoot,SetActive_pair,1,20.0,20.0,20.0,20.0,1,42797.0,42797.0,42797,42797
player00-66233b83,IL2CPP,ac74cac748fd6e6ebd6d35c6cdd90d5b116a231b61a1104ebdec526eee938e26,box,warmup,3,newRoot,buildtotal,1,42.2,42.2,42.2,42.2,1,88963.0,88963.0,88963,88963
player00-66233b83,IL2CPP,ac74cac748fd6e6ebd6d35c6cdd90d5b116a231b61a1104ebdec526eee938e26,box,warmup,3,newRoot,colliders+,1,1.0,1.0,1.0,1.0,1,2281.0,2281.0,2281,2281
player00-66233b83,IL2CPP,ac74cac748fd6e6ebd6d35c6cdd90d5b116a231b61a1104ebdec526eee938e26,box,warmup,3,newRoot,colliders-,1,1.9,1.9,1.9,1.9,1,4137.0,4137.0,4137,4137
player00-66233b83,IL2CPP,ac74cac748fd6e6ebd6d35c6cdd90d5b116a231b61a1104ebdec526eee938e26,box,warmup,3,newRoot,colliders_pair,1,2.9,2.9,2.9,2.9,1,6418.0,6418.0,6418,6418
player00-66233b83,IL2CPP,ac74cac748fd6e6ebd6d35c6cdd90d5b116a231b61a1104ebdec526eee938e26,box,warmup,3,newRoot,newRoot+,1,1.9,1.9,1.9,1.9,1,4451.0,4451.0,4451,4451
player00-66233b83,IL2CPP,ac74cac748fd6e6ebd6d35c6cdd90d5b116a231b61a1104ebdec526eee938e26,box,warmup,3,newRoot,newRoot-,1,4.2,4.2,4.2,4.2,1,9261.0,9261.0,9261,9261
player00-66233b83,IL2CPP,ac74cac748fd6e6ebd6d35c6cdd90d5b116a231b61a1104ebdec526eee938e26,box,warmup,3,newRoot,newRoot_pair,1,6.1,6.1,6.1,6.1,1,13712.0,13712.0,13712,13712
player00-66233b83,IL2CPP,ac74cac748fd6e6ebd6d35c6cdd90d5b116a231b61a1104ebdec526eee938e26,box,warmup,3,newRoot,objects+,1,6.9,6.9,6.9,6.9,1,14750.0,14750.0,14750,14750
player00-66233b83,IL2CPP,ac74cac748fd6e6ebd6d35c6cdd90d5b116a231b61a1104ebdec526eee938e26,box,warmup,3,newRoot,objects-,1,16.2,16.2,16.2,16.2,1,34383.0,34383.0,34383,34383
player00-66233b83,IL2CPP,ac74cac748fd6e6ebd6d35c6cdd90d5b116a231b61a1104ebdec526eee938e26,box,warmup,3,newRoot,objects_pair,1,23.1,23.1,23.1,23.1,1,49133.0,49133.0,49133,49133
player00-66233b83,IL2CPP,ac74cac748fd6e6ebd6d35c6cdd90d5b116a231b61a1104ebdec526eee938e26,box,warmup,3,newRoot,publishtotal,1,32.8,32.8,32.8,32.8,1,68992.0,68992.0,68992,68992
player00-66233b83,IL2CPP,ac74cac748fd6e6ebd6d35c6cdd90d5b116a231b61a1104ebdec526eee938e26,character,measured,0,newRoot,BuildPublish,8,132.7,176.515,124.3,186.7,8,279983.5,352677.6,262449,363235
player00-66233b83,IL2CPP,ac74cac748fd6e6ebd6d35c6cdd90d5b116a231b61a1104ebdec526eee938e26,character,measured,0,newRoot,BuildSide+,8,30.85,43.335,30.1,44.7,8,64851.5,83165.34999999999,63665,85839
player00-66233b83,IL2CPP,ac74cac748fd6e6ebd6d35c6cdd90d5b116a231b61a1104ebdec526eee938e26,character,measured,0,newRoot,BuildSide-,8,15.649999999999999,41.069999999999986,14.9,52.2,8,32850.5,66375.44999999998,31262,79078
player00-66233b83,IL2CPP,ac74cac748fd6e6ebd6d35c6cdd90d5b116a231b61a1104ebdec526eee938e26,character,measured,0,newRoot,BuildSide_pair,8,47.5,74.97999999999999,45.4,82.4,8,99753.0,137820.19999999998,95416,142772
player00-66233b83,IL2CPP,ac74cac748fd6e6ebd6d35c6cdd90d5b116a231b61a1104ebdec526eee938e26,character,measured,0,newRoot,SetActive+,8,27.85,32.355,26.0,32.6,8,59156.5,68586.15,55218,69066
player00-66233b83,IL2CPP,ac74cac748fd6e6ebd6d35c6cdd90d5b116a231b61a1104ebdec526eee938e26,character,measured,0,newRoot,SetActive-,8,18.8,26.209999999999997,17.1,28.8,8,40083.5,55547.84999999999,36418,60976
player00-66233b83,IL2CPP,ac74cac748fd6e6ebd6d35c6cdd90d5b116a231b61a1104ebdec526eee938e26,character,measured,0,newRoot,SetActive_pair,8,46.55,58.565,43.6,61.4,8,98882.5,124133.99999999999,92673,130042
player00-66233b83,IL2CPP,ac74cac748fd6e6ebd6d35c6cdd90d5b116a231b61a1104ebdec526eee938e26,character,measured,0,newRoot,buildtotal,8,67.55000000000001,95.30999999999999,62.3,102.8,8,142814.0,180711.9,131948,186223
player00-66233b83,IL2CPP,ac74cac748fd6e6ebd6d35c6cdd90d5b116a231b61a1104ebdec526eee938e26,character,measured,0,newRoot,colliders+,8,14.0,21.189999999999998,12.8,22.8,8,29874.0,36604.95,27372,38832
player00-66233b83,IL2CPP,ac74cac748fd6e6ebd6d35c6cdd90d5b116a231b61a1104ebdec526eee938e26,character,measured,0,newRoot,colliders-,8,7.7,31.859999999999985,7.4,42.5,8,16605.0,48551.499999999985,15783,60448
player00-66233b83,IL2CPP,ac74cac748fd6e6ebd6d35c6cdd90d5b116a231b61a1104ebdec526eee938e26,character,measured,0,newRoot,colliders_pair,8,21.700000000000003,47.39499999999999,20.5,56.6,8,46398.5,81778.54999999999,43986,90657
player00-66233b83,IL2CPP,ac74cac748fd6e6ebd6d35c6cdd90d5b116a231b61a1104ebdec526eee938e26,character,measured,0,newRoot,newRoot+,8,4.95,5.165,4.3,5.2,8,10699.5,11294.15,9348,11403
player00-66233b83,IL2CPP,ac74cac748fd6e6ebd6d35c6cdd90d5b116a231b61a1104ebdec526eee938e26,character,measured,0,newRoot,newRoot-,8,2.1,2.63,1.8,2.7,8,4748.0,5828.7,4094,5940
player00-66233b83,IL2CPP,ac74cac748fd6e6ebd6d35c6cdd90d5b116a231b61a1104ebdec526eee938e26,character,measured,0,newRoot,newRoot_pair,8,7.05,7.265,6.3,7.3,8,15601.0,16037.95,13994,16137
player00-66233b83,IL2CPP,ac74cac748fd6e6ebd6d35c6cdd90d5b116a231b61a1104ebdec526eee938e26,character,measured,0,newRoot,objects+,8,16.299999999999997,20.495,14.7,20.6,8,34583.0,43522.3,31423,43768
player00-66233b83,IL2CPP,ac74cac748fd6e6ebd6d35c6cdd90d5b116a231b61a1104ebdec526eee938e26,character,measured,0,newRoot,objects-,8,7.15,7.83,6.4,7.9,8,15261.5,16594.05,13728,16705
player00-66233b83,IL2CPP,ac74cac748fd6e6ebd6d35c6cdd90d5b116a231b61a1104ebdec526eee938e26,character,measured,0,newRoot,objects_pair,8,22.95,28.025,22.3,28.2,8,48860.0,59445.5,47564,59771
player00-66233b83,IL2CPP,ac74cac748fd6e6ebd6d35c6cdd90d5b116a231b61a1104ebdec526eee938e26,character,measured,0,newRoot,publishtotal,8,64.75,81.52,60.8,83.9,8,136367.5,171965.69999999998,128181,177012
player00-66233b83,IL2CPP,ac74cac748fd6e6ebd6d35c6cdd90d5b116a231b61a1104ebdec526eee938e26,character,measured,1,newRoot,BuildPublish,8,129.25,134.785,124.9,135.1,8,272929.5,284628.65,263606,285119
player00-66233b83,IL2CPP,ac74cac748fd6e6ebd6d35c6cdd90d5b116a231b61a1104ebdec526eee938e26,character,measured,1,newRoot,BuildSide+,8,19.9,20.294999999999998,19.2,20.4,8,41703.5,42559.3,40307,42742
player00-66233b83,IL2CPP,ac74cac748fd6e6ebd6d35c6cdd90d5b116a231b61a1104ebdec526eee938e26,character,measured,1,newRoot,BuildSide-,8,27.85,28.565,27.4,28.6,8,58596.5,60289.05,57614,60393
player00-66233b83,IL2CPP,ac74cac748fd6e6ebd6d35c6cdd90d5b116a231b61a1104ebdec526eee938e26,character,measured,1,newRoot,BuildSide_pair,8,47.8,48.495,47.0,48.6,8,100485.5,101999.95,98821,102316
player00-66233b83,IL2CPP,ac74cac748fd6e6ebd6d35c6cdd90d5b116a231b61a1104ebdec526eee938e26,character,measured,1,newRoot,SetActive+,8,27.45,28.925,26.0,29.1,8,58246.5,61479.9,55304,61832
player00-66233b83,IL2CPP,ac74cac748fd6e6ebd6d35c6cdd90d5b116a231b61a1104ebdec526eee938e26,character,measured,1,newRoot,SetActive-,8,17.75,19.509999999999998,16.5,20.0,8,37697.5,41682.35,35363,42676
player00-66233b83,IL2CPP,ac74cac748fd6e6ebd6d35c6cdd90d5b116a231b61a1104ebdec526eee938e26,character,measured,1,newRoot,SetActive_pair,8,44.85,48.285000000000004,43.3,48.6,8,95305.5,102860.45,92235,103502
player00-66233b83,IL2CPP,ac74cac748fd6e6ebd6d35c6cdd90d5b116a231b61a1104ebdec526eee938e26,character,measured,1,newRoot,buildtotal,8,66.55,70.17,64.2,70.8,8,140757.5,148527.5,135680,149938
player00-66233b83,IL2CPP,ac74cac748fd6e6ebd6d35c6cdd90d5b116a231b61a1104ebdec526eee938e26,character,measured,1,newRoot,colliders+,8,12.15,12.565,11.5,12.6,8,25981.5,26828.6,24536,26907
player00-66233b83,IL2CPP,ac74cac748fd6e6ebd6d35c6cdd90d5b116a231b61a1104ebdec526eee938e26,character,measured,1,newRoot,colliders-,8,9.1,10.149999999999999,8.3,10.5,8,19433.5,21721.55,17779,22473
player00-66233b83,IL2CPP,ac74cac748fd6e6ebd6d35c6cdd90d5b116a231b61a1104ebdec526eee938e26,character,measured,1,newRoot,colliders_pair,8,21.05,22.645,20.3,23.1,8,44930.0,48398.25,43493,49380
player00-66233b83,IL2CPP,ac74cac748fd6e6ebd6d35c6cdd90d5b116a231b61a1104ebdec526eee938e26,character,measured,1,newRoot,newRoot+,8,2.1,2.4299999999999997,2.0,2.5,8,4689.0,5413.45,4508,5565
player00-66233b83,IL2CPP,ac74cac748fd6e6ebd6d35c6cdd90d5b116a231b61a1104ebdec526eee938e26,character,measured,1,newRoot,newRoot-,8,5.0,5.465,4.7,5.5,8,10934.0,11901.85,10302,11982
player00-66233b83,IL2CPP,ac74cac748fd6e6ebd6d35c6cdd90d5b116a231b61a1104ebdec526eee938e26,character,measured,1,newRoot,newRoot_pair,8,7.25,7.7299999999999995,6.8,7.8,8,15954.5,16943.9,14837,17114
player00-66233b83,IL2CPP,ac74cac748fd6e6ebd6d35c6cdd90d5b116a231b61a1104ebdec526eee938e26,character,measured,1,newRoot,objects+,8,6.85,7.395,6.6,7.5,8,14666.0,15750.15,14055,16048
player00-66233b83,IL2CPP,ac74cac748fd6e6ebd6d35c6cdd90d5b116a231b61a1104ebdec526eee938e26,character,measured,1,newRoot,objects-,8,17.45,18.13,15.7,18.2,8,37139.5,38415.15,33129,38482
player00-66233b83,IL2CPP,ac74cac748fd6e6ebd6d35c6cdd90d5b116a231b61a1104ebdec526eee938e26,character,measured,1,newRoot,objects_pair,8,24.299999999999997,25.224999999999998,22.3,25.4,8,51765.5,53460.6,47321,53679
player00-66233b83,IL2CPP,ac74cac748fd6e6ebd6d35c6cdd90d5b116a231b61a1104ebdec526eee938e26,character,measured,1,newRoot,publishtotal,8,62.15,67.27499999999999,59.9,67.8,8,131057.0,141871.3,126122,142992
player00-66233b83,IL2CPP,ac74cac748fd6e6ebd6d35c6cdd90d5b116a231b61a1104ebdec526eee938e26,character,measured,2,newRoot,BuildPublish,8,125.8,130.755,122.6,131.0,8,265611.0,276905.6,258968,277250
player00-66233b83,IL2CPP,ac74cac748fd6e6ebd6d35c6cdd90d5b116a231b61a1104ebdec526eee938e26,character,measured,2,newRoot,BuildSide+,8,31.75,34.61,30.1,35.8,8,66824.5,72954.95,63421,75455
player00-66233b83,IL2CPP,ac74cac748fd6e6ebd6d35c6cdd90d5b116a231b61a1104ebdec526eee938e26,character,measured,2,newRoot,BuildSide-,8,15.5,16.425,15.0,16.6,8,32516.5,34392.05,31433,34797
player00-66233b83,IL2CPP,ac74cac748fd6e6ebd6d35c6cdd90d5b116a231b61a1104ebdec526eee938e26,character,measured,2,newRoot,BuildSide_pair,8,47.3,49.89,45.6,50.8,8,99609.0,104895.45,95974,106888
player00-66233b83,IL2CPP,ac74cac748fd6e6ebd6d35c6cdd90d5b116a231b61a1104ebdec526eee938e26,character,measured,2,newRoot,SetActive+,8,33.0,35.435,32.3,36.1,8,70021.5,75311.75,68772,76717
player00-66233b83,IL2CPP,ac74cac748fd6e6ebd6d35c6cdd90d5b116a231b61a1104ebdec526eee938e26,character,measured,2,newRoot,SetActive-,8,11.0,11.559999999999999,10.9,11.7,8,23567.5,24779.25,23169,25110
player00-66233b83,IL2CPP,ac74cac748fd6e6ebd6d35c6cdd90d5b116a231b61a1104ebdec526eee938e26,character,measured,2,newRoot,SetActive_pair,8,44.1,46.89,43.2,47.8,8,93767.0,99890.09999999999,91941,101827
player00-66233b83,IL2CPP,ac74cac748fd6e6ebd6d35c6cdd90d5b116a231b61a1104ebdec526eee938e26,character,measured,2,newRoot,buildtotal,8,64.75,67.885,62.0,68.9,8,136984.0,143548.8,131067,145485
player00-66233b83,IL2CPP,ac74cac748fd6e6ebd6d35c6cdd90d5b116a231b61a1104ebdec526eee938e26,character,measured,2,newRoot,colliders+,8,13.45,14.29,13.1,14.5,8,28705.0,30511.05,27866,30902
player00-66233b83,IL2CPP,ac74cac748fd6e6ebd6d35c6cdd90d5b116a231b61a1104ebdec526eee938e26,character,measured,2,newRoot,colliders-,8,7.55,8.68,7.3,9.1,8,16181.0,18549.5,15749,19365
player00-66233b83,IL2CPP,ac74cac748fd6e6ebd6d35c6cdd90d5b116a231b61a1104ebdec526eee938e26,character,measured,2,newRoot,colliders_pair,8,21.2,22.53,20.4,22.6,8,45357.0,47989.95,43615,48075
player00-66233b83,IL2CPP,ac74cac748fd6e6ebd6d35c6cdd90d5b116a231b61a1104ebdec526eee938e26,character,measured,2,newRoot,newRoot+,8,4.65,5.755,4.2,6.0,8,10140.5,12567.699999999999,9497,13078
player00-66233b83,IL2CPP,ac74cac748fd6e6ebd6d35c6cdd90d5b116a231b61a1104ebdec526eee938e26,character,measured,2,newRoot,newRoot-,8,2.0,2.96,1.9,3.1,8,4490.5,6386.0,4335,6673
player00-66233b83,IL2CPP,ac74cac748fd6e6ebd6d35c6cdd90d5b116a231b61a1104ebdec526eee938e26,character,measured,2,newRoot,newRoot_pair,8,7.050000000000001,7.93,6.1,8.0,8,15990.5,17300.35,13868,17580
player00-66233b83,IL2CPP,ac74cac748fd6e6ebd6d35c6cdd90d5b116a231b61a1104ebdec526eee938e26,character,measured,2,newRoot,objects+,8,16.6,19.355,15.1,20.3,8,35191.0,41205.399999999994,32083,43290
player00-66233b83,IL2CPP,ac74cac748fd6e6ebd6d35c6cdd90d5b116a231b61a1104ebdec526eee938e26,character,measured,2,newRoot,objects-,8,6.949999999999999,7.595,6.7,7.7,8,14877.0,16221.4,14365,16451
player00-66233b83,IL2CPP,ac74cac748fd6e6ebd6d35c6cdd90d5b116a231b61a1104ebdec526eee938e26,character,measured,2,newRoot,objects_pair,8,23.85,26.264999999999997,22.2,27.0,8,50642.5,55990.399999999994,47283,57655
player00-66233b83,IL2CPP,ac74cac748fd6e6ebd6d35c6cdd90d5b116a231b61a1104ebdec526eee938e26,character,measured,2,newRoot,publishtotal,8,61.05,64.19,60.3,65.1,8,128707.5,135326.15,127209,137297
player00-66233b83,IL2CPP,ac74cac748fd6e6ebd6d35c6cdd90d5b116a231b61a1104ebdec526eee938e26,character,measured,3,newRoot,BuildPublish,8,130.7,135.01,125.2,135.5,8,275853.0,286079.95,264265,287579
player00-66233b83,IL2CPP,ac74cac748fd6e6ebd6d35c6cdd90d5b116a231b61a1104ebdec526eee938e26,character,measured,3,newRoot,BuildSide+,8,20.1,20.86,19.8,21.0,8,42211.0,43884.3,41534,44200
player00-66233b83,IL2CPP,ac74cac748fd6e6ebd6d35c6cdd90d5b116a231b61a1104ebdec526eee938e26,character,measured,3,newRoot,BuildSide-,8,28.200000000000003,29.625,26.4,29.8,8,59431.0,62307.3,55744,62714
player00-66233b83,IL2CPP,ac74cac748fd6e6ebd6d35c6cdd90d5b116a231b61a1104ebdec526eee938e26,character,measured,3,newRoot,BuildSide_pair,8,48.849999999999994,49.895,46.2,50.0,8,102724.0,104995.55,97411,105201
player00-66233b83,IL2CPP,ac74cac748fd6e6ebd6d35c6cdd90d5b116a231b61a1104ebdec526eee938e26,character,measured,3,newRoot,SetActive+,8,33.95,35.68,31.8,36.1,8,72043.5,75779.2,67493,76629
player00-66233b83,IL2CPP,ac74cac748fd6e6ebd6d35c6cdd90d5b116a231b61a1104ebdec526eee938e26,character,measured,3,newRoot,SetActive-,8,11.350000000000001,14.554999999999996,10.9,16.2,8,24232.5,31192.449999999993,23189,34711
player00-66233b83,IL2CPP,ac74cac748fd6e6ebd6d35c6cdd90d5b116a231b61a1104ebdec526eee938e26,character,measured,3,newRoot,SetActive_pair,8,45.3,49.805,43.3,51.1,8,96221.5,105999.0,92151,108757
player00-66233b83,IL2CPP,ac74cac748fd6e6ebd6d35c6cdd90d5b116a231b61a1104ebdec526eee938e26,character,measured,3,newRoot,buildtotal,8,66.65,70.33,62.4,70.4,8,140650.5,149502.35,131836,149838
player00-66233b83,IL2CPP,ac74cac748fd6e6ebd6d35c6cdd90d5b116a231b61a1104ebdec526eee938e26,character,measured,3,newRoot,colliders+,8,12.05,12.465,11.5,12.5,8,25726.5,26693.5,24556,26767
player00-66233b83,IL2CPP,ac74cac748fd6e6ebd6d35c6cdd90d5b116a231b61a1104ebdec526eee938e26,character,measured,3,newRoot,colliders-,8,9.2,9.989999999999998,8.3,10.2,8,19765.0,21541.7,17905,21996
player00-66233b83,IL2CPP,ac74cac748fd6e6ebd6d35c6cdd90d5b116a231b61a1104ebdec526eee938e26,character,measured,3,newRoot,colliders_pair,8,21.200000000000003,22.425,20.3,22.6,8,45430.0,48029.65,43523,48429
player00-66233b83,IL2CPP,ac74cac748fd6e6ebd6d35c6cdd90d5b116a231b61a1104ebdec526eee938e26,character,measured,3,newRoot,newRoot+,8,2.05,2.665,1.9,2.7,8,4657.0,5799.2,4383,5907
player00-66233b83,IL2CPP,ac74cac748fd6e6ebd6d35c6cdd90d5b116a231b61a1104ebdec526eee938e26,character,measured,3,newRoot,newRoot-,8,4.75,5.819999999999999,4.2,6.1,8,10897.0,12601.05,9232,13202
player00-66233b83,IL2CPP,ac74cac748fd6e6ebd6d35c6cdd90d5b116a231b61a1104ebdec526eee938e26,character,measured,3,newRoot,newRoot_pair,8,7.300000000000001,8.03,6.2,8.1,8,15976.5,17468.4,13795,17684
player00-66233b83,IL2CPP,ac74cac748fd6e6ebd6d35c6cdd90d5b116a231b61a1104ebdec526eee938e26,character,measured,3,newRoot,objects+,8,7.35,8.4,6.5,8.4,8,15683.0,17791.8,14086,17796
player00-66233b83,IL2CPP,ac74cac748fd6e6ebd6d35c6cdd90d5b116a231b61a1104ebdec526eee938e26,character,measured,3,newRoot,objects-,8,17.25,18.89,16.3,19.1,8,36586.0,40090.85,34565,40577
player00-66233b83,IL2CPP,ac74cac748fd6e6ebd6d35c6cdd90d5b116a231b61a1104ebdec526eee938e26,character,measured,3,newRoot,objects_pair,8,24.75,26.29,23.2,26.5,8,52641.5,55952.1,49388,56391
player00-66233b83,IL2CPP,ac74cac748fd6e6ebd6d35c6cdd90d5b116a231b61a1104ebdec526eee938e26,character,measured,3,newRoot,publishtotal,8,61.95,69.53,60.6,71.7,8,130678.5,146698.35,127819,151276
player00-66233b83,IL2CPP,ac74cac748fd6e6ebd6d35c6cdd90d5b116a231b61a1104ebdec526eee938e26,character,warmup,0,newRoot,BuildPublish,1,191.6,191.6,191.6,191.6,1,397505.0,397505.0,397505,397505
player00-66233b83,IL2CPP,ac74cac748fd6e6ebd6d35c6cdd90d5b116a231b61a1104ebdec526eee938e26,character,warmup,0,newRoot,BuildSide+,1,62.9,62.9,62.9,62.9,1,125943.0,125943.0,125943,125943
player00-66233b83,IL2CPP,ac74cac748fd6e6ebd6d35c6cdd90d5b116a231b61a1104ebdec526eee938e26,character,warmup,0,newRoot,BuildSide-,1,16.3,16.3,16.3,16.3,1,34165.0,34165.0,34165,34165
player00-66233b83,IL2CPP,ac74cac748fd6e6ebd6d35c6cdd90d5b116a231b61a1104ebdec526eee938e26,character,warmup,0,newRoot,BuildSide_pair,1,79.2,79.2,79.2,79.2,1,160108.0,160108.0,160108,160108
player00-66233b83,IL2CPP,ac74cac748fd6e6ebd6d35c6cdd90d5b116a231b61a1104ebdec526eee938e26,character,warmup,0,newRoot,SetActive+,1,35.9,35.9,35.9,35.9,1,76093.0,76093.0,76093,76093
player00-66233b83,IL2CPP,ac74cac748fd6e6ebd6d35c6cdd90d5b116a231b61a1104ebdec526eee938e26,character,warmup,0,newRoot,SetActive-,1,26.9,26.9,26.9,26.9,1,57289.0,57289.0,57289,57289
player00-66233b83,IL2CPP,ac74cac748fd6e6ebd6d35c6cdd90d5b116a231b61a1104ebdec526eee938e26,character,warmup,0,newRoot,SetActive_pair,1,62.8,62.8,62.8,62.8,1,133382.0,133382.0,133382,133382
player00-66233b83,IL2CPP,ac74cac748fd6e6ebd6d35c6cdd90d5b116a231b61a1104ebdec526eee938e26,character,warmup,0,newRoot,buildtotal,1,101.9,101.9,101.9,101.9,1,208333.0,208333.0,208333,208333
player00-66233b83,IL2CPP,ac74cac748fd6e6ebd6d35c6cdd90d5b116a231b61a1104ebdec526eee938e26,character,warmup,0,newRoot,colliders+,1,17.2,17.2,17.2,17.2,1,36593.0,36593.0,36593,36593
player00-66233b83,IL2CPP,ac74cac748fd6e6ebd6d35c6cdd90d5b116a231b61a1104ebdec526eee938e26,character,warmup,0,newRoot,colliders-,1,7.6,7.6,7.6,7.6,1,16190.0,16190.0,16190,16190
player00-66233b83,IL2CPP,ac74cac748fd6e6ebd6d35c6cdd90d5b116a231b61a1104ebdec526eee938e26,character,warmup,0,newRoot,colliders_pair,1,24.8,24.8,24.8,24.8,1,52783.0,52783.0,52783,52783
player00-66233b83,IL2CPP,ac74cac748fd6e6ebd6d35c6cdd90d5b116a231b61a1104ebdec526eee938e26,character,warmup,0,newRoot,newRoot+,1,6.9,6.9,6.9,6.9,1,14803.0,14803.0,14803,14803
player00-66233b83,IL2CPP,ac74cac748fd6e6ebd6d35c6cdd90d5b116a231b61a1104ebdec526eee938e26,character,warmup,0,newRoot,newRoot-,1,2.8,2.8,2.8,2.8,1,6089.0,6089.0,6089,6089
player00-66233b83,IL2CPP,ac74cac748fd6e6ebd6d35c6cdd90d5b116a231b61a1104ebdec526eee938e26,character,warmup,0,newRoot,newRoot_pair,1,9.7,9.7,9.7,9.7,1,20892.0,20892.0,20892,20892
player00-66233b83,IL2CPP,ac74cac748fd6e6ebd6d35c6cdd90d5b116a231b61a1104ebdec526eee938e26,character,warmup,0,newRoot,objects+,1,43.9,43.9,43.9,43.9,1,86574.0,86574.0,86574,86574
player00-66233b83,IL2CPP,ac74cac748fd6e6ebd6d35c6cdd90d5b116a231b61a1104ebdec526eee938e26,character,warmup,0,newRoot,objects-,1,8.0,8.0,8.0,8.0,1,16840.0,16840.0,16840,16840
player00-66233b83,IL2CPP,ac74cac748fd6e6ebd6d35c6cdd90d5b116a231b61a1104ebdec526eee938e26,character,warmup,0,newRoot,objects_pair,1,51.9,51.9,51.9,51.9,1,103414.0,103414.0,103414,103414
player00-66233b83,IL2CPP,ac74cac748fd6e6ebd6d35c6cdd90d5b116a231b61a1104ebdec526eee938e26,character,warmup,0,newRoot,publishtotal,1,89.7,89.7,89.7,89.7,1,189172.0,189172.0,189172,189172
player00-66233b83,IL2CPP,ac74cac748fd6e6ebd6d35c6cdd90d5b116a231b61a1104ebdec526eee938e26,character,warmup,1,newRoot,BuildPublish,1,117.7,117.7,117.7,117.7,1,247680.0,247680.0,247680,247680
player00-66233b83,IL2CPP,ac74cac748fd6e6ebd6d35c6cdd90d5b116a231b61a1104ebdec526eee938e26,character,warmup,1,newRoot,BuildSide+,1,19.7,19.7,19.7,19.7,1,41348.0,41348.0,41348,41348
player00-66233b83,IL2CPP,ac74cac748fd6e6ebd6d35c6cdd90d5b116a231b61a1104ebdec526eee938e26,character,warmup,1,newRoot,BuildSide-,1,23.5,23.5,23.5,23.5,1,49263.0,49263.0,49263,49263
player00-66233b83,IL2CPP,ac74cac748fd6e6ebd6d35c6cdd90d5b116a231b61a1104ebdec526eee938e26,character,warmup,1,newRoot,BuildSide_pair,1,43.2,43.2,43.2,43.2,1,90611.0,90611.0,90611,90611
player00-66233b83,IL2CPP,ac74cac748fd6e6ebd6d35c6cdd90d5b116a231b61a1104ebdec526eee938e26,character,warmup,1,newRoot,SetActive+,1,27.2,27.2,27.2,27.2,1,57725.0,57725.0,57725,57725
player00-66233b83,IL2CPP,ac74cac748fd6e6ebd6d35c6cdd90d5b116a231b61a1104ebdec526eee938e26,character,warmup,1,newRoot,SetActive-,1,16.7,16.7,16.7,16.7,1,35805.0,35805.0,35805,35805
player00-66233b83,IL2CPP,ac74cac748fd6e6ebd6d35c6cdd90d5b116a231b61a1104ebdec526eee938e26,character,warmup,1,newRoot,SetActive_pair,1,43.9,43.9,43.9,43.9,1,93530.0,93530.0,93530,93530
player00-66233b83,IL2CPP,ac74cac748fd6e6ebd6d35c6cdd90d5b116a231b61a1104ebdec526eee938e26,character,warmup,1,newRoot,buildtotal,1,56.9,56.9,56.9,56.9,1,119598.0,119598.0,119598,119598
player00-66233b83,IL2CPP,ac74cac748fd6e6ebd6d35c6cdd90d5b116a231b61a1104ebdec526eee938e26,character,warmup,1,newRoot,colliders+,1,12.4,12.4,12.4,12.4,1,26651.0,26651.0,26651,26651
player00-66233b83,IL2CPP,ac74cac748fd6e6ebd6d35c6cdd90d5b116a231b61a1104ebdec526eee938e26,character,warmup,1,newRoot,colliders-,1,8.3,8.3,8.3,8.3,1,17902.0,17902.0,17902,17902
player00-66233b83,IL2CPP,ac74cac748fd6e6ebd6d35c6cdd90d5b116a231b61a1104ebdec526eee938e26,character,warmup,1,newRoot,colliders_pair,1,20.7,20.7,20.7,20.7,1,44553.0,44553.0,44553,44553
player00-66233b83,IL2CPP,ac74cac748fd6e6ebd6d35c6cdd90d5b116a231b61a1104ebdec526eee938e26,character,warmup,1,newRoot,newRoot+,1,1.7,1.7,1.7,1.7,1,3846.0,3846.0,3846,3846
player00-66233b83,IL2CPP,ac74cac748fd6e6ebd6d35c6cdd90d5b116a231b61a1104ebdec526eee938e26,character,warmup,1,newRoot,newRoot-,1,4.1,4.1,4.1,4.1,1,9148.0,9148.0,9148,9148
player00-66233b83,IL2CPP,ac74cac748fd6e6ebd6d35c6cdd90d5b116a231b61a1104ebdec526eee938e26,character,warmup,1,newRoot,newRoot_pair,1,5.8,5.8,5.8,5.8,1,12994.0,12994.0,12994,12994
player00-66233b83,IL2CPP,ac74cac748fd6e6ebd6d35c6cdd90d5b116a231b61a1104ebdec526eee938e26,character,warmup,1,newRoot,objects+,1,6.5,6.5,6.5,6.5,1,13826.0,13826.0,13826,13826
player00-66233b83,IL2CPP,ac74cac748fd6e6ebd6d35c6cdd90d5b116a231b61a1104ebdec526eee938e26,character,warmup,1,newRoot,objects-,1,14.1,14.1,14.1,14.1,1,30010.0,30010.0,30010,30010
player00-66233b83,IL2CPP,ac74cac748fd6e6ebd6d35c6cdd90d5b116a231b61a1104ebdec526eee938e26,character,warmup,1,newRoot,objects_pair,1,20.6,20.6,20.6,20.6,1,43836.0,43836.0,43836,43836
player00-66233b83,IL2CPP,ac74cac748fd6e6ebd6d35c6cdd90d5b116a231b61a1104ebdec526eee938e26,character,warmup,1,newRoot,publishtotal,1,60.8,60.8,60.8,60.8,1,128082.0,128082.0,128082,128082
player00-66233b83,IL2CPP,ac74cac748fd6e6ebd6d35c6cdd90d5b116a231b61a1104ebdec526eee938e26,character,warmup,2,newRoot,BuildPublish,1,123.3,123.3,123.3,123.3,1,260405.0,260405.0,260405,260405
player00-66233b83,IL2CPP,ac74cac748fd6e6ebd6d35c6cdd90d5b116a231b61a1104ebdec526eee938e26,character,warmup,2,newRoot,BuildSide+,1,31.1,31.1,31.1,31.1,1,65642.0,65642.0,65642,65642
player00-66233b83,IL2CPP,ac74cac748fd6e6ebd6d35c6cdd90d5b116a231b61a1104ebdec526eee938e26,character,warmup,2,newRoot,BuildSide-,1,14.7,14.7,14.7,14.7,1,30901.0,30901.0,30901,30901
player00-66233b83,IL2CPP,ac74cac748fd6e6ebd6d35c6cdd90d5b116a231b61a1104ebdec526eee938e26,character,warmup,2,newRoot,BuildSide_pair,1,45.8,45.8,45.8,45.8,1,96543.0,96543.0,96543,96543
player00-66233b83,IL2CPP,ac74cac748fd6e6ebd6d35c6cdd90d5b116a231b61a1104ebdec526eee938e26,character,warmup,2,newRoot,SetActive+,1,32.8,32.8,32.8,32.8,1,69624.0,69624.0,69624,69624
player00-66233b83,IL2CPP,ac74cac748fd6e6ebd6d35c6cdd90d5b116a231b61a1104ebdec526eee938e26,character,warmup,2,newRoot,SetActive-,1,11.4,11.4,11.4,11.4,1,24334.0,24334.0,24334,24334
player00-66233b83,IL2CPP,ac74cac748fd6e6ebd6d35c6cdd90d5b116a231b61a1104ebdec526eee938e26,character,warmup,2,newRoot,SetActive_pair,1,44.2,44.2,44.2,44.2,1,93958.0,93958.0,93958,93958
player00-66233b83,IL2CPP,ac74cac748fd6e6ebd6d35c6cdd90d5b116a231b61a1104ebdec526eee938e26,character,warmup,2,newRoot,buildtotal,1,61.2,61.2,61.2,61.2,1,129373.0,129373.0,129373,129373
player00-66233b83,IL2CPP,ac74cac748fd6e6ebd6d35c6cdd90d5b116a231b61a1104ebdec526eee938e26,character,warmup,2,newRoot,colliders+,1,12.5,12.5,12.5,12.5,1,26765.0,26765.0,26765,26765
player00-66233b83,IL2CPP,ac74cac748fd6e6ebd6d35c6cdd90d5b116a231b61a1104ebdec526eee938e26,character,warmup,2,newRoot,colliders-,1,7.0,7.0,7.0,7.0,1,15055.0,15055.0,15055,15055
player00-66233b83,IL2CPP,ac74cac748fd6e6ebd6d35c6cdd90d5b116a231b61a1104ebdec526eee938e26,character,warmup,2,newRoot,colliders_pair,1,19.5,19.5,19.5,19.5,1,41820.0,41820.0,41820,41820
player00-66233b83,IL2CPP,ac74cac748fd6e6ebd6d35c6cdd90d5b116a231b61a1104ebdec526eee938e26,character,warmup,2,newRoot,newRoot+,1,4.4,4.4,4.4,4.4,1,9725.0,9725.0,9725,9725
player00-66233b83,IL2CPP,ac74cac748fd6e6ebd6d35c6cdd90d5b116a231b61a1104ebdec526eee938e26,character,warmup,2,newRoot,newRoot-,1,1.9,1.9,1.9,1.9,1,4325.0,4325.0,4325,4325
player00-66233b83,IL2CPP,ac74cac748fd6e6ebd6d35c6cdd90d5b116a231b61a1104ebdec526eee938e26,character,warmup,2,newRoot,newRoot_pair,1,6.3,6.3,6.3,6.3,1,14050.0,14050.0,14050,14050
player00-66233b83,IL2CPP,ac74cac748fd6e6ebd6d35c6cdd90d5b116a231b61a1104ebdec526eee938e26,character,warmup,2,newRoot,objects+,1,17.4,17.4,17.4,17.4,1,36922.0,36922.0,36922,36922
player00-66233b83,IL2CPP,ac74cac748fd6e6ebd6d35c6cdd90d5b116a231b61a1104ebdec526eee938e26,character,warmup,2,newRoot,objects-,1,7.0,7.0,7.0,7.0,1,14918.0,14918.0,14918,14918
player00-66233b83,IL2CPP,ac74cac748fd6e6ebd6d35c6cdd90d5b116a231b61a1104ebdec526eee938e26,character,warmup,2,newRoot,objects_pair,1,24.4,24.4,24.4,24.4,1,51840.0,51840.0,51840,51840
player00-66233b83,IL2CPP,ac74cac748fd6e6ebd6d35c6cdd90d5b116a231b61a1104ebdec526eee938e26,character,warmup,2,newRoot,publishtotal,1,62.1,62.1,62.1,62.1,1,131032.0,131032.0,131032,131032
player00-66233b83,IL2CPP,ac74cac748fd6e6ebd6d35c6cdd90d5b116a231b61a1104ebdec526eee938e26,character,warmup,3,newRoot,BuildPublish,1,124.4,124.4,124.4,124.4,1,262766.0,262766.0,262766,262766
player00-66233b83,IL2CPP,ac74cac748fd6e6ebd6d35c6cdd90d5b116a231b61a1104ebdec526eee938e26,character,warmup,3,newRoot,BuildSide+,1,21.0,21.0,21.0,21.0,1,44040.0,44040.0,44040,44040
player00-66233b83,IL2CPP,ac74cac748fd6e6ebd6d35c6cdd90d5b116a231b61a1104ebdec526eee938e26,character,warmup,3,newRoot,BuildSide-,1,25.0,25.0,25.0,25.0,1,52477.0,52477.0,52477,52477
player00-66233b83,IL2CPP,ac74cac748fd6e6ebd6d35c6cdd90d5b116a231b61a1104ebdec526eee938e26,character,warmup,3,newRoot,BuildSide_pair,1,46.0,46.0,46.0,46.0,1,96517.0,96517.0,96517,96517
player00-66233b83,IL2CPP,ac74cac748fd6e6ebd6d35c6cdd90d5b116a231b61a1104ebdec526eee938e26,character,warmup,3,newRoot,SetActive+,1,33.6,33.6,33.6,33.6,1,71284.0,71284.0,71284,71284
player00-66233b83,IL2CPP,ac74cac748fd6e6ebd6d35c6cdd90d5b116a231b61a1104ebdec526eee938e26,character,warmup,3,newRoot,SetActive-,1,10.8,10.8,10.8,10.8,1,23167.0,23167.0,23167,23167
player00-66233b83,IL2CPP,ac74cac748fd6e6ebd6d35c6cdd90d5b116a231b61a1104ebdec526eee938e26,character,warmup,3,newRoot,SetActive_pair,1,44.4,44.4,44.4,44.4,1,94451.0,94451.0,94451,94451
player00-66233b83,IL2CPP,ac74cac748fd6e6ebd6d35c6cdd90d5b116a231b61a1104ebdec526eee938e26,character,warmup,3,newRoot,buildtotal,1,63.6,63.6,63.6,63.6,1,134509.0,134509.0,134509,134509
player00-66233b83,IL2CPP,ac74cac748fd6e6ebd6d35c6cdd90d5b116a231b61a1104ebdec526eee938e26,character,warmup,3,newRoot,colliders+,1,12.7,12.7,12.7,12.7,1,27068.0,27068.0,27068,27068
player00-66233b83,IL2CPP,ac74cac748fd6e6ebd6d35c6cdd90d5b116a231b61a1104ebdec526eee938e26,character,warmup,3,newRoot,colliders-,1,8.2,8.2,8.2,8.2,1,17511.0,17511.0,17511,17511
player00-66233b83,IL2CPP,ac74cac748fd6e6ebd6d35c6cdd90d5b116a231b61a1104ebdec526eee938e26,character,warmup,3,newRoot,colliders_pair,1,20.9,20.9,20.9,20.9,1,44579.0,44579.0,44579,44579
player00-66233b83,IL2CPP,ac74cac748fd6e6ebd6d35c6cdd90d5b116a231b61a1104ebdec526eee938e26,character,warmup,3,newRoot,newRoot+,1,2.0,2.0,2.0,2.0,1,4441.0,4441.0,4441,4441
player00-66233b83,IL2CPP,ac74cac748fd6e6ebd6d35c6cdd90d5b116a231b61a1104ebdec526eee938e26,character,warmup,3,newRoot,newRoot-,1,4.5,4.5,4.5,4.5,1,10028.0,10028.0,10028,10028
player00-66233b83,IL2CPP,ac74cac748fd6e6ebd6d35c6cdd90d5b116a231b61a1104ebdec526eee938e26,character,warmup,3,newRoot,newRoot_pair,1,6.5,6.5,6.5,6.5,1,14469.0,14469.0,14469,14469
player00-66233b83,IL2CPP,ac74cac748fd6e6ebd6d35c6cdd90d5b116a231b61a1104ebdec526eee938e26,character,warmup,3,newRoot,objects+,1,7.5,7.5,7.5,7.5,1,16080.0,16080.0,16080,16080
player00-66233b83,IL2CPP,ac74cac748fd6e6ebd6d35c6cdd90d5b116a231b61a1104ebdec526eee938e26,character,warmup,3,newRoot,objects-,1,15.6,15.6,15.6,15.6,1,33133.0,33133.0,33133,33133
player00-66233b83,IL2CPP,ac74cac748fd6e6ebd6d35c6cdd90d5b116a231b61a1104ebdec526eee938e26,character,warmup,3,newRoot,objects_pair,1,23.1,23.1,23.1,23.1,1,49213.0,49213.0,49213,49213
player00-66233b83,IL2CPP,ac74cac748fd6e6ebd6d35c6cdd90d5b116a231b61a1104ebdec526eee938e26,character,warmup,3,newRoot,publishtotal,1,60.8,60.8,60.8,60.8,1,128257.0,128257.0,128257,128257
player01-a923265f,IL2CPP,ac74cac748fd6e6ebd6d35c6cdd90d5b116a231b61a1104ebdec526eee938e26,box,measured,0,newRoot,BuildPublish,8,87.85,92.455,81.8,92.7,8,185766.0,196313.7,172773,197279
player01-a923265f,IL2CPP,ac74cac748fd6e6ebd6d35c6cdd90d5b116a231b61a1104ebdec526eee938e26,box,measured,0,newRoot,BuildSide+,8,21.549999999999997,23.395,20.3,23.5,8,45383.0,49320.25,42764,49623
player01-a923265f,IL2CPP,ac74cac748fd6e6ebd6d35c6cdd90d5b116a231b61a1104ebdec526eee938e26,box,measured,0,newRoot,BuildSide-,8,9.95,10.365,9.3,10.4,8,20897.5,21774.95,19436,21874
player01-a923265f,IL2CPP,ac74cac748fd6e6ebd6d35c6cdd90d5b116a231b61a1104ebdec526eee938e26,box,measured,0,newRoot,BuildSide_pair,8,31.45,33.6,29.7,33.6,8,66124.5,70746.4,62504,70808
player01-a923265f,IL2CPP,ac74cac748fd6e6ebd6d35c6cdd90d5b116a231b61a1104ebdec526eee938e26,box,measured,0,newRoot,SetActive+,8,13.899999999999999,15.024999999999999,12.7,15.2,8,29638.0,32058.35,27206,32373
player01-a923265f,IL2CPP,ac74cac748fd6e6ebd6d35c6cdd90d5b116a231b61a1104ebdec526eee938e26,box,measured,0,newRoot,SetActive-,8,10.05,11.02,9.4,11.3,8,21649.5,23505.399999999998,20197,24043
player01-a923265f,IL2CPP,ac74cac748fd6e6ebd6d35c6cdd90d5b116a231b61a1104ebdec526eee938e26,box,measured,0,newRoot,SetActive_pair,8,23.8,26.044999999999998,22.2,26.5,8,51043.0,55513.35,47813,56416
player01-a923265f,IL2CPP,ac74cac748fd6e6ebd6d35c6cdd90d5b116a231b61a1104ebdec526eee938e26,box,measured,0,newRoot,buildtotal,8,48.55,51.125,46.6,51.3,8,103099.5,109090.05,98433,109887
player01-a923265f,IL2CPP,ac74cac748fd6e6ebd6d35c6cdd90d5b116a231b61a1104ebdec526eee938e26,box,measured,0,newRoot,colliders+,8,2.3,2.96,2.1,3.1,8,5232.5,6552.549999999999,4603,6877
player01-a923265f,IL2CPP,ac74cac748fd6e6ebd6d35c6cdd90d5b116a231b61a1104ebdec526eee938e26,box,measured,0,newRoot,colliders-,8,1.1,1.2,1.1,1.2,8,2613.5,2809.4,2489,2822
player01-a923265f,IL2CPP,ac74cac748fd6e6ebd6d35c6cdd90d5b116a231b61a1104ebdec526eee938e26,box,measured,0,newRoot,colliders_pair,8,3.45,4.125,3.2,4.3,8,7900.0,9290.25,7241,9663
player01-a923265f,IL2CPP,ac74cac748fd6e6ebd6d35c6cdd90d5b116a231b61a1104ebdec526eee938e26,box,measured,0,newRoot,newRoot+,8,5.15,5.63,4.8,5.7,8,11352.5,12312.8,10542,12548
player01-a923265f,IL2CPP,ac74cac748fd6e6ebd6d35c6cdd90d5b116a231b61a1104ebdec526eee938e26,box,measured,0,newRoot,newRoot-,8,2.3,2.7,2.2,2.7,8,5144.0,5933.65,4860,5962
player01-a923265f,IL2CPP,ac74cac748fd6e6ebd6d35c6cdd90d5b116a231b61a1104ebdec526eee938e26,box,measured,0,newRoot,newRoot_pair,8,7.6,8.0,7.0,8.0,8,16745.5,17721.6,15402,17744
player01-a923265f,IL2CPP,ac74cac748fd6e6ebd6d35c6cdd90d5b116a231b61a1104ebdec526eee938e26,box,measured,0,newRoot,objects+,8,17.65,19.279999999999998,16.7,19.7,8,37572.5,40861.6,35557,41647
player01-a923265f,IL2CPP,ac74cac748fd6e6ebd6d35c6cdd90d5b116a231b61a1104ebdec526eee938e26,box,measured,0,newRoot,objects-,8,8.1,8.5,7.4,8.5,8,17372.5,18072.3,15946,18094
player01-a923265f,IL2CPP,ac74cac748fd6e6ebd6d35c6cdd90d5b116a231b61a1104ebdec526eee938e26,box,measured,0,newRoot,objects_pair,8,25.8,27.64,24.1,28.2,8,54844.5,58688.15,51503,59679
player01-a923265f,IL2CPP,ac74cac748fd6e6ebd6d35c6cdd90d5b116a231b61a1104ebdec526eee938e26,box,measured,0,newRoot,publishtotal,8,38.85,41.33,35.0,41.4,8,81869.0,87223.65,73813,87392
player01-a923265f,IL2CPP,ac74cac748fd6e6ebd6d35c6cdd90d5b116a231b61a1104ebdec526eee938e26,box,measured,1,newRoot,BuildPublish,8,89.55,95.545,80.5,97.4,8,189221.5,203078.3,170247,207377
player01-a923265f,IL2CPP,ac74cac748fd6e6ebd6d35c6cdd90d5b116a231b61a1104ebdec526eee938e26,box,measured,1,newRoot,BuildSide+,8,10.149999999999999,11.489999999999998,9.1,11.7,8,21307.0,24165.95,19121,24657
player01-a923265f,IL2CPP,ac74cac748fd6e6ebd6d35c6cdd90d5b116a231b61a1104ebdec526eee938e26,box,measured,1,newRoot,BuildSide-,8,22.700000000000003,23.654999999999998,19.0,23.9,8,47712.5,49745.049999999996,40086,50290
player01-a923265f,IL2CPP,ac74cac748fd6e6ebd6d35c6cdd90d5b116a231b61a1104ebdec526eee938e26,box,measured,1,newRoot,BuildSide_pair,8,33.1,34.62,28.1,34.9,8,69445.5,72782.4,59207,73390
player01-a923265f,IL2CPP,ac74cac748fd6e6ebd6d35c6cdd90d5b116a231b61a1104ebdec526eee938e26,box,measured,1,newRoot,SetActive+,8,14.05,15.769999999999998,13.0,16.4,8,29980.5,33785.85,27732,35112
player01-a923265f,IL2CPP,ac74cac748fd6e6ebd6d35c6cdd90d5b116a231b61a1104ebdec526eee938e26,box,measured,1,newRoot,SetActive-,8,10.2,11.84,9.4,12.4,8,21852.5,25321.35,20417,26546
player01-a923265f,IL2CPP,ac74cac748fd6e6ebd6d35c6cdd90d5b116a231b61a1104ebdec526eee938e26,box,measured,1,newRoot,SetActive_pair,8,24.4,26.955,22.9,27.2,8,52220.0,57676.35,49015,58159
player01-a923265f,IL2CPP,ac74cac748fd6e6ebd6d35c6cdd90d5b116a231b61a1104ebdec526eee938e26,box,measured,1,newRoot,buildtotal,8,50.25,53.019999999999996,44.4,54.0,8,106352.5,113340.7,94048,115874
player01-a923265f,IL2CPP,ac74cac748fd6e6ebd6d35c6cdd90d5b116a231b61a1104ebdec526eee938e26,box,measured,1,newRoot,colliders+,8,1.1,1.165,1.0,1.2,8,2624.0,2779.7999999999997,2393,2833
player01-a923265f,IL2CPP,ac74cac748fd6e6ebd6d35c6cdd90d5b116a231b61a1104ebdec526eee938e26,box,measured,1,newRoot,colliders-,8,2.1,2.2649999999999997,2.0,2.3,8,4766.0,5099.55,4423,5158
player01-a923265f,IL2CPP,ac74cac748fd6e6ebd6d35c6cdd90d5b116a231b61a1104ebdec526eee938e26,box,measured,1,newRoot,colliders_pair,8,3.2,3.2649999999999997,3.1,3.3,8,7407.5,7653.3,7173,7745
player01-a923265f,IL2CPP,ac74cac748fd6e6ebd6d35c6cdd90d5b116a231b61a1104ebdec526eee938e26,box,measured,1,newRoot,newRoot+,8,2.5999999999999996,3.895,2.1,4.0,8,5785.0,8480.65,4783,8572
player01-a923265f,IL2CPP,ac74cac748fd6e6ebd6d35c6cdd90d5b116a231b61a1104ebdec526eee938e26,box,measured,1,newRoot,newRoot-,8,5.2,6.02,4.7,6.3,8,11352.0,13082.9,10171,13680
player01-a923265f,IL2CPP,ac74cac748fd6e6ebd6d35c6cdd90d5b116a231b61a1104ebdec526eee938e26,box,measured,1,newRoot,newRoot_pair,8,8.2,8.989999999999998,6.8,9.2,8,18067.0,19719.55,14954,19981
player01-a923265f,IL2CPP,ac74cac748fd6e6ebd6d35c6cdd90d5b116a231b61a1104ebdec526eee938e26,box,measured,1,newRoot,objects+,8,8.350000000000001,9.559999999999999,7.2,9.7,8,17793.0,20450.6,15367,20802
player01-a923265f,IL2CPP,ac74cac748fd6e6ebd6d35c6cdd90d5b116a231b61a1104ebdec526eee938e26,box,measured,1,newRoot,objects-,8,18.700000000000003,19.925,15.8,20.1,8,39716.5,42155.85,33634,42516
player01-a923265f,IL2CPP,ac74cac748fd6e6ebd6d35c6cdd90d5b116a231b61a1104ebdec526eee938e26,box,measured,1,newRoot,objects_pair,8,27.549999999999997,28.695,23.0,28.8,8,58602.0,61086.85,49001,61398
player01-a923265f,IL2CPP,ac74cac748fd6e6ebd6d35c6cdd90d5b116a231b61a1104ebdec526eee938e26,box,measured,1,newRoot,publishtotal,8,38.8,42.945,35.0,43.4,8,81770.5,90607.7,73792,91503
player01-a923265f,IL2CPP,ac74cac748fd6e6ebd6d35c6cdd90d5b116a231b61a1104ebdec526eee938e26,box,measured,2,newRoot,BuildPublish,8,86.85,658.4449999999995,84.7,963.4,8,183890.0,1271686.699999999,178745,1851580
player01-a923265f,IL2CPP,ac74cac748fd6e6ebd6d35c6cdd90d5b116a231b61a1104ebdec526eee938e26,box,measured,2,newRoot,BuildSide+,8,20.9,35.81499999999999,19.9,43.2,8,44033.0,76203.64999999998,41831,92087
player01-a923265f,IL2CPP,ac74cac748fd6e6ebd6d35c6cdd90d5b116a231b61a1104ebdec526eee938e26,box,measured,2,newRoot,BuildSide-,8,9.95,10.23,9.4,10.3,8,20777.0,21588.7,19718,21707
player01-a923265f,IL2CPP,ac74cac748fd6e6ebd6d35c6cdd90d5b116a231b61a1104ebdec526eee938e26,box,measured,2,newRoot,BuildSide_pair,8,30.75,45.984999999999985,29.8,53.3,8,64611.5,97683.14999999998,62457,113444
player01-a923265f,IL2CPP,ac74cac748fd6e6ebd6d35c6cdd90d5b116a231b61a1104ebdec526eee938e26,box,measured,2,newRoot,SetActive+,8,21.6,27.074999999999996,19.8,29.7,8,45929.0,57497.94999999999,42128,63085
player01-a923265f,IL2CPP,ac74cac748fd6e6ebd6d35c6cdd90d5b116a231b61a1104ebdec526eee938e26,box,measured,2,newRoot,SetActive-,8,3.55,4.225,3.3,4.4,8,7858.5,9247.75,7356,9617
player01-a923265f,IL2CPP,ac74cac748fd6e6ebd6d35c6cdd90d5b116a231b61a1104ebdec526eee938e26,box,measured,2,newRoot,SetActive_pair,8,25.15,31.229999999999997,23.2,34.1,8,53869.0,66622.15,49604,72702
player01-a923265f,IL2CPP,ac74cac748fd6e6ebd6d35c6cdd90d5b116a231b61a1104ebdec526eee938e26,box,measured,2,newRoot,buildtotal,8,47.849999999999994,609.4699999999996,46.7,909.7,8,101616.0,1168270.6499999992,99022,1738127
player01-a923265f,IL2CPP,ac74cac748fd6e6ebd6d35c6cdd90d5b116a231b61a1104ebdec526eee938e26,box,measured,2,newRoot,colliders+,8,2.2,3.2899999999999996,2.0,3.5,8,4987.5,7129.65,4402,7508
player01-a923265f,IL2CPP,ac74cac748fd6e6ebd6d35c6cdd90d5b116a231b61a1104ebdec526eee938e26,box,measured,2,newRoot,colliders-,8,1.1,1.265,0.9,1.3,8,2518.5,2960.45,2269,3056
player01-a923265f,IL2CPP,ac74cac748fd6e6ebd6d35c6cdd90d5b116a231b61a1104ebdec526eee938e26,box,measured,2,newRoot,colliders_pair,8,3.3499999999999996,4.52,3.0,4.8,8,7671.5,9980.199999999999,6970,10564
player01-a923265f,IL2CPP,ac74cac748fd6e6ebd6d35c6cdd90d5b116a231b61a1104ebdec526eee938e26,box,measured,2,newRoot,newRoot+,8,5.199999999999999,12.909999999999993,4.7,16.9,8,11307.5,27885.399999999987,10538,36403
player01-a923265f,IL2CPP,ac74cac748fd6e6ebd6d35c6cdd90d5b116a231b61a1104ebdec526eee938e26,box,measured,2,newRoot,newRoot-,8,2.3,2.76,2.1,2.9,8,5139.0,6134.25,4864,6353
player01-a923265f,IL2CPP,ac74cac748fd6e6ebd6d35c6cdd90d5b116a231b61a1104ebdec526eee938e26,box,measured,2,newRoot,newRoot_pair,8,7.5,15.344999999999995,6.9,19.3,8,16405.5,33339.749999999985,15509,41710
player01-a923265f,IL2CPP,ac74cac748fd6e6ebd6d35c6cdd90d5b116a231b61a1104ebdec526eee938e26,box,measured,2,newRoot,objects+,8,17.4,31.304999999999993,15.8,38.2,8,37038.5,66387.94999999998,33730,80998
player01-a923265f,IL2CPP,ac74cac748fd6e6ebd6d35c6cdd90d5b116a231b61a1104ebdec526eee938e26,box,measured,2,newRoot,objects-,8,8.1,8.33,7.5,8.4,8,17282.0,17793.3,16009,17906
player01-a923265f,IL2CPP,ac74cac748fd6e6ebd6d35c6cdd90d5b116a231b61a1104ebdec526eee938e26,box,measured,2,newRoot,objects_pair,8,25.25,39.50999999999999,23.9,46.3,8,53725.5,83872.74999999997,51036,98256
player01-a923265f,IL2CPP,ac74cac748fd6e6ebd6d35c6cdd90d5b116a231b61a1104ebdec526eee938e26,box,measured,2,newRoot,publishtotal,8,39.05,49.324999999999996,37.2,53.7,8,82468.5,104190.59999999999,78513,113453
player01-a923265f,IL2CPP,ac74cac748fd6e6ebd6d35c6cdd90d5b116a231b61a1104ebdec526eee938e26,box,measured,3,newRoot,BuildPublish,8,87.6,92.395,76.4,93.2,8,185153.0,195297.4,161535,197039
player01-a923265f,IL2CPP,ac74cac748fd6e6ebd6d35c6cdd90d5b116a231b61a1104ebdec526eee938e26,box,measured,3,newRoot,BuildSide+,8,9.95,10.465,9.0,10.5,8,21036.0,21974.9,18707,22040
player01-a923265f,IL2CPP,ac74cac748fd6e6ebd6d35c6cdd90d5b116a231b61a1104ebdec526eee938e26,box,measured,3,newRoot,BuildSide-,8,22.1,22.965,18.2,23.0,8,46465.0,48406.45,38072,48453
player01-a923265f,IL2CPP,ac74cac748fd6e6ebd6d35c6cdd90d5b116a231b61a1104ebdec526eee938e26,box,measured,3,newRoot,BuildSide_pair,8,32.05,33.43,27.2,33.5,8,67348.0,70381.35,56779,70493
player01-a923265f,IL2CPP,ac74cac748fd6e6ebd6d35c6cdd90d5b116a231b61a1104ebdec526eee938e26,box,measured,3,newRoot,SetActive+,8,20.75,21.945,19.3,22.4,8,44094.5,46672.799999999996,41190,47601
player01-a923265f,IL2CPP,ac74cac748fd6e6ebd6d35c6cdd90d5b116a231b61a1104ebdec526eee938e26,box,measured,3,newRoot,SetActive-,8,3.5,3.665,3.3,3.7,8,7702.5,8079.9,7394,8089
player01-a923265f,IL2CPP,ac74cac748fd6e6ebd6d35c6cdd90d5b116a231b61a1104ebdec526eee938e26,box,measured,3,newRoot,SetActive_pair,8,24.35,25.509999999999998,22.6,26.0,8,51934.0,54659.5,48593,55664
player01-a923265f,IL2CPP,ac74cac748fd6e6ebd6d35c6cdd90d5b116a231b61a1104ebdec526eee938e26,box,measured,3,newRoot,buildtotal,8,48.650000000000006,52.345,41.6,52.8,8,103186.5,110996.3,88261,112019
player01-a923265f,IL2CPP,ac74cac748fd6e6ebd6d35c6cdd90d5b116a231b61a1104ebdec526eee938e26,box,measured,3,newRoot,colliders+,8,1.1,1.3949999999999998,0.9,1.5,8,2513.5,3207.6499999999996,2320,3439
player01-a923265f,IL2CPP,ac74cac748fd6e6ebd6d35c6cdd90d5b116a231b61a1104ebdec526eee938e26,box,measured,3,newRoot,colliders-,8,2.1500000000000004,2.7,1.8,2.7,8,4880.5,6019.25,4025,6028
player01-a923265f,IL2CPP,ac74cac748fd6e6ebd6d35c6cdd90d5b116a231b61a1104ebdec526eee938e26,box,measured,3,newRoot,colliders_pair,8,3.25,3.8649999999999998,2.7,3.9,8,7438.0,8753.35,6378,8781
player01-a923265f,IL2CPP,ac74cac748fd6e6ebd6d35c6cdd90d5b116a231b61a1104ebdec526eee938e26,box,measured,3,newRoot,newRoot+,8,2.3,2.96,2.0,3.1,8,5159.0,6585.099999999999,4652,6814
player01-a923265f,IL2CPP,ac74cac748fd6e6ebd6d35c6cdd90d5b116a231b61a1104ebdec526eee938e26,box,measured,3,newRoot,newRoot-,8,5.2,5.96,4.1,6.1,8,11443.0,12963.1,9208,13241
player01-a923265f,IL2CPP,ac74cac748fd6e6ebd6d35c6cdd90d5b116a231b61a1104ebdec526eee938e26,box,measured,3,newRoot,newRoot_pair,8,7.65,8.465,6.2,8.5,8,17187.0,18565.1,13860,18647
player01-a923265f,IL2CPP,ac74cac748fd6e6ebd6d35c6cdd90d5b116a231b61a1104ebdec526eee938e26,box,measured,3,newRoot,objects+,8,8.25,8.5,7.2,8.5,8,17519.0,18139.25,15429,18176
player01-a923265f,IL2CPP,ac74cac748fd6e6ebd6d35c6cdd90d5b116a231b61a1104ebdec526eee938e26,box,measured,3,newRoot,objects-,8,18.65,19.39,14.8,19.6,8,39536.0,41084.4,31473,41454
player01-a923265f,IL2CPP,ac74cac748fd6e6ebd6d35c6cdd90d5b116a231b61a1104ebdec526eee938e26,box,measured,3,newRoot,objects_pair,8,26.8,27.724999999999998,22.0,27.9,8,56897.0,58818.9,46902,59115
player01-a923265f,IL2CPP,ac74cac748fd6e6ebd6d35c6cdd90d5b116a231b61a1104ebdec526eee938e26,box,measured,3,newRoot,publishtotal,8,39.5,40.595,34.8,40.7,8,83192.0,85529.6,73274,85804
player01-a923265f,IL2CPP,ac74cac748fd6e6ebd6d35c6cdd90d5b116a231b61a1104ebdec526eee938e26,box,warmup,0,newRoot,BuildPublish,1,81.4,81.4,81.4,81.4,1,172869.0,172869.0,172869,172869
player01-a923265f,IL2CPP,ac74cac748fd6e6ebd6d35c6cdd90d5b116a231b61a1104ebdec526eee938e26,box,warmup,0,newRoot,BuildSide+,1,19.6,19.6,19.6,19.6,1,41146.0,41146.0,41146,41146
player01-a923265f,IL2CPP,ac74cac748fd6e6ebd6d35c6cdd90d5b116a231b61a1104ebdec526eee938e26,box,warmup,0,newRoot,BuildSide-,1,8.8,8.8,8.8,8.8,1,18508.0,18508.0,18508,18508
player01-a923265f,IL2CPP,ac74cac748fd6e6ebd6d35c6cdd90d5b116a231b61a1104ebdec526eee938e26,box,warmup,0,newRoot,BuildSide_pair,1,28.4,28.4,28.4,28.4,1,59654.0,59654.0,59654,59654
player01-a923265f,IL2CPP,ac74cac748fd6e6ebd6d35c6cdd90d5b116a231b61a1104ebdec526eee938e26,box,warmup,0,newRoot,SetActive+,1,12.6,12.6,12.6,12.6,1,27045.0,27045.0,27045,27045
player01-a923265f,IL2CPP,ac74cac748fd6e6ebd6d35c6cdd90d5b116a231b61a1104ebdec526eee938e26,box,warmup,0,newRoot,SetActive-,1,9.6,9.6,9.6,9.6,1,20542.0,20542.0,20542,20542
player01-a923265f,IL2CPP,ac74cac748fd6e6ebd6d35c6cdd90d5b116a231b61a1104ebdec526eee938e26,box,warmup,0,newRoot,SetActive_pair,1,22.2,22.2,22.2,22.2,1,47587.0,47587.0,47587,47587
player01-a923265f,IL2CPP,ac74cac748fd6e6ebd6d35c6cdd90d5b116a231b61a1104ebdec526eee938e26,box,warmup,0,newRoot,buildtotal,1,43.5,43.5,43.5,43.5,1,93144.0,93144.0,93144,93144
player01-a923265f,IL2CPP,ac74cac748fd6e6ebd6d35c6cdd90d5b116a231b61a1104ebdec526eee938e26,box,warmup,0,newRoot,colliders+,1,1.9,1.9,1.9,1.9,1,4223.0,4223.0,4223,4223
player01-a923265f,IL2CPP,ac74cac748fd6e6ebd6d35c6cdd90d5b116a231b61a1104ebdec526eee938e26,box,warmup,0,newRoot,colliders-,1,1.0,1.0,1.0,1.0,1,2422.0,2422.0,2422,2422
player01-a923265f,IL2CPP,ac74cac748fd6e6ebd6d35c6cdd90d5b116a231b61a1104ebdec526eee938e26,box,warmup,0,newRoot,colliders_pair,1,2.9,2.9,2.9,2.9,1,6645.0,6645.0,6645,6645
player01-a923265f,IL2CPP,ac74cac748fd6e6ebd6d35c6cdd90d5b116a231b61a1104ebdec526eee938e26,box,warmup,0,newRoot,newRoot+,1,4.4,4.4,4.4,4.4,1,9676.0,9676.0,9676,9676
player01-a923265f,IL2CPP,ac74cac748fd6e6ebd6d35c6cdd90d5b116a231b61a1104ebdec526eee938e26,box,warmup,0,newRoot,newRoot-,1,2.0,2.0,2.0,2.0,1,4526.0,4526.0,4526,4526
player01-a923265f,IL2CPP,ac74cac748fd6e6ebd6d35c6cdd90d5b116a231b61a1104ebdec526eee938e26,box,warmup,0,newRoot,newRoot_pair,1,6.4,6.4,6.4,6.4,1,14202.0,14202.0,14202,14202
player01-a923265f,IL2CPP,ac74cac748fd6e6ebd6d35c6cdd90d5b116a231b61a1104ebdec526eee938e26,box,warmup,0,newRoot,objects+,1,16.3,16.3,16.3,16.3,1,34690.0,34690.0,34690,34690
player01-a923265f,IL2CPP,ac74cac748fd6e6ebd6d35c6cdd90d5b116a231b61a1104ebdec526eee938e26,box,warmup,0,newRoot,objects-,1,7.1,7.1,7.1,7.1,1,15192.0,15192.0,15192,15192
player01-a923265f,IL2CPP,ac74cac748fd6e6ebd6d35c6cdd90d5b116a231b61a1104ebdec526eee938e26,box,warmup,0,newRoot,objects_pair,1,23.4,23.4,23.4,23.4,1,49882.0,49882.0,49882,49882
player01-a923265f,IL2CPP,ac74cac748fd6e6ebd6d35c6cdd90d5b116a231b61a1104ebdec526eee938e26,box,warmup,0,newRoot,publishtotal,1,37.9,37.9,37.9,37.9,1,79725.0,79725.0,79725,79725
player01-a923265f,IL2CPP,ac74cac748fd6e6ebd6d35c6cdd90d5b116a231b61a1104ebdec526eee938e26,box,warmup,1,newRoot,BuildPublish,1,75.5,75.5,75.5,75.5,1,159515.0,159515.0,159515,159515
player01-a923265f,IL2CPP,ac74cac748fd6e6ebd6d35c6cdd90d5b116a231b61a1104ebdec526eee938e26,box,warmup,1,newRoot,BuildSide+,1,9.3,9.3,9.3,9.3,1,19372.0,19372.0,19372,19372
player01-a923265f,IL2CPP,ac74cac748fd6e6ebd6d35c6cdd90d5b116a231b61a1104ebdec526eee938e26,box,warmup,1,newRoot,BuildSide-,1,18.9,18.9,18.9,18.9,1,39606.0,39606.0,39606,39606
player01-a923265f,IL2CPP,ac74cac748fd6e6ebd6d35c6cdd90d5b116a231b61a1104ebdec526eee938e26,box,warmup,1,newRoot,BuildSide_pair,1,28.2,28.2,28.2,28.2,1,58978.0,58978.0,58978,58978
player01-a923265f,IL2CPP,ac74cac748fd6e6ebd6d35c6cdd90d5b116a231b61a1104ebdec526eee938e26,box,warmup,1,newRoot,SetActive+,1,12.0,12.0,12.0,12.0,1,25650.0,25650.0,25650,25650
player01-a923265f,IL2CPP,ac74cac748fd6e6ebd6d35c6cdd90d5b116a231b61a1104ebdec526eee938e26,box,warmup,1,newRoot,SetActive-,1,8.5,8.5,8.5,8.5,1,18413.0,18413.0,18413,18413
player01-a923265f,IL2CPP,ac74cac748fd6e6ebd6d35c6cdd90d5b116a231b61a1104ebdec526eee938e26,box,warmup,1,newRoot,SetActive_pair,1,20.5,20.5,20.5,20.5,1,44063.0,44063.0,44063,44063
player01-a923265f,IL2CPP,ac74cac748fd6e6ebd6d35c6cdd90d5b116a231b61a1104ebdec526eee938e26,box,warmup,1,newRoot,buildtotal,1,43.0,43.0,43.0,43.0,1,91016.0,91016.0,91016,91016
player01-a923265f,IL2CPP,ac74cac748fd6e6ebd6d35c6cdd90d5b116a231b61a1104ebdec526eee938e26,box,warmup,1,newRoot,colliders+,1,1.1,1.1,1.1,1.1,1,2428.0,2428.0,2428,2428
player01-a923265f,IL2CPP,ac74cac748fd6e6ebd6d35c6cdd90d5b116a231b61a1104ebdec526eee938e26,box,warmup,1,newRoot,colliders-,1,1.9,1.9,1.9,1.9,1,4406.0,4406.0,4406,4406
player01-a923265f,IL2CPP,ac74cac748fd6e6ebd6d35c6cdd90d5b116a231b61a1104ebdec526eee938e26,box,warmup,1,newRoot,colliders_pair,1,3.0,3.0,3.0,3.0,1,6834.0,6834.0,6834,6834
player01-a923265f,IL2CPP,ac74cac748fd6e6ebd6d35c6cdd90d5b116a231b61a1104ebdec526eee938e26,box,warmup,1,newRoot,newRoot+,1,2.6,2.6,2.6,2.6,1,5746.0,5746.0,5746,5746
player01-a923265f,IL2CPP,ac74cac748fd6e6ebd6d35c6cdd90d5b116a231b61a1104ebdec526eee938e26,box,warmup,1,newRoot,newRoot-,1,4.8,4.8,4.8,4.8,1,10585.0,10585.0,10585,10585
player01-a923265f,IL2CPP,ac74cac748fd6e6ebd6d35c6cdd90d5b116a231b61a1104ebdec526eee938e26,box,warmup,1,newRoot,newRoot_pair,1,7.4,7.4,7.4,7.4,1,16331.0,16331.0,16331,16331
player01-a923265f,IL2CPP,ac74cac748fd6e6ebd6d35c6cdd90d5b116a231b61a1104ebdec526eee938e26,box,warmup,1,newRoot,objects+,1,7.5,7.5,7.5,7.5,1,16068.0,16068.0,16068,16068
player01-a923265f,IL2CPP,ac74cac748fd6e6ebd6d35c6cdd90d5b116a231b61a1104ebdec526eee938e26,box,warmup,1,newRoot,objects-,1,15.7,15.7,15.7,15.7,1,33383.0,33383.0,33383,33383
player01-a923265f,IL2CPP,ac74cac748fd6e6ebd6d35c6cdd90d5b116a231b61a1104ebdec526eee938e26,box,warmup,1,newRoot,objects_pair,1,23.2,23.2,23.2,23.2,1,49451.0,49451.0,49451,49451
player01-a923265f,IL2CPP,ac74cac748fd6e6ebd6d35c6cdd90d5b116a231b61a1104ebdec526eee938e26,box,warmup,1,newRoot,publishtotal,1,32.5,32.5,32.5,32.5,1,68499.0,68499.0,68499,68499
player01-a923265f,IL2CPP,ac74cac748fd6e6ebd6d35c6cdd90d5b116a231b61a1104ebdec526eee938e26,box,warmup,2,newRoot,BuildPublish,1,80.2,80.2,80.2,80.2,1,169526.0,169526.0,169526,169526
player01-a923265f,IL2CPP,ac74cac748fd6e6ebd6d35c6cdd90d5b116a231b61a1104ebdec526eee938e26,box,warmup,2,newRoot,BuildSide+,1,20.0,20.0,20.0,20.0,1,42121.0,42121.0,42121,42121
player01-a923265f,IL2CPP,ac74cac748fd6e6ebd6d35c6cdd90d5b116a231b61a1104ebdec526eee938e26,box,warmup,2,newRoot,BuildSide-,1,9.2,9.2,9.2,9.2,1,19261.0,19261.0,19261,19261
player01-a923265f,IL2CPP,ac74cac748fd6e6ebd6d35c6cdd90d5b116a231b61a1104ebdec526eee938e26,box,warmup,2,newRoot,BuildSide_pair,1,29.2,29.2,29.2,29.2,1,61382.0,61382.0,61382,61382
player01-a923265f,IL2CPP,ac74cac748fd6e6ebd6d35c6cdd90d5b116a231b61a1104ebdec526eee938e26,box,warmup,2,newRoot,SetActive+,1,18.2,18.2,18.2,18.2,1,38802.0,38802.0,38802,38802
player01-a923265f,IL2CPP,ac74cac748fd6e6ebd6d35c6cdd90d5b116a231b61a1104ebdec526eee938e26,box,warmup,2,newRoot,SetActive-,1,3.2,3.2,3.2,3.2,1,7052.0,7052.0,7052,7052
player01-a923265f,IL2CPP,ac74cac748fd6e6ebd6d35c6cdd90d5b116a231b61a1104ebdec526eee938e26,box,warmup,2,newRoot,SetActive_pair,1,21.4,21.4,21.4,21.4,1,45854.0,45854.0,45854,45854
player01-a923265f,IL2CPP,ac74cac748fd6e6ebd6d35c6cdd90d5b116a231b61a1104ebdec526eee938e26,box,warmup,2,newRoot,buildtotal,1,46.7,46.7,46.7,46.7,1,98821.0,98821.0,98821,98821
player01-a923265f,IL2CPP,ac74cac748fd6e6ebd6d35c6cdd90d5b116a231b61a1104ebdec526eee938e26,box,warmup,2,newRoot,colliders+,1,2.4,2.4,2.4,2.4,1,5500.0,5500.0,5500,5500
player01-a923265f,IL2CPP,ac74cac748fd6e6ebd6d35c6cdd90d5b116a231b61a1104ebdec526eee938e26,box,warmup,2,newRoot,colliders-,1,1.0,1.0,1.0,1.0,1,2430.0,2430.0,2430,2430
player01-a923265f,IL2CPP,ac74cac748fd6e6ebd6d35c6cdd90d5b116a231b61a1104ebdec526eee938e26,box,warmup,2,newRoot,colliders_pair,1,3.4,3.4,3.4,3.4,1,7930.0,7930.0,7930,7930
player01-a923265f,IL2CPP,ac74cac748fd6e6ebd6d35c6cdd90d5b116a231b61a1104ebdec526eee938e26,box,warmup,2,newRoot,newRoot+,1,4.8,4.8,4.8,4.8,1,10499.0,10499.0,10499,10499
player01-a923265f,IL2CPP,ac74cac748fd6e6ebd6d35c6cdd90d5b116a231b61a1104ebdec526eee938e26,box,warmup,2,newRoot,newRoot-,1,2.2,2.2,2.2,2.2,1,4820.0,4820.0,4820,4820
player01-a923265f,IL2CPP,ac74cac748fd6e6ebd6d35c6cdd90d5b116a231b61a1104ebdec526eee938e26,box,warmup,2,newRoot,newRoot_pair,1,7.0,7.0,7.0,7.0,1,15319.0,15319.0,15319,15319
player01-a923265f,IL2CPP,ac74cac748fd6e6ebd6d35c6cdd90d5b116a231b61a1104ebdec526eee938e26,box,warmup,2,newRoot,objects+,1,16.3,16.3,16.3,16.3,1,34632.0,34632.0,34632,34632
player01-a923265f,IL2CPP,ac74cac748fd6e6ebd6d35c6cdd90d5b116a231b61a1104ebdec526eee938e26,box,warmup,2,newRoot,objects-,1,7.5,7.5,7.5,7.5,1,15913.0,15913.0,15913,15913
player01-a923265f,IL2CPP,ac74cac748fd6e6ebd6d35c6cdd90d5b116a231b61a1104ebdec526eee938e26,box,warmup,2,newRoot,objects_pair,1,23.8,23.8,23.8,23.8,1,50545.0,50545.0,50545,50545
player01-a923265f,IL2CPP,ac74cac748fd6e6ebd6d35c6cdd90d5b116a231b61a1104ebdec526eee938e26,box,warmup,2,newRoot,publishtotal,1,33.5,33.5,33.5,33.5,1,70705.0,70705.0,70705,70705
player01-a923265f,IL2CPP,ac74cac748fd6e6ebd6d35c6cdd90d5b116a231b61a1104ebdec526eee938e26,box,warmup,3,newRoot,BuildPublish,1,82.0,82.0,82.0,82.0,1,173196.0,173196.0,173196,173196
player01-a923265f,IL2CPP,ac74cac748fd6e6ebd6d35c6cdd90d5b116a231b61a1104ebdec526eee938e26,box,warmup,3,newRoot,BuildSide+,1,8.6,8.6,8.6,8.6,1,18073.0,18073.0,18073,18073
player01-a923265f,IL2CPP,ac74cac748fd6e6ebd6d35c6cdd90d5b116a231b61a1104ebdec526eee938e26,box,warmup,3,newRoot,BuildSide-,1,20.2,20.2,20.2,20.2,1,42471.0,42471.0,42471,42471
player01-a923265f,IL2CPP,ac74cac748fd6e6ebd6d35c6cdd90d5b116a231b61a1104ebdec526eee938e26,box,warmup,3,newRoot,BuildSide_pair,1,28.8,28.8,28.8,28.8,1,60544.0,60544.0,60544,60544
player01-a923265f,IL2CPP,ac74cac748fd6e6ebd6d35c6cdd90d5b116a231b61a1104ebdec526eee938e26,box,warmup,3,newRoot,SetActive+,1,20.5,20.5,20.5,20.5,1,43456.0,43456.0,43456,43456
player01-a923265f,IL2CPP,ac74cac748fd6e6ebd6d35c6cdd90d5b116a231b61a1104ebdec526eee938e26,box,warmup,3,newRoot,SetActive-,1,3.3,3.3,3.3,3.3,1,7152.0,7152.0,7152,7152
player01-a923265f,IL2CPP,ac74cac748fd6e6ebd6d35c6cdd90d5b116a231b61a1104ebdec526eee938e26,box,warmup,3,newRoot,SetActive_pair,1,23.8,23.8,23.8,23.8,1,50608.0,50608.0,50608,50608
player01-a923265f,IL2CPP,ac74cac748fd6e6ebd6d35c6cdd90d5b116a231b61a1104ebdec526eee938e26,box,warmup,3,newRoot,buildtotal,1,44.4,44.4,44.4,44.4,1,93999.0,93999.0,93999,93999
player01-a923265f,IL2CPP,ac74cac748fd6e6ebd6d35c6cdd90d5b116a231b61a1104ebdec526eee938e26,box,warmup,3,newRoot,colliders+,1,1.0,1.0,1.0,1.0,1,2377.0,2377.0,2377,2377
player01-a923265f,IL2CPP,ac74cac748fd6e6ebd6d35c6cdd90d5b116a231b61a1104ebdec526eee938e26,box,warmup,3,newRoot,colliders-,1,2.0,2.0,2.0,2.0,1,4424.0,4424.0,4424,4424
player01-a923265f,IL2CPP,ac74cac748fd6e6ebd6d35c6cdd90d5b116a231b61a1104ebdec526eee938e26,box,warmup,3,newRoot,colliders_pair,1,3.0,3.0,3.0,3.0,1,6801.0,6801.0,6801,6801
player01-a923265f,IL2CPP,ac74cac748fd6e6ebd6d35c6cdd90d5b116a231b61a1104ebdec526eee938e26,box,warmup,3,newRoot,newRoot+,1,2.2,2.2,2.2,2.2,1,4911.0,4911.0,4911,4911
player01-a923265f,IL2CPP,ac74cac748fd6e6ebd6d35c6cdd90d5b116a231b61a1104ebdec526eee938e26,box,warmup,3,newRoot,newRoot-,1,5.1,5.1,5.1,5.1,1,10935.0,10935.0,10935,10935
player01-a923265f,IL2CPP,ac74cac748fd6e6ebd6d35c6cdd90d5b116a231b61a1104ebdec526eee938e26,box,warmup,3,newRoot,newRoot_pair,1,7.3,7.3,7.3,7.3,1,15846.0,15846.0,15846,15846
player01-a923265f,IL2CPP,ac74cac748fd6e6ebd6d35c6cdd90d5b116a231b61a1104ebdec526eee938e26,box,warmup,3,newRoot,objects+,1,6.9,6.9,6.9,6.9,1,14823.0,14823.0,14823,14823
player01-a923265f,IL2CPP,ac74cac748fd6e6ebd6d35c6cdd90d5b116a231b61a1104ebdec526eee938e26,box,warmup,3,newRoot,objects-,1,16.7,16.7,16.7,16.7,1,35494.0,35494.0,35494,35494
player01-a923265f,IL2CPP,ac74cac748fd6e6ebd6d35c6cdd90d5b116a231b61a1104ebdec526eee938e26,box,warmup,3,newRoot,objects_pair,1,23.6,23.6,23.6,23.6,1,50317.0,50317.0,50317,50317
player01-a923265f,IL2CPP,ac74cac748fd6e6ebd6d35c6cdd90d5b116a231b61a1104ebdec526eee938e26,box,warmup,3,newRoot,publishtotal,1,37.6,37.6,37.6,37.6,1,79197.0,79197.0,79197,79197
player01-a923265f,IL2CPP,ac74cac748fd6e6ebd6d35c6cdd90d5b116a231b61a1104ebdec526eee938e26,character,measured,0,newRoot,BuildPublish,8,124.3,135.65,123.0,136.0,8,262510.0,286456.15,259606,287209
player01-a923265f,IL2CPP,ac74cac748fd6e6ebd6d35c6cdd90d5b116a231b61a1104ebdec526eee938e26,character,measured,0,newRoot,BuildSide+,8,29.95,33.85,29.1,34.2,8,63105.0,71315.65,61183,72058
player01-a923265f,IL2CPP,ac74cac748fd6e6ebd6d35c6cdd90d5b116a231b61a1104ebdec526eee938e26,character,measured,0,newRoot,BuildSide-,8,15.45,16.095,14.5,16.2,8,32328.5,33788.55,30486,33966
player01-a923265f,IL2CPP,ac74cac748fd6e6ebd6d35c6cdd90d5b116a231b61a1104ebdec526eee938e26,character,measured,0,newRoot,BuildSide_pair,8,45.6,49.559999999999995,43.9,50.4,8,96048.5,104283.8,92470,106024
player01-a923265f,IL2CPP,ac74cac748fd6e6ebd6d35c6cdd90d5b116a231b61a1104ebdec526eee938e26,character,measured,0,newRoot,SetActive+,8,27.2,28.224999999999998,25.9,28.4,8,57782.5,59855.65,55012,60178
player01-a923265f,IL2CPP,ac74cac748fd6e6ebd6d35c6cdd90d5b116a231b61a1104ebdec526eee938e26,character,measured,0,newRoot,SetActive-,8,18.35,19.06,17.7,19.2,8,39038.0,40745.65,37720,41040
player01-a923265f,IL2CPP,ac74cac748fd6e6ebd6d35c6cdd90d5b116a231b61a1104ebdec526eee938e26,character,measured,0,newRoot,SetActive_pair,8,45.5,46.85,43.9,47.2,8,96811.5,99646.2,93203,100377
player01-a923265f,IL2CPP,ac74cac748fd6e6ebd6d35c6cdd90d5b116a231b61a1104ebdec526eee938e26,character,measured,0,newRoot,buildtotal,8,62.599999999999994,69.925,60.7,70.1,8,132533.5,148043.7,128230,148498
player01-a923265f,IL2CPP,ac74cac748fd6e6ebd6d35c6cdd90d5b116a231b61a1104ebdec526eee938e26,character,measured,0,newRoot,colliders+,8,13.4,13.76,12.3,13.9,8,28443.5,29356.25,26297,29722
player01-a923265f,IL2CPP,ac74cac748fd6e6ebd6d35c6cdd90d5b116a231b61a1104ebdec526eee938e26,character,measured,0,newRoot,colliders-,8,7.65,8.059999999999999,7.1,8.2,8,16432.5,17319.55,15301,17630
player01-a923265f,IL2CPP,ac74cac748fd6e6ebd6d35c6cdd90d5b116a231b61a1104ebdec526eee938e26,character,measured,0,newRoot,colliders_pair,8,20.55,21.785,20.1,22.1,8,43887.0,46592.15,43015,47352
player01-a923265f,IL2CPP,ac74cac748fd6e6ebd6d35c6cdd90d5b116a231b61a1104ebdec526eee938e26,character,measured,0,newRoot,newRoot+,8,4.9,5.6,4.3,5.6,8,10734.5,12122.15,9399,12140
player01-a923265f,IL2CPP,ac74cac748fd6e6ebd6d35c6cdd90d5b116a231b61a1104ebdec526eee938e26,character,measured,0,newRoot,newRoot-,8,2.0,2.53,1.8,2.6,8,4501.0,5648.349999999999,4095,5816
player01-a923265f,IL2CPP,ac74cac748fd6e6ebd6d35c6cdd90d5b116a231b61a1104ebdec526eee938e26,character,measured,0,newRoot,newRoot_pair,8,7.15,7.824999999999999,6.1,8.0,8,15688.0,17031.55,13494,17426
player01-a923265f,IL2CPP,ac74cac748fd6e6ebd6d35c6cdd90d5b116a231b61a1104ebdec526eee938e26,character,measured,0,newRoot,objects+,8,16.0,18.39,14.6,18.6,8,33984.5,38949.35,31093,39397
player01-a923265f,IL2CPP,ac74cac748fd6e6ebd6d35c6cdd90d5b116a231b61a1104ebdec526eee938e26,character,measured,0,newRoot,objects-,8,6.85,7.56,6.6,7.7,8,14681.0,16112.65,14181,16414
player01-a923265f,IL2CPP,ac74cac748fd6e6ebd6d35c6cdd90d5b116a231b61a1104ebdec526eee938e26,character,measured,0,newRoot,objects_pair,8,23.35,25.415,21.3,25.8,8,49688.5,53985.45,45394,54760
player01-a923265f,IL2CPP,ac74cac748fd6e6ebd6d35c6cdd90d5b116a231b61a1104ebdec526eee938e26,character,measured,0,newRoot,publishtotal,8,62.25,65.72500000000001,60.7,65.9,8,131340.0,138412.45,128022,138711
player01-a923265f,IL2CPP,ac74cac748fd6e6ebd6d35c6cdd90d5b116a231b61a1104ebdec526eee938e26,character,measured,1,newRoot,BuildPublish,8,126.75,136.38500000000002,121.9,138.8,8,267856.0,276560.6,257301,278466
player01-a923265f,IL2CPP,ac74cac748fd6e6ebd6d35c6cdd90d5b116a231b61a1104ebdec526eee938e26,character,measured,1,newRoot,BuildSide+,8,20.35,21.965,18.9,22.7,8,42746.5,46140.0,39636,47694
player01-a923265f,IL2CPP,ac74cac748fd6e6ebd6d35c6cdd90d5b116a231b61a1104ebdec526eee938e26,character,measured,1,newRoot,BuildSide-,8,26.65,35.165,25.2,38.7,8,56254.0,61172.95,53135,61692
player01-a923265f,IL2CPP,ac74cac748fd6e6ebd6d35c6cdd90d5b116a231b61a1104ebdec526eee938e26,character,measured,1,newRoot,BuildSide_pair,8,47.099999999999994,55.699999999999996,44.3,59.2,8,99078.5,104313.85,92985,104772
player01-a923265f,IL2CPP,ac74cac748fd6e6ebd6d35c6cdd90d5b116a231b61a1104ebdec526eee938e26,character,measured,1,newRoot,SetActive+,8,26.9,27.165,25.8,27.2,8,57201.0,57781.1,54970,57807
player01-a923265f,IL2CPP,ac74cac748fd6e6ebd6d35c6cdd90d5b116a231b61a1104ebdec526eee938e26,character,measured,1,newRoot,SetActive-,8,17.7,18.33,16.7,18.4,8,37762.5,39186.55,35622,39329
player01-a923265f,IL2CPP,ac74cac748fd6e6ebd6d35c6cdd90d5b116a231b61a1104ebdec526eee938e26,character,measured,1,newRoot,SetActive_pair,8,44.4,45.495,42.8,45.6,8,94538.0,96967.65,91308,97136
player01-a923265f,IL2CPP,ac74cac748fd6e6ebd6d35c6cdd90d5b116a231b61a1104ebdec526eee938e26,character,measured,1,newRoot,buildtotal,8,64.8,73.50999999999999,61.6,76.1,8,137081.5,143592.45,130127,145102
player01-a923265f,IL2CPP,ac74cac748fd6e6ebd6d35c6cdd90d5b116a231b61a1104ebdec526eee938e26,character,measured,1,newRoot,colliders+,8,12.2,13.024999999999999,11.4,13.2,8,26112.0,27868.95,24316,28227
player01-a923265f,IL2CPP,ac74cac748fd6e6ebd6d35c6cdd90d5b116a231b61a1104ebdec526eee938e26,character,measured,1,newRoot,colliders-,8,8.850000000000001,9.695,8.6,9.8,8,18900.0,20805.25,18445,21080
player01-a923265f,IL2CPP,ac74cac748fd6e6ebd6d35c6cdd90d5b116a231b61a1104ebdec526eee938e26,character,measured,1,newRoot,colliders_pair,8,21.3,21.865,20.2,21.9,8,45610.0,46891.05,43063,46925
player01-a923265f,IL2CPP,ac74cac748fd6e6ebd6d35c6cdd90d5b116a231b61a1104ebdec526eee938e26,character,measured,1,newRoot,newRoot+,8,2.1,2.565,1.9,2.6,8,4669.0,5707.4,4375,5783
player01-a923265f,IL2CPP,ac74cac748fd6e6ebd6d35c6cdd90d5b116a231b61a1104ebdec526eee938e26,character,measured,1,newRoot,newRoot-,8,4.6,13.004999999999995,4.4,17.1,8,10063.0,14921.699999999997,9598,16608
player01-a923265f,IL2CPP,ac74cac748fd6e6ebd6d35c6cdd90d5b116a231b61a1104ebdec526eee938e26,character,measured,1,newRoot,newRoot_pair,8,6.8,15.329999999999995,6.5,19.6,8,15022.0,20153.049999999996,14258,22175
player01-a923265f,IL2CPP,ac74cac748fd6e6ebd6d35c6cdd90d5b116a231b61a1104ebdec526eee938e26,character,measured,1,newRoot,objects+,8,7.1,8.45,6.8,8.8,8,15163.5,17897.1,14443,18553
player01-a923265f,IL2CPP,ac74cac748fd6e6ebd6d35c6cdd90d5b116a231b61a1104ebdec526eee938e26,character,measured,1,newRoot,objects-,8,16.1,24.944999999999993,15.2,28.9,8,34173.5,39952.399999999994,32405,41372
player01-a923265f,IL2CPP,ac74cac748fd6e6ebd6d35c6cdd90d5b116a231b61a1104ebdec526eee938e26,character,measured,1,newRoot,objects_pair,8,23.65,32.419999999999995,22.2,36.2,8,50324.5,55986.6,47258,57059
player01-a923265f,IL2CPP,ac74cac748fd6e6ebd6d35c6cdd90d5b116a231b61a1104ebdec526eee938e26,character,measured,1,newRoot,publishtotal,8,61.95,63.06,60.1,63.2,8,130774.5,133074.2,126651,133364
player01-a923265f,IL2CPP,ac74cac748fd6e6ebd6d35c6cdd90d5b116a231b61a1104ebdec526eee938e26,character,measured,2,newRoot,BuildPublish,8,126.95,129.8,125.6,130.5,8,267979.0,273873.15,265345,275270
player01-a923265f,IL2CPP,ac74cac748fd6e6ebd6d35c6cdd90d5b116a231b61a1104ebdec526eee938e26,character,measured,2,newRoot,BuildSide+,8,31.549999999999997,32.32,30.1,32.6,8,66477.0,68132.7,63363,68720
player01-a923265f,IL2CPP,ac74cac748fd6e6ebd6d35c6cdd90d5b116a231b61a1104ebdec526eee938e26,character,measured,2,newRoot,BuildSide-,8,15.4,17.16,15.1,17.3,8,32335.5,36025.25,31735,36412
player01-a923265f,IL2CPP,ac74cac748fd6e6ebd6d35c6cdd90d5b116a231b61a1104ebdec526eee938e26,character,measured,2,newRoot,BuildSide_pair,8,47.05,48.455,45.5,48.7,8,98924.5,101945.45,95560,102349
player01-a923265f,IL2CPP,ac74cac748fd6e6ebd6d35c6cdd90d5b116a231b61a1104ebdec526eee938e26,character,measured,2,newRoot,SetActive+,8,33.25,34.885,32.5,35.2,8,70470.0,73986.85,68805,74578
player01-a923265f,IL2CPP,ac74cac748fd6e6ebd6d35c6cdd90d5b116a231b61a1104ebdec526eee938e26,character,measured,2,newRoot,SetActive-,8,11.149999999999999,11.76,10.7,11.9,8,23877.5,25144.649999999998,22918,25467
player01-a923265f,IL2CPP,ac74cac748fd6e6ebd6d35c6cdd90d5b116a231b61a1104ebdec526eee938e26,character,measured,2,newRoot,SetActive_pair,8,44.4,46.115,43.8,46.5,8,94334.0,98046.9,93219,98833
player01-a923265f,IL2CPP,ac74cac748fd6e6ebd6d35c6cdd90d5b116a231b61a1104ebdec526eee938e26,character,measured,2,newRoot,buildtotal,8,65.9,67.765,63.4,68.5,8,139485.5,143214.65,134022,144671
player01-a923265f,IL2CPP,ac74cac748fd6e6ebd6d35c6cdd90d5b116a231b61a1104ebdec526eee938e26,character,measured,2,newRoot,colliders+,8,13.2,14.0,12.6,14.0,8,28184.5,29885.25,26791,29894
player01-a923265f,IL2CPP,ac74cac748fd6e6ebd6d35c6cdd90d5b116a231b61a1104ebdec526eee938e26,character,measured,2,newRoot,colliders-,8,7.75,8.75,7.5,9.1,8,16657.0,18762.1,16115,19523
player01-a923265f,IL2CPP,ac74cac748fd6e6ebd6d35c6cdd90d5b116a231b61a1104ebdec526eee938e26,character,measured,2,newRoot,colliders_pair,8,21.15,21.765,20.4,21.8,8,45205.0,46540.4,43763,46567
player01-a923265f,IL2CPP,ac74cac748fd6e6ebd6d35c6cdd90d5b116a231b61a1104ebdec526eee938e26,character,measured,2,newRoot,newRoot+,8,4.9,5.6899999999999995,4.3,5.9,8,10691.5,12378.0,9372,12777
player01-a923265f,IL2CPP,ac74cac748fd6e6ebd6d35c6cdd90d5b116a231b61a1104ebdec526eee938e26,character,measured,2,newRoot,newRoot-,8,2.1,2.3649999999999998,1.9,2.4,8,4667.0,5203.05,4369,5244
player01-a923265f,IL2CPP,ac74cac748fd6e6ebd6d35c6cdd90d5b116a231b61a1104ebdec526eee938e26,character,measured,2,newRoot,newRoot_pair,8,6.85,8.02,6.6,8.3,8,15140.0,17552.7,14499,18021
player01-a923265f,IL2CPP,ac74cac748fd6e6ebd6d35c6cdd90d5b116a231b61a1104ebdec526eee938e26,character,measured,2,newRoot,objects+,8,16.6,17.4,15.8,17.4,8,35352.0,36935.15,33572,36953
player01-a923265f,IL2CPP,ac74cac748fd6e6ebd6d35c6cdd90d5b116a231b61a1104ebdec526eee938e26,character,measured,2,newRoot,objects-,8,7.0,7.824999999999999,6.6,8.0,8,14866.0,16640.399999999998,14268,16996
player01-a923265f,IL2CPP,ac74cac748fd6e6ebd6d35c6cdd90d5b116a231b61a1104ebdec526eee938e26,character,measured,2,newRoot,objects_pair,8,23.7,25.049999999999997,22.9,25.4,8,50478.5,53209.799999999996,48794,53949
player01-a923265f,IL2CPP,ac74cac748fd6e6ebd6d35c6cdd90d5b116a231b61a1104ebdec526eee938e26,character,measured,2,newRoot,publishtotal,8,61.75,63.574999999999996,60.0,64.1,8,130180.0,133992.8,126591,135089
player01-a923265f,IL2CPP,ac74cac748fd6e6ebd6d35c6cdd90d5b116a231b61a1104ebdec526eee938e26,character,measured,3,newRoot,BuildPublish,8,126.75,130.145,121.2,131.3,8,268138.5,274572.9,255735,276927
player01-a923265f,IL2CPP,ac74cac748fd6e6ebd6d35c6cdd90d5b116a231b61a1104ebdec526eee938e26,character,measured,3,newRoot,BuildSide+,8,19.700000000000003,20.925,18.9,21.1,8,41297.0,43795.85,39680,44135
player01-a923265f,IL2CPP,ac74cac748fd6e6ebd6d35c6cdd90d5b116a231b61a1104ebdec526eee938e26,character,measured,3,newRoot,BuildSide-,8,26.9,27.8,25.3,27.8,8,56588.0,58474.8,53194,58479
player01-a923265f,IL2CPP,ac74cac748fd6e6ebd6d35c6cdd90d5b116a231b61a1104ebdec526eee938e26,character,measured,3,newRoot,BuildSide_pair,8,46.45,48.41,44.9,48.9,8,97724.0,101561.9,94217,102614
player01-a923265f,IL2CPP,ac74cac748fd6e6ebd6d35c6cdd90d5b116a231b61a1104ebdec526eee938e26,character,measured,3,newRoot,SetActive+,8,33.150000000000006,34.945,32.5,35.4,8,70329.5,74255.75,69086,75248
player01-a923265f,IL2CPP,ac74cac748fd6e6ebd6d35c6cdd90d5b116a231b61a1104ebdec526eee938e26,character,measured,3,newRoot,SetActive-,8,11.2,12.815,10.7,13.2,8,23968.5,27426.199999999997,22911,28241
player01-a923265f,IL2CPP,ac74cac748fd6e6ebd6d35c6cdd90d5b116a231b61a1104ebdec526eee938e26,character,measured,3,newRoot,SetActive_pair,8,44.3,47.76,43.5,48.6,8,94298.0,101681.95,92543,103489
player01-a923265f,IL2CPP,ac74cac748fd6e6ebd6d35c6cdd90d5b116a231b61a1104ebdec526eee938e26,character,measured,3,newRoot,buildtotal,8,64.35,65.56,62.1,65.7,8,136079.5,138764.85,131020,138873
player01-a923265f,IL2CPP,ac74cac748fd6e6ebd6d35c6cdd90d5b116a231b61a1104ebdec526eee938e26,character,measured,3,newRoot,colliders+,8,12.0,13.02,11.5,13.3,8,25657.5,27698.149999999998,24540,28255
player01-a923265f,IL2CPP,ac74cac748fd6e6ebd6d35c6cdd90d5b116a231b61a1104ebdec526eee938e26,character,measured,3,newRoot,colliders-,8,8.8,9.59,8.3,9.8,8,18937.5,20478.0,17804,20933
player01-a923265f,IL2CPP,ac74cac748fd6e6ebd6d35c6cdd90d5b116a231b61a1104ebdec526eee938e26,character,measured,3,newRoot,colliders_pair,8,20.549999999999997,22.23,19.9,22.3,8,44059.5,47502.85,42723,47597
player01-a923265f,IL2CPP,ac74cac748fd6e6ebd6d35c6cdd90d5b116a231b61a1104ebdec526eee938e26,character,measured,3,newRoot,newRoot+,8,2.0,2.565,1.9,2.6,8,4440.0,5723.849999999999,4280,5804
player01-a923265f,IL2CPP,ac74cac748fd6e6ebd6d35c6cdd90d5b116a231b61a1104ebdec526eee938e26,character,measured,3,newRoot,newRoot-,8,4.9,5.9799999999999995,4.3,6.4,8,10787.5,12989.8,9560,13876
player01-a923265f,IL2CPP,ac74cac748fd6e6ebd6d35c6cdd90d5b116a231b61a1104ebdec526eee938e26,character,measured,3,newRoot,newRoot_pair,8,7.1,8.084999999999999,6.3,8.4,8,15697.5,17704.85,13999,18317
player01-a923265f,IL2CPP,ac74cac748fd6e6ebd6d35c6cdd90d5b116a231b61a1104ebdec526eee938e26,character,measured,3,newRoot,objects+,8,6.7,7.365,6.6,7.4,8,14423.5,15750.45,14027,15825
player01-a923265f,IL2CPP,ac74cac748fd6e6ebd6d35c6cdd90d5b116a231b61a1104ebdec526eee938e26,character,measured,3,newRoot,objects-,8,16.4,17.66,15.7,17.8,8,34844.5,37352.05,33321,37603
player01-a923265f,IL2CPP,ac74cac748fd6e6ebd6d35c6cdd90d5b116a231b61a1104ebdec526eee938e26,character,measured,3,newRoot,objects_pair,8,23.75,24.555,22.4,24.8,8,50563.0,52135.75,47640,52596
player01-a923265f,IL2CPP,ac74cac748fd6e6ebd6d35c6cdd90d5b116a231b61a1104ebdec526eee938e26,character,measured,3,newRoot,publishtotal,8,62.0,65.72,59.1,66.7,8,130803.5,138618.5,124715,140715
player01-a923265f,IL2CPP,ac74cac748fd6e6ebd6d35c6cdd90d5b116a231b61a1104ebdec526eee938e26,character,warmup,0,newRoot,BuildPublish,1,165.2,165.2,165.2,165.2,1,348338.0,348338.0,348338,348338
player01-a923265f,IL2CPP,ac74cac748fd6e6ebd6d35c6cdd90d5b116a231b61a1104ebdec526eee938e26,character,warmup,0,newRoot,BuildSide+,1,42.3,42.3,42.3,42.3,1,88653.0,88653.0,88653,88653
player01-a923265f,IL2CPP,ac74cac748fd6e6ebd6d35c6cdd90d5b116a231b61a1104ebdec526eee938e26,character,warmup,0,newRoot,BuildSide-,1,16.0,16.0,16.0,16.0,1,33701.0,33701.0,33701,33701
player01-a923265f,IL2CPP,ac74cac748fd6e6ebd6d35c6cdd90d5b116a231b61a1104ebdec526eee938e26,character,warmup,0,newRoot,BuildSide_pair,1,58.3,58.3,58.3,58.3,1,122354.0,122354.0,122354,122354
player01-a923265f,IL2CPP,ac74cac748fd6e6ebd6d35c6cdd90d5b116a231b61a1104ebdec526eee938e26,character,warmup,0,newRoot,SetActive+,1,34.0,34.0,34.0,34.0,1,72085.0,72085.0,72085,72085
player01-a923265f,IL2CPP,ac74cac748fd6e6ebd6d35c6cdd90d5b116a231b61a1104ebdec526eee938e26,character,warmup,0,newRoot,SetActive-,1,26.1,26.1,26.1,26.1,1,55525.0,55525.0,55525,55525
player01-a923265f,IL2CPP,ac74cac748fd6e6ebd6d35c6cdd90d5b116a231b61a1104ebdec526eee938e26,character,warmup,0,newRoot,SetActive_pair,1,60.1,60.1,60.1,60.1,1,127610.0,127610.0,127610,127610
player01-a923265f,IL2CPP,ac74cac748fd6e6ebd6d35c6cdd90d5b116a231b61a1104ebdec526eee938e26,character,warmup,0,newRoot,buildtotal,1,79.4,79.4,79.4,79.4,1,167399.0,167399.0,167399,167399
player01-a923265f,IL2CPP,ac74cac748fd6e6ebd6d35c6cdd90d5b116a231b61a1104ebdec526eee938e26,character,warmup,0,newRoot,colliders+,1,15.2,15.2,15.2,15.2,1,32466.0,32466.0,32466,32466
player01-a923265f,IL2CPP,ac74cac748fd6e6ebd6d35c6cdd90d5b116a231b61a1104ebdec526eee938e26,character,warmup,0,newRoot,colliders-,1,8.0,8.0,8.0,8.0,1,17209.0,17209.0,17209,17209
player01-a923265f,IL2CPP,ac74cac748fd6e6ebd6d35c6cdd90d5b116a231b61a1104ebdec526eee938e26,character,warmup,0,newRoot,colliders_pair,1,23.2,23.2,23.2,23.2,1,49675.0,49675.0,49675,49675
player01-a923265f,IL2CPP,ac74cac748fd6e6ebd6d35c6cdd90d5b116a231b61a1104ebdec526eee938e26,character,warmup,0,newRoot,newRoot+,1,7.4,7.4,7.4,7.4,1,17003.0,17003.0,17003,17003
player01-a923265f,IL2CPP,ac74cac748fd6e6ebd6d35c6cdd90d5b116a231b61a1104ebdec526eee938e26,character,warmup,0,newRoot,newRoot-,1,2.0,2.0,2.0,2.0,1,4364.0,4364.0,4364,4364
player01-a923265f,IL2CPP,ac74cac748fd6e6ebd6d35c6cdd90d5b116a231b61a1104ebdec526eee938e26,character,warmup,0,newRoot,newRoot_pair,1,9.4,9.4,9.4,9.4,1,21367.0,21367.0,21367,21367
player01-a923265f,IL2CPP,ac74cac748fd6e6ebd6d35c6cdd90d5b116a231b61a1104ebdec526eee938e26,character,warmup,0,newRoot,objects+,1,25.4,25.4,25.4,25.4,1,53719.0,53719.0,53719,53719
player01-a923265f,IL2CPP,ac74cac748fd6e6ebd6d35c6cdd90d5b116a231b61a1104ebdec526eee938e26,character,warmup,0,newRoot,objects-,1,7.3,7.3,7.3,7.3,1,15570.0,15570.0,15570,15570
player01-a923265f,IL2CPP,ac74cac748fd6e6ebd6d35c6cdd90d5b116a231b61a1104ebdec526eee938e26,character,warmup,0,newRoot,objects_pair,1,32.7,32.7,32.7,32.7,1,69289.0,69289.0,69289,69289
player01-a923265f,IL2CPP,ac74cac748fd6e6ebd6d35c6cdd90d5b116a231b61a1104ebdec526eee938e26,character,warmup,0,newRoot,publishtotal,1,85.8,85.8,85.8,85.8,1,180939.0,180939.0,180939,180939
player01-a923265f,IL2CPP,ac74cac748fd6e6ebd6d35c6cdd90d5b116a231b61a1104ebdec526eee938e26,character,warmup,1,newRoot,BuildPublish,1,112.1,112.1,112.1,112.1,1,236475.0,236475.0,236475,236475
player01-a923265f,IL2CPP,ac74cac748fd6e6ebd6d35c6cdd90d5b116a231b61a1104ebdec526eee938e26,character,warmup,1,newRoot,BuildSide+,1,19.2,19.2,19.2,19.2,1,40216.0,40216.0,40216,40216
player01-a923265f,IL2CPP,ac74cac748fd6e6ebd6d35c6cdd90d5b116a231b61a1104ebdec526eee938e26,character,warmup,1,newRoot,BuildSide-,1,22.6,22.6,22.6,22.6,1,47676.0,47676.0,47676,47676
player01-a923265f,IL2CPP,ac74cac748fd6e6ebd6d35c6cdd90d5b116a231b61a1104ebdec526eee938e26,character,warmup,1,newRoot,BuildSide_pair,1,41.8,41.8,41.8,41.8,1,87892.0,87892.0,87892,87892
player01-a923265f,IL2CPP,ac74cac748fd6e6ebd6d35c6cdd90d5b116a231b61a1104ebdec526eee938e26,character,warmup,1,newRoot,SetActive+,1,27.1,27.1,27.1,27.1,1,57725.0,57725.0,57725,57725
player01-a923265f,IL2CPP,ac74cac748fd6e6ebd6d35c6cdd90d5b116a231b61a1104ebdec526eee938e26,character,warmup,1,newRoot,SetActive-,1,16.6,16.6,16.6,16.6,1,35340.0,35340.0,35340,35340
player01-a923265f,IL2CPP,ac74cac748fd6e6ebd6d35c6cdd90d5b116a231b61a1104ebdec526eee938e26,character,warmup,1,newRoot,SetActive_pair,1,43.7,43.7,43.7,43.7,1,93065.0,93065.0,93065,93065
player01-a923265f,IL2CPP,ac74cac748fd6e6ebd6d35c6cdd90d5b116a231b61a1104ebdec526eee938e26,character,warmup,1,newRoot,buildtotal,1,52.8,52.8,52.8,52.8,1,111470.0,111470.0,111470,111470
player01-a923265f,IL2CPP,ac74cac748fd6e6ebd6d35c6cdd90d5b116a231b61a1104ebdec526eee938e26,character,warmup,1,newRoot,colliders+,1,11.5,11.5,11.5,11.5,1,24538.0,24538.0,24538,24538
player01-a923265f,IL2CPP,ac74cac748fd6e6ebd6d35c6cdd90d5b116a231b61a1104ebdec526eee938e26,character,warmup,1,newRoot,colliders-,1,8.1,8.1,8.1,8.1,1,17367.0,17367.0,17367,17367
player01-a923265f,IL2CPP,ac74cac748fd6e6ebd6d35c6cdd90d5b116a231b61a1104ebdec526eee938e26,character,warmup,1,newRoot,colliders_pair,1,19.6,19.6,19.6,19.6,1,41905.0,41905.0,41905,41905
player01-a923265f,IL2CPP,ac74cac748fd6e6ebd6d35c6cdd90d5b116a231b61a1104ebdec526eee938e26,character,warmup,1,newRoot,newRoot+,1,2.0,2.0,2.0,2.0,1,4411.0,4411.0,4411,4411
player01-a923265f,IL2CPP,ac74cac748fd6e6ebd6d35c6cdd90d5b116a231b61a1104ebdec526eee938e26,character,warmup,1,newRoot,newRoot-,1,4.5,4.5,4.5,4.5,1,9760.0,9760.0,9760,9760
player01-a923265f,IL2CPP,ac74cac748fd6e6ebd6d35c6cdd90d5b116a231b61a1104ebdec526eee938e26,character,warmup,1,newRoot,newRoot_pair,1,6.5,6.5,6.5,6.5,1,14171.0,14171.0,14171,14171
player01-a923265f,IL2CPP,ac74cac748fd6e6ebd6d35c6cdd90d5b116a231b61a1104ebdec526eee938e26,character,warmup,1,newRoot,objects+,1,6.9,6.9,6.9,6.9,1,14782.0,14782.0,14782,14782
player01-a923265f,IL2CPP,ac74cac748fd6e6ebd6d35c6cdd90d5b116a231b61a1104ebdec526eee938e26,character,warmup,1,newRoot,objects-,1,13.2,13.2,13.2,13.2,1,28138.0,28138.0,28138,28138
player01-a923265f,IL2CPP,ac74cac748fd6e6ebd6d35c6cdd90d5b116a231b61a1104ebdec526eee938e26,character,warmup,1,newRoot,objects_pair,1,20.1,20.1,20.1,20.1,1,42920.0,42920.0,42920,42920
player01-a923265f,IL2CPP,ac74cac748fd6e6ebd6d35c6cdd90d5b116a231b61a1104ebdec526eee938e26,character,warmup,1,newRoot,publishtotal,1,59.3,59.3,59.3,59.3,1,125005.0,125005.0,125005,125005
player01-a923265f,IL2CPP,ac74cac748fd6e6ebd6d35c6cdd90d5b116a231b61a1104ebdec526eee938e26,character,warmup,2,newRoot,BuildPublish,1,131.1,131.1,131.1,131.1,1,277098.0,277098.0,277098,277098
player01-a923265f,IL2CPP,ac74cac748fd6e6ebd6d35c6cdd90d5b116a231b61a1104ebdec526eee938e26,character,warmup,2,newRoot,BuildSide+,1,32.1,32.1,32.1,32.1,1,67433.0,67433.0,67433,67433
player01-a923265f,IL2CPP,ac74cac748fd6e6ebd6d35c6cdd90d5b116a231b61a1104ebdec526eee938e26,character,warmup,2,newRoot,BuildSide-,1,16.9,16.9,16.9,16.9,1,35329.0,35329.0,35329,35329
player01-a923265f,IL2CPP,ac74cac748fd6e6ebd6d35c6cdd90d5b116a231b61a1104ebdec526eee938e26,character,warmup,2,newRoot,BuildSide_pair,1,49.0,49.0,49.0,49.0,1,102762.0,102762.0,102762,102762
player01-a923265f,IL2CPP,ac74cac748fd6e6ebd6d35c6cdd90d5b116a231b61a1104ebdec526eee938e26,character,warmup,2,newRoot,SetActive+,1,33.9,33.9,33.9,33.9,1,71810.0,71810.0,71810,71810
player01-a923265f,IL2CPP,ac74cac748fd6e6ebd6d35c6cdd90d5b116a231b61a1104ebdec526eee938e26,character,warmup,2,newRoot,SetActive-,1,11.5,11.5,11.5,11.5,1,24661.0,24661.0,24661,24661
player01-a923265f,IL2CPP,ac74cac748fd6e6ebd6d35c6cdd90d5b116a231b61a1104ebdec526eee938e26,character,warmup,2,newRoot,SetActive_pair,1,45.4,45.4,45.4,45.4,1,96471.0,96471.0,96471,96471
player01-a923265f,IL2CPP,ac74cac748fd6e6ebd6d35c6cdd90d5b116a231b61a1104ebdec526eee938e26,character,warmup,2,newRoot,buildtotal,1,68.2,68.2,68.2,68.2,1,144447.0,144447.0,144447,144447
player01-a923265f,IL2CPP,ac74cac748fd6e6ebd6d35c6cdd90d5b116a231b61a1104ebdec526eee938e26,character,warmup,2,newRoot,colliders+,1,13.1,13.1,13.1,13.1,1,28091.0,28091.0,28091,28091
player01-a923265f,IL2CPP,ac74cac748fd6e6ebd6d35c6cdd90d5b116a231b61a1104ebdec526eee938e26,character,warmup,2,newRoot,colliders-,1,8.5,8.5,8.5,8.5,1,18289.0,18289.0,18289,18289
player01-a923265f,IL2CPP,ac74cac748fd6e6ebd6d35c6cdd90d5b116a231b61a1104ebdec526eee938e26,character,warmup,2,newRoot,colliders_pair,1,21.6,21.6,21.6,21.6,1,46380.0,46380.0,46380,46380
player01-a923265f,IL2CPP,ac74cac748fd6e6ebd6d35c6cdd90d5b116a231b61a1104ebdec526eee938e26,character,warmup,2,newRoot,newRoot+,1,4.6,4.6,4.6,4.6,1,10152.0,10152.0,10152,10152
player01-a923265f,IL2CPP,ac74cac748fd6e6ebd6d35c6cdd90d5b116a231b61a1104ebdec526eee938e26,character,warmup,2,newRoot,newRoot-,1,2.1,2.1,2.1,2.1,1,4677.0,4677.0,4677,4677
player01-a923265f,IL2CPP,ac74cac748fd6e6ebd6d35c6cdd90d5b116a231b61a1104ebdec526eee938e26,character,warmup,2,newRoot,newRoot_pair,1,6.7,6.7,6.7,6.7,1,14829.0,14829.0,14829,14829
player01-a923265f,IL2CPP,ac74cac748fd6e6ebd6d35c6cdd90d5b116a231b61a1104ebdec526eee938e26,character,warmup,2,newRoot,objects+,1,17.3,17.3,17.3,17.3,1,36742.0,36742.0,36742,36742
player01-a923265f,IL2CPP,ac74cac748fd6e6ebd6d35c6cdd90d5b116a231b61a1104ebdec526eee938e26,character,warmup,2,newRoot,objects-,1,7.5,7.5,7.5,7.5,1,16008.0,16008.0,16008,16008
player01-a923265f,IL2CPP,ac74cac748fd6e6ebd6d35c6cdd90d5b116a231b61a1104ebdec526eee938e26,character,warmup,2,newRoot,objects_pair,1,24.8,24.8,24.8,24.8,1,52750.0,52750.0,52750,52750
player01-a923265f,IL2CPP,ac74cac748fd6e6ebd6d35c6cdd90d5b116a231b61a1104ebdec526eee938e26,character,warmup,2,newRoot,publishtotal,1,62.9,62.9,62.9,62.9,1,132651.0,132651.0,132651,132651
player01-a923265f,IL2CPP,ac74cac748fd6e6ebd6d35c6cdd90d5b116a231b61a1104ebdec526eee938e26,character,warmup,3,newRoot,BuildPublish,1,168.7,168.7,168.7,168.7,1,345148.0,345148.0,345148,345148
player01-a923265f,IL2CPP,ac74cac748fd6e6ebd6d35c6cdd90d5b116a231b61a1104ebdec526eee938e26,character,warmup,3,newRoot,BuildSide+,1,19.9,19.9,19.9,19.9,1,41777.0,41777.0,41777,41777
player01-a923265f,IL2CPP,ac74cac748fd6e6ebd6d35c6cdd90d5b116a231b61a1104ebdec526eee938e26,character,warmup,3,newRoot,BuildSide-,1,38.6,38.6,38.6,38.6,1,81427.0,81427.0,81427,81427
player01-a923265f,IL2CPP,ac74cac748fd6e6ebd6d35c6cdd90d5b116a231b61a1104ebdec526eee938e26,character,warmup,3,newRoot,BuildSide_pair,1,58.5,58.5,58.5,58.5,1,123204.0,123204.0,123204,123204
player01-a923265f,IL2CPP,ac74cac748fd6e6ebd6d35c6cdd90d5b116a231b61a1104ebdec526eee938e26,character,warmup,3,newRoot,SetActive+,1,48.9,48.9,48.9,48.9,1,103787.0,103787.0,103787,103787
player01-a923265f,IL2CPP,ac74cac748fd6e6ebd6d35c6cdd90d5b116a231b61a1104ebdec526eee938e26,character,warmup,3,newRoot,SetActive-,1,11.9,11.9,11.9,11.9,1,25457.0,25457.0,25457,25457
player01-a923265f,IL2CPP,ac74cac748fd6e6ebd6d35c6cdd90d5b116a231b61a1104ebdec526eee938e26,character,warmup,3,newRoot,SetActive_pair,1,60.8,60.8,60.8,60.8,1,129244.0,129244.0,129244,129244
player01-a923265f,IL2CPP,ac74cac748fd6e6ebd6d35c6cdd90d5b116a231b61a1104ebdec526eee938e26,character,warmup,3,newRoot,buildtotal,1,79.3,79.3,79.3,79.3,1,167527.0,167527.0,167527,167527
player01-a923265f,IL2CPP,ac74cac748fd6e6ebd6d35c6cdd90d5b116a231b61a1104ebdec526eee938e26,character,warmup,3,newRoot,colliders+,1,12.3,12.3,12.3,12.3,1,26231.0,26231.0,26231,26231
player01-a923265f,IL2CPP,ac74cac748fd6e6ebd6d35c6cdd90d5b116a231b61a1104ebdec526eee938e26,character,warmup,3,newRoot,colliders-,1,10.6,10.6,10.6,10.6,1,22613.0,22613.0,22613,22613
player01-a923265f,IL2CPP,ac74cac748fd6e6ebd6d35c6cdd90d5b116a231b61a1104ebdec526eee938e26,character,warmup,3,newRoot,colliders_pair,1,22.9,22.9,22.9,22.9,1,48844.0,48844.0,48844,48844
player01-a923265f,IL2CPP,ac74cac748fd6e6ebd6d35c6cdd90d5b116a231b61a1104ebdec526eee938e26,character,warmup,3,newRoot,newRoot+,1,2.1,2.1,2.1,2.1,1,4636.0,4636.0,4636,4636
player01-a923265f,IL2CPP,ac74cac748fd6e6ebd6d35c6cdd90d5b116a231b61a1104ebdec526eee938e26,character,warmup,3,newRoot,newRoot-,1,11.2,11.2,11.2,11.2,1,23967.0,23967.0,23967,23967
player01-a923265f,IL2CPP,ac74cac748fd6e6ebd6d35c6cdd90d5b116a231b61a1104ebdec526eee938e26,character,warmup,3,newRoot,newRoot_pair,1,13.3,13.3,13.3,13.3,1,28603.0,28603.0,28603,28603
player01-a923265f,IL2CPP,ac74cac748fd6e6ebd6d35c6cdd90d5b116a231b61a1104ebdec526eee938e26,character,warmup,3,newRoot,objects+,1,6.9,6.9,6.9,6.9,1,14729.0,14729.0,14729,14729
player01-a923265f,IL2CPP,ac74cac748fd6e6ebd6d35c6cdd90d5b116a231b61a1104ebdec526eee938e26,character,warmup,3,newRoot,objects-,1,26.8,26.8,26.8,26.8,1,56682.0,56682.0,56682,56682
player01-a923265f,IL2CPP,ac74cac748fd6e6ebd6d35c6cdd90d5b116a231b61a1104ebdec526eee938e26,character,warmup,3,newRoot,objects_pair,1,33.7,33.7,33.7,33.7,1,71411.0,71411.0,71411,71411
player01-a923265f,IL2CPP,ac74cac748fd6e6ebd6d35c6cdd90d5b116a231b61a1104ebdec526eee938e26,character,warmup,3,newRoot,publishtotal,1,89.4,89.4,89.4,89.4,1,177621.0,177621.0,177621,177621
player10-f0ebe111,IL2CPP,ac74cac748fd6e6ebd6d35c6cdd90d5b116a231b61a1104ebdec526eee938e26,box,measured,0,newRoot,BuildPublish,8,78.94999999999999,87.81,74.4,89.7,8,166993.5,185664.5,158391,189658
player10-f0ebe111,IL2CPP,ac74cac748fd6e6ebd6d35c6cdd90d5b116a231b61a1104ebdec526eee938e26,box,measured,0,newRoot,BuildSide+,8,19.5,21.465,17.9,21.5,8,40963.0,45321.1,37679,45508
player10-f0ebe111,IL2CPP,ac74cac748fd6e6ebd6d35c6cdd90d5b116a231b61a1104ebdec526eee938e26,box,measured,0,newRoot,BuildSide-,8,9.0,9.495,8.5,9.6,8,18974.5,19932.95,17768,20074
player10-f0ebe111,IL2CPP,ac74cac748fd6e6ebd6d35c6cdd90d5b116a231b61a1104ebdec526eee938e26,box,measured,0,newRoot,BuildSide_pair,8,28.35,30.224999999999998,27.0,30.4,8,59521.0,63748.2,56846,64290
player10-f0ebe111,IL2CPP,ac74cac748fd6e6ebd6d35c6cdd90d5b116a231b61a1104ebdec526eee938e26,box,measured,0,newRoot,SetActive+,8,13.6,16.075,12.4,16.6,8,29039.5,34189.799999999996,26532,35286
player10-f0ebe111,IL2CPP,ac74cac748fd6e6ebd6d35c6cdd90d5b116a231b61a1104ebdec526eee938e26,box,measured,0,newRoot,SetActive-,8,9.1,10.209999999999999,8.7,10.7,8,19596.5,21895.199999999997,18775,22941
player10-f0ebe111,IL2CPP,ac74cac748fd6e6ebd6d35c6cdd90d5b116a231b61a1104ebdec526eee938e26,box,measured,0,newRoot,SetActive_pair,8,22.65,26.075,21.4,27.3,8,48595.0,55672.7,45971,58227
player10-f0ebe111,IL2CPP,ac74cac748fd6e6ebd6d35c6cdd90d5b116a231b61a1104ebdec526eee938e26,box,measured,0,newRoot,buildtotal,8,44.35,48.525,42.0,49.4,8,94173.0,102771.34999999999,89987,104542
player10-f0ebe111,IL2CPP,ac74cac748fd6e6ebd6d35c6cdd90d5b116a231b61a1104ebdec526eee938e26,box,measured,0,newRoot,colliders+,8,1.85,2.195,1.7,2.3,8,4151.5,5026.95,3944,5259
player10-f0ebe111,IL2CPP,ac74cac748fd6e6ebd6d35c6cdd90d5b116a231b61a1104ebdec526eee938e26,box,measured,0,newRoot,colliders-,8,0.9,0.965,0.8,1.0,8,2096.5,2341.15,2014,2408
player10-f0ebe111,IL2CPP,ac74cac748fd6e6ebd6d35c6cdd90d5b116a231b61a1104ebdec526eee938e26,box,measured,0,newRoot,colliders_pair,8,2.75,3.03,2.5,3.1,8,6401.0,7070.45,5958,7306
player10-f0ebe111,IL2CPP,ac74cac748fd6e6ebd6d35c6cdd90d5b116a231b61a1104ebdec526eee938e26,box,measured,0,newRoot,newRoot+,8,4.4,5.13,4.2,5.2,8,9720.0,11202.5,9191,11332
player10-f0ebe111,IL2CPP,ac74cac748fd6e6ebd6d35c6cdd90d5b116a231b61a1104ebdec526eee938e26,box,measured,0,newRoot,newRoot-,8,2.1,2.565,2.0,2.6,8,4685.5,5677.45,4318,5787
player10-f0ebe111,IL2CPP,ac74cac748fd6e6ebd6d35c6cdd90d5b116a231b61a1104ebdec526eee938e26,box,measured,0,newRoot,newRoot_pair,8,6.800000000000001,7.194999999999999,6.2,7.3,8,14994.5,15820.4,13732,15980
player10-f0ebe111,IL2CPP,ac74cac748fd6e6ebd6d35c6cdd90d5b116a231b61a1104ebdec526eee938e26,box,measured,0,newRoot,objects+,8,16.200000000000003,17.86,15.0,18.0,8,34386.0,37785.5,31955,38083
player10-f0ebe111,IL2CPP,ac74cac748fd6e6ebd6d35c6cdd90d5b116a231b61a1104ebdec526eee938e26,box,measured,0,newRoot,objects-,8,7.45,7.965,6.9,8.0,8,15960.5,17033.8,14848,17178
player10-f0ebe111,IL2CPP,ac74cac748fd6e6ebd6d35c6cdd90d5b116a231b61a1104ebdec526eee938e26,box,measured,0,newRoot,objects_pair,8,23.65,25.119999999999997,22.6,25.4,8,50332.0,53335.65,48134,53945
player10-f0ebe111,IL2CPP,ac74cac748fd6e6ebd6d35c6cdd90d5b116a231b61a1104ebdec526eee938e26,box,measured,0,newRoot,publishtotal,8,35.55,39.285,32.4,40.3,8,74984.0,82893.15,68289,85116
player10-f0ebe111,IL2CPP,ac74cac748fd6e6ebd6d35c6cdd90d5b116a231b61a1104ebdec526eee938e26,box,measured,1,newRoot,BuildPublish,8,86.7,138.20499999999998,78.0,157.0,8,179515.0,258656.09999999998,164689,279955
player10-f0ebe111,IL2CPP,ac74cac748fd6e6ebd6d35c6cdd90d5b116a231b61a1104ebdec526eee938e26,box,measured,1,newRoot,BuildSide+,8,9.399999999999999,10.225,8.6,10.4,8,19844.0,21449.8,17946,21797
player10-f0ebe111,IL2CPP,ac74cac748fd6e6ebd6d35c6cdd90d5b116a231b61a1104ebdec526eee938e26,box,measured,1,newRoot,BuildSide-,8,20.55,24.55,18.6,25.6,8,43230.5,51804.75,39189,54092
player10-f0ebe111,IL2CPP,ac74cac748fd6e6ebd6d35c6cdd90d5b116a231b61a1104ebdec526eee938e26,box,measured,1,newRoot,BuildSide_pair,8,30.3,33.765,27.2,34.5,8,63797.0,71198.55,57135,72769
player10-f0ebe111,IL2CPP,ac74cac748fd6e6ebd6d35c6cdd90d5b116a231b61a1104ebdec526eee938e26,box,measured,1,newRoot,SetActive+,8,14.15,43.744999999999976,12.6,56.8,8,30136.0,72845.59999999998,26748,90473
player10-f0ebe111,IL2CPP,ac74cac748fd6e6ebd6d35c6cdd90d5b116a231b61a1104ebdec526eee938e26,box,measured,1,newRoot,SetActive-,8,9.65,11.195,8.7,11.3,8,20665.0,24128.85,18560,24265
player10-f0ebe111,IL2CPP,ac74cac748fd6e6ebd6d35c6cdd90d5b116a231b61a1104ebdec526eee938e26,box,measured,1,newRoot,SetActive_pair,8,24.5,54.35999999999998,21.3,67.8,8,51996.0,96179.09999999998,45542,114349
player10-f0ebe111,IL2CPP,ac74cac748fd6e6ebd6d35c6cdd90d5b116a231b61a1104ebdec526eee938e26,box,measured,1,newRoot,buildtotal,8,46.5,53.0,44.1,53.0,8,98315.0,112701.8,93035,112965
player10-f0ebe111,IL2CPP,ac74cac748fd6e6ebd6d35c6cdd90d5b116a231b61a1104ebdec526eee938e26,box,measured,1,newRoot,colliders+,8,1.0,1.365,0.9,1.4,8,2366.0,3178.35,2161,3269
player10-f0ebe111,IL2CPP,ac74cac748fd6e6ebd6d35c6cdd90d5b116a231b61a1104ebdec526eee938e26,box,measured,1,newRoot,colliders-,8,2.0,2.395,1.7,2.5,8,4484.5,5412.9,4029,5639
player10-f0ebe111,IL2CPP,ac74cac748fd6e6ebd6d35c6cdd90d5b116a231b61a1104ebdec526eee938e26,box,measured,1,newRoot,colliders_pair,8,3.1500000000000004,3.4,2.7,3.4,8,7227.5,7868.15,6351,7949
player10-f0ebe111,IL2CPP,ac74cac748fd6e6ebd6d35c6cdd90d5b116a231b61a1104ebdec526eee938e26,box,measured,1,newRoot,newRoot+,8,2.35,2.695,2.0,2.8,8,5264.5,5947.599999999999,4424,6117
player10-f0ebe111,IL2CPP,ac74cac748fd6e6ebd6d35c6cdd90d5b116a231b61a1104ebdec526eee938e26,box,measured,1,newRoot,newRoot-,8,4.949999999999999,7.2799999999999985,4.1,8.4,8,11115.5,15798.749999999996,9061,18191
player10-f0ebe111,IL2CPP,ac74cac748fd6e6ebd6d35c6cdd90d5b116a231b61a1104ebdec526eee938e26,box,measured,1,newRoot,newRoot_pair,8,7.6,9.584999999999997,6.1,10.6,8,16697.0,21006.949999999997,13693,23206
player10-f0ebe111,IL2CPP,ac74cac748fd6e6ebd6d35c6cdd90d5b116a231b61a1104ebdec526eee938e26,box,measured,1,newRoot,objects+,8,7.6,8.365,6.9,8.4,8,16163.5,17830.45,14654,17926
player10-f0ebe111,IL2CPP,ac74cac748fd6e6ebd6d35c6cdd90d5b116a231b61a1104ebdec526eee938e26,box,measured,1,newRoot,objects-,8,17.25,20.65,15.6,21.7,8,36543.0,43819.5,33040,46126
player10-f0ebe111,IL2CPP,ac74cac748fd6e6ebd6d35c6cdd90d5b116a231b61a1104ebdec526eee938e26,box,measured,1,newRoot,objects_pair,8,25.1,28.299999999999997,22.5,29.0,8,53474.5,60069.799999999996,47694,61621
player10-f0ebe111,IL2CPP,ac74cac748fd6e6ebd6d35c6cdd90d5b116a231b61a1104ebdec526eee938e26,box,measured,1,newRoot,publishtotal,8,38.7,87.02499999999998,33.9,106.8,8,81200.0,149802.34999999998,71464,173315
player10-f0ebe111,IL2CPP,ac74cac748fd6e6ebd6d35c6cdd90d5b116a231b61a1104ebdec526eee938e26,box,measured,2,newRoot,BuildPublish,8,80.55,86.08500000000001,75.9,86.4,8,170375.5,181619.2,160356,182427
player10-f0ebe111,IL2CPP,ac74cac748fd6e6ebd6d35c6cdd90d5b116a231b61a1104ebdec526eee938e26,box,measured,2,newRoot,BuildSide+,8,19.9,22.855,18.8,23.1,8,41917.5,48085.299999999996,39555,48653
player10-f0ebe111,IL2CPP,ac74cac748fd6e6ebd6d35c6cdd90d5b116a231b61a1104ebdec526eee938e26,box,measured,2,newRoot,BuildSide-,8,8.8,11.649999999999999,8.5,12.7,8,18546.5,24496.149999999998,17822,26719
player10-f0ebe111,IL2CPP,ac74cac748fd6e6ebd6d35c6cdd90d5b116a231b61a1104ebdec526eee938e26,box,measured,2,newRoot,BuildSide_pair,8,29.15,34.12,27.5,35.1,8,61275.5,71763.05,57775,73750
player10-f0ebe111,IL2CPP,ac74cac748fd6e6ebd6d35c6cdd90d5b116a231b61a1104ebdec526eee938e26,box,measured,2,newRoot,SetActive+,8,18.95,20.065,17.6,20.1,8,40391.5,42622.25,37611,42666
player10-f0ebe111,IL2CPP,ac74cac748fd6e6ebd6d35c6cdd90d5b116a231b61a1104ebdec526eee938e26,box,measured,2,newRoot,SetActive-,8,3.1,3.2,2.9,3.2,8,6811.0,7016.85,6460,7034
player10-f0ebe111,IL2CPP,ac74cac748fd6e6ebd6d35c6cdd90d5b116a231b61a1104ebdec526eee938e26,box,measured,2,newRoot,SetActive_pair,8,22.1,23.23,20.7,23.3,8,47262.5,49569.45,44384,49700
player10-f0ebe111,IL2CPP,ac74cac748fd6e6ebd6d35c6cdd90d5b116a231b61a1104ebdec526eee938e26,box,measured,2,newRoot,buildtotal,8,45.3,50.26,41.7,50.4,8,96302.0,106086.15,88407,106251
player10-f0ebe111,IL2CPP,ac74cac748fd6e6ebd6d35c6cdd90d5b116a231b61a1104ebdec526eee938e26,box,measured,2,newRoot,colliders+,8,2.0,2.5,1.8,2.5,8,4476.5,5689.4,4089,5765
player10-f0ebe111,IL2CPP,ac74cac748fd6e6ebd6d35c6cdd90d5b116a231b61a1104ebdec526eee938e26,box,measured,2,newRoot,colliders-,8,0.9,1.3899999999999997,0.8,1.6,8,2231.0,3116.2999999999993,2050,3579
player10-f0ebe111,IL2CPP,ac74cac748fd6e6ebd6d35c6cdd90d5b116a231b61a1104ebdec526eee938e26,box,measured,2,newRoot,colliders_pair,8,2.9,3.8549999999999995,2.6,4.1,8,6692.0,8795.9,6139,9344
player10-f0ebe111,IL2CPP,ac74cac748fd6e6ebd6d35c6cdd90d5b116a231b61a1104ebdec526eee938e26,box,measured,2,newRoot,newRoot+,8,4.949999999999999,5.72,4.4,6.0,8,10760.5,12419.199999999999,9562,13017
player10-f0ebe111,IL2CPP,ac74cac748fd6e6ebd6d35c6cdd90d5b116a231b61a1104ebdec526eee938e26,box,measured,2,newRoot,newRoot-,8,2.2,2.5,1.9,2.5,8,4849.5,5636.5,4445,5766
player10-f0ebe111,IL2CPP,ac74cac748fd6e6ebd6d35c6cdd90d5b116a231b61a1104ebdec526eee938e26,box,measured,2,newRoot,newRoot_pair,8,7.15,7.895,6.5,8.0,8,15645.5,17239.75,14406,17462
player10-f0ebe111,IL2CPP,ac74cac748fd6e6ebd6d35c6cdd90d5b116a231b61a1104ebdec526eee938e26,box,measured,2,newRoot,objects+,8,16.65,18.985,15.6,19.3,8,35385.0,40431.799999999996,33293,41087
player10-f0ebe111,IL2CPP,ac74cac748fd6e6ebd6d35c6cdd90d5b116a231b61a1104ebdec526eee938e26,box,measured,2,newRoot,objects-,8,7.25,9.495,6.9,10.3,8,15483.5,20366.299999999996,14734,22047
player10-f0ebe111,IL2CPP,ac74cac748fd6e6ebd6d35c6cdd90d5b116a231b61a1104ebdec526eee938e26,box,measured,2,newRoot,objects_pair,8,24.25,28.104999999999997,22.5,28.7,8,51698.0,59911.7,48027,61262
player10-f0ebe111,IL2CPP,ac74cac748fd6e6ebd6d35c6cdd90d5b116a231b61a1104ebdec526eee938e26,box,measured,2,newRoot,publishtotal,8,35.0,36.364999999999995,33.0,36.4,8,73677.5,76571.05,69408,76647
player10-f0ebe111,IL2CPP,ac74cac748fd6e6ebd6d35c6cdd90d5b116a231b61a1104ebdec526eee938e26,box,measured,3,newRoot,BuildPublish,8,81.8,94.05,73.3,95.1,8,173817.0,200070.35,154969,202709
player10-f0ebe111,IL2CPP,ac74cac748fd6e6ebd6d35c6cdd90d5b116a231b61a1104ebdec526eee938e26,box,measured,3,newRoot,BuildSide+,8,8.8,10.05,8.5,10.4,8,18532.0,21217.6,17782,21947
player10-f0ebe111,IL2CPP,ac74cac748fd6e6ebd6d35c6cdd90d5b116a231b61a1104ebdec526eee938e26,box,measured,3,newRoot,BuildSide-,8,19.75,24.91,18.2,26.1,8,41556.0,52513.149999999994,38272,55086
player10-f0ebe111,IL2CPP,ac74cac748fd6e6ebd6d35c6cdd90d5b116a231b61a1104ebdec526eee938e26,box,measured,3,newRoot,BuildSide_pair,8,28.75,34.03,27.2,35.5,8,60564.0,71706.25,57001,74949
player10-f0ebe111,IL2CPP,ac74cac748fd6e6ebd6d35c6cdd90d5b116a231b61a1104ebdec526eee938e26,box,measured,3,newRoot,SetActive+,8,19.45,22.915,16.8,23.3,8,41389.5,48827.5,35907,49706
player10-f0ebe111,IL2CPP,ac74cac748fd6e6ebd6d35c6cdd90d5b116a231b61a1104ebdec526eee938e26,box,measured,3,newRoot,SetActive-,8,3.2,3.5949999999999998,3.1,3.7,8,6979.5,7970.45,6800,8150
player10-f0ebe111,IL2CPP,ac74cac748fd6e6ebd6d35c6cdd90d5b116a231b61a1104ebdec526eee938e26,box,measured,3,newRoot,SetActive_pair,8,22.65,26.474999999999998,19.9,27.0,8,48353.5,56658.65,42871,57856
player10-f0ebe111,IL2CPP,ac74cac748fd6e6ebd6d35c6cdd90d5b116a231b61a1104ebdec526eee938e26,box,measured,3,newRoot,buildtotal,8,45.5,51.989999999999995,41.7,53.6,8,96455.5,111428.9,88336,115351
player10-f0ebe111,IL2CPP,ac74cac748fd6e6ebd6d35c6cdd90d5b116a231b61a1104ebdec526eee938e26,box,measured,3,newRoot,colliders+,8,1.0,1.0,0.9,1.0,8,2340.5,2460.6,2204,2469
player10-f0ebe111,IL2CPP,ac74cac748fd6e6ebd6d35c6cdd90d5b116a231b61a1104ebdec526eee938e26,box,measured,3,newRoot,colliders-,8,1.9500000000000002,2.5949999999999998,1.8,2.7,8,4366.0,5835.299999999999,4047,6130
player10-f0ebe111,IL2CPP,ac74cac748fd6e6ebd6d35c6cdd90d5b116a231b61a1104ebdec526eee938e26,box,measured,3,newRoot,colliders_pair,8,2.9,3.4949999999999997,2.8,3.6,8,6673.5,8093.9,6437,8418
player10-f0ebe111,IL2CPP,ac74cac748fd6e6ebd6d35c6cdd90d5b116a231b61a1104ebdec526eee938e26,box,measured,3,newRoot,newRoot+,8,2.1,2.73,1.8,2.8,8,4656.0,6066.8,4072,6211
player10-f0ebe111,IL2CPP,ac74cac748fd6e6ebd6d35c6cdd90d5b116a231b61a1104ebdec526eee938e26,box,measured,3,newRoot,newRoot-,8,4.4,6.664999999999999,3.9,7.4,8,9742.0,14678.549999999997,8613,15976
player10-f0ebe111,IL2CPP,ac74cac748fd6e6ebd6d35c6cdd90d5b116a231b61a1104ebdec526eee938e26,box,measured,3,newRoot,newRoot_pair,8,6.9,8.759999999999998,6.0,9.6,8,15289.0,19514.499999999996,13221,21016
player10-f0ebe111,IL2CPP,ac74cac748fd6e6ebd6d35c6cdd90d5b116a231b61a1104ebdec526eee938e26,box,measured,3,newRoot,objects+,8,7.199999999999999,8.485,6.8,8.8,8,15393.5,18007.449999999997,14608,18691
player10-f0ebe111,IL2CPP,ac74cac748fd6e6ebd6d35c6cdd90d5b116a231b61a1104ebdec526eee938e26,box,measured,3,newRoot,objects-,8,16.65,21.125,15.2,22.0,8,35225.5,44930.149999999994,32276,46894
player10-f0ebe111,IL2CPP,ac74cac748fd6e6ebd6d35c6cdd90d5b116a231b61a1104ebdec526eee938e26,box,measured,3,newRoot,objects_pair,8,24.1,28.639999999999997,22.3,29.9,8,51186.5,60923.7,47560,63632
player10-f0ebe111,IL2CPP,ac74cac748fd6e6ebd6d35c6cdd90d5b116a231b61a1104ebdec526eee938e26,box,measured,3,newRoot,publishtotal,8,35.400000000000006,42.54,31.6,43.1,8,74630.5,89741.55,66633,91025
player10-f0ebe111,IL2CPP,ac74cac748fd6e6ebd6d35c6cdd90d5b116a231b61a1104ebdec526eee938e26,box,warmup,0,newRoot,BuildPublish,1,81.7,81.7,81.7,81.7,1,172943.0,172943.0,172943,172943
player10-f0ebe111,IL2CPP,ac74cac748fd6e6ebd6d35c6cdd90d5b116a231b61a1104ebdec526eee938e26,box,warmup,0,newRoot,BuildSide+,1,18.3,18.3,18.3,18.3,1,38394.0,38394.0,38394,38394
player10-f0ebe111,IL2CPP,ac74cac748fd6e6ebd6d35c6cdd90d5b116a231b61a1104ebdec526eee938e26,box,warmup,0,newRoot,BuildSide-,1,9.4,9.4,9.4,9.4,1,19787.0,19787.0,19787,19787
player10-f0ebe111,IL2CPP,ac74cac748fd6e6ebd6d35c6cdd90d5b116a231b61a1104ebdec526eee938e26,box,warmup,0,newRoot,BuildSide_pair,1,27.7,27.7,27.7,27.7,1,58181.0,58181.0,58181,58181
player10-f0ebe111,IL2CPP,ac74cac748fd6e6ebd6d35c6cdd90d5b116a231b61a1104ebdec526eee938e26,box,warmup,0,newRoot,SetActive+,1,13.5,13.5,13.5,13.5,1,28820.0,28820.0,28820,28820
player10-f0ebe111,IL2CPP,ac74cac748fd6e6ebd6d35c6cdd90d5b116a231b61a1104ebdec526eee938e26,box,warmup,0,newRoot,SetActive-,1,8.6,8.6,8.6,8.6,1,18549.0,18549.0,18549,18549
player10-f0ebe111,IL2CPP,ac74cac748fd6e6ebd6d35c6cdd90d5b116a231b61a1104ebdec526eee938e26,box,warmup,0,newRoot,SetActive_pair,1,22.1,22.1,22.1,22.1,1,47369.0,47369.0,47369,47369
player10-f0ebe111,IL2CPP,ac74cac748fd6e6ebd6d35c6cdd90d5b116a231b61a1104ebdec526eee938e26,box,warmup,0,newRoot,buildtotal,1,44.6,44.6,44.6,44.6,1,94788.0,94788.0,94788,94788
player10-f0ebe111,IL2CPP,ac74cac748fd6e6ebd6d35c6cdd90d5b116a231b61a1104ebdec526eee938e26,box,warmup,0,newRoot,colliders+,1,1.8,1.8,1.8,1.8,1,4078.0,4078.0,4078,4078
player10-f0ebe111,IL2CPP,ac74cac748fd6e6ebd6d35c6cdd90d5b116a231b61a1104ebdec526eee938e26,box,warmup,0,newRoot,colliders-,1,1.0,1.0,1.0,1.0,1,2404.0,2404.0,2404,2404
player10-f0ebe111,IL2CPP,ac74cac748fd6e6ebd6d35c6cdd90d5b116a231b61a1104ebdec526eee938e26,box,warmup,0,newRoot,colliders_pair,1,2.8,2.8,2.8,2.8,1,6482.0,6482.0,6482,6482
player10-f0ebe111,IL2CPP,ac74cac748fd6e6ebd6d35c6cdd90d5b116a231b61a1104ebdec526eee938e26,box,warmup,0,newRoot,newRoot+,1,4.2,4.2,4.2,4.2,1,9122.0,9122.0,9122,9122
player10-f0ebe111,IL2CPP,ac74cac748fd6e6ebd6d35c6cdd90d5b116a231b61a1104ebdec526eee938e26,box,warmup,0,newRoot,newRoot-,1,2.6,2.6,2.6,2.6,1,5650.0,5650.0,5650,5650
player10-f0ebe111,IL2CPP,ac74cac748fd6e6ebd6d35c6cdd90d5b116a231b61a1104ebdec526eee938e26,box,warmup,0,newRoot,newRoot_pair,1,6.8,6.8,6.8,6.8,1,14772.0,14772.0,14772,14772
player10-f0ebe111,IL2CPP,ac74cac748fd6e6ebd6d35c6cdd90d5b116a231b61a1104ebdec526eee938e26,box,warmup,0,newRoot,objects+,1,15.2,15.2,15.2,15.2,1,32366.0,32366.0,32366,32366
player10-f0ebe111,IL2CPP,ac74cac748fd6e6ebd6d35c6cdd90d5b116a231b61a1104ebdec526eee938e26,box,warmup,0,newRoot,objects-,1,7.8,7.8,7.8,7.8,1,16550.0,16550.0,16550,16550
player10-f0ebe111,IL2CPP,ac74cac748fd6e6ebd6d35c6cdd90d5b116a231b61a1104ebdec526eee938e26,box,warmup,0,newRoot,objects_pair,1,23.0,23.0,23.0,23.0,1,48916.0,48916.0,48916,48916
player10-f0ebe111,IL2CPP,ac74cac748fd6e6ebd6d35c6cdd90d5b116a231b61a1104ebdec526eee938e26,box,warmup,0,newRoot,publishtotal,1,37.1,37.1,37.1,37.1,1,78155.0,78155.0,78155,78155
player10-f0ebe111,IL2CPP,ac74cac748fd6e6ebd6d35c6cdd90d5b116a231b61a1104ebdec526eee938e26,box,warmup,1,newRoot,BuildPublish,1,83.7,83.7,83.7,83.7,1,176795.0,176795.0,176795,176795
player10-f0ebe111,IL2CPP,ac74cac748fd6e6ebd6d35c6cdd90d5b116a231b61a1104ebdec526eee938e26,box,warmup,1,newRoot,BuildSide+,1,9.2,9.2,9.2,9.2,1,19268.0,19268.0,19268,19268
player10-f0ebe111,IL2CPP,ac74cac748fd6e6ebd6d35c6cdd90d5b116a231b61a1104ebdec526eee938e26,box,warmup,1,newRoot,BuildSide-,1,20.5,20.5,20.5,20.5,1,43041.0,43041.0,43041,43041
player10-f0ebe111,IL2CPP,ac74cac748fd6e6ebd6d35c6cdd90d5b116a231b61a1104ebdec526eee938e26,box,warmup,1,newRoot,BuildSide_pair,1,29.7,29.7,29.7,29.7,1,62309.0,62309.0,62309,62309
player10-f0ebe111,IL2CPP,ac74cac748fd6e6ebd6d35c6cdd90d5b116a231b61a1104ebdec526eee938e26,box,warmup,1,newRoot,SetActive+,1,13.2,13.2,13.2,13.2,1,28039.0,28039.0,28039,28039
player10-f0ebe111,IL2CPP,ac74cac748fd6e6ebd6d35c6cdd90d5b116a231b61a1104ebdec526eee938e26,box,warmup,1,newRoot,SetActive-,1,9.7,9.7,9.7,9.7,1,20775.0,20775.0,20775,20775
player10-f0ebe111,IL2CPP,ac74cac748fd6e6ebd6d35c6cdd90d5b116a231b61a1104ebdec526eee938e26,box,warmup,1,newRoot,SetActive_pair,1,22.9,22.9,22.9,22.9,1,48814.0,48814.0,48814,48814
player10-f0ebe111,IL2CPP,ac74cac748fd6e6ebd6d35c6cdd90d5b116a231b61a1104ebdec526eee938e26,box,warmup,1,newRoot,buildtotal,1,47.9,47.9,47.9,47.9,1,101361.0,101361.0,101361,101361
player10-f0ebe111,IL2CPP,ac74cac748fd6e6ebd6d35c6cdd90d5b116a231b61a1104ebdec526eee938e26,box,warmup,1,newRoot,colliders+,1,1.3,1.3,1.3,1.3,1,3054.0,3054.0,3054,3054
player10-f0ebe111,IL2CPP,ac74cac748fd6e6ebd6d35c6cdd90d5b116a231b61a1104ebdec526eee938e26,box,warmup,1,newRoot,colliders-,1,2.0,2.0,2.0,2.0,1,4469.0,4469.0,4469,4469
player10-f0ebe111,IL2CPP,ac74cac748fd6e6ebd6d35c6cdd90d5b116a231b61a1104ebdec526eee938e26,box,warmup,1,newRoot,colliders_pair,1,3.3,3.3,3.3,3.3,1,7523.0,7523.0,7523,7523
player10-f0ebe111,IL2CPP,ac74cac748fd6e6ebd6d35c6cdd90d5b116a231b61a1104ebdec526eee938e26,box,warmup,1,newRoot,newRoot+,1,2.1,2.1,2.1,2.1,1,4736.0,4736.0,4736,4736
player10-f0ebe111,IL2CPP,ac74cac748fd6e6ebd6d35c6cdd90d5b116a231b61a1104ebdec526eee938e26,box,warmup,1,newRoot,newRoot-,1,5.3,5.3,5.3,5.3,1,11470.0,11470.0,11470,11470
player10-f0ebe111,IL2CPP,ac74cac748fd6e6ebd6d35c6cdd90d5b116a231b61a1104ebdec526eee938e26,box,warmup,1,newRoot,newRoot_pair,1,7.4,7.4,7.4,7.4,1,16206.0,16206.0,16206,16206
player10-f0ebe111,IL2CPP,ac74cac748fd6e6ebd6d35c6cdd90d5b116a231b61a1104ebdec526eee938e26,box,warmup,1,newRoot,objects+,1,7.2,7.2,7.2,7.2,1,15355.0,15355.0,15355,15355
player10-f0ebe111,IL2CPP,ac74cac748fd6e6ebd6d35c6cdd90d5b116a231b61a1104ebdec526eee938e26,box,warmup,1,newRoot,objects-,1,17.2,17.2,17.2,17.2,1,36482.0,36482.0,36482,36482
player10-f0ebe111,IL2CPP,ac74cac748fd6e6ebd6d35c6cdd90d5b116a231b61a1104ebdec526eee938e26,box,warmup,1,newRoot,objects_pair,1,24.4,24.4,24.4,24.4,1,51837.0,51837.0,51837,51837
player10-f0ebe111,IL2CPP,ac74cac748fd6e6ebd6d35c6cdd90d5b116a231b61a1104ebdec526eee938e26,box,warmup,1,newRoot,publishtotal,1,35.8,35.8,35.8,35.8,1,75434.0,75434.0,75434,75434
player10-f0ebe111,IL2CPP,ac74cac748fd6e6ebd6d35c6cdd90d5b116a231b61a1104ebdec526eee938e26,box,warmup,2,newRoot,BuildPublish,1,113.9,113.9,113.9,113.9,1,240133.0,240133.0,240133,240133
player10-f0ebe111,IL2CPP,ac74cac748fd6e6ebd6d35c6cdd90d5b116a231b61a1104ebdec526eee938e26,box,warmup,2,newRoot,BuildSide+,1,28.3,28.3,28.3,28.3,1,59465.0,59465.0,59465,59465
player10-f0ebe111,IL2CPP,ac74cac748fd6e6ebd6d35c6cdd90d5b116a231b61a1104ebdec526eee938e26,box,warmup,2,newRoot,BuildSide-,1,10.3,10.3,10.3,10.3,1,21623.0,21623.0,21623,21623
player10-f0ebe111,IL2CPP,ac74cac748fd6e6ebd6d35c6cdd90d5b116a231b61a1104ebdec526eee938e26,box,warmup,2,newRoot,BuildSide_pair,1,38.6,38.6,38.6,38.6,1,81088.0,81088.0,81088,81088
player10-f0ebe111,IL2CPP,ac74cac748fd6e6ebd6d35c6cdd90d5b116a231b61a1104ebdec526eee938e26,box,warmup,2,newRoot,SetActive+,1,30.4,30.4,30.4,30.4,1,64511.0,64511.0,64511,64511
player10-f0ebe111,IL2CPP,ac74cac748fd6e6ebd6d35c6cdd90d5b116a231b61a1104ebdec526eee938e26,box,warmup,2,newRoot,SetActive-,1,3.3,3.3,3.3,3.3,1,7182.0,7182.0,7182,7182
player10-f0ebe111,IL2CPP,ac74cac748fd6e6ebd6d35c6cdd90d5b116a231b61a1104ebdec526eee938e26,box,warmup,2,newRoot,SetActive_pair,1,33.7,33.7,33.7,33.7,1,71693.0,71693.0,71693,71693
player10-f0ebe111,IL2CPP,ac74cac748fd6e6ebd6d35c6cdd90d5b116a231b61a1104ebdec526eee938e26,box,warmup,2,newRoot,buildtotal,1,58.3,58.3,58.3,58.3,1,122896.0,122896.0,122896,122896
player10-f0ebe111,IL2CPP,ac74cac748fd6e6ebd6d35c6cdd90d5b116a231b61a1104ebdec526eee938e26,box,warmup,2,newRoot,colliders+,1,2.3,2.3,2.3,2.3,1,5245.0,5245.0,5245,5245
player10-f0ebe111,IL2CPP,ac74cac748fd6e6ebd6d35c6cdd90d5b116a231b61a1104ebdec526eee938e26,box,warmup,2,newRoot,colliders-,1,1.2,1.2,1.2,1.2,1,2791.0,2791.0,2791,2791
player10-f0ebe111,IL2CPP,ac74cac748fd6e6ebd6d35c6cdd90d5b116a231b61a1104ebdec526eee938e26,box,warmup,2,newRoot,colliders_pair,1,3.5,3.5,3.5,3.5,1,8036.0,8036.0,8036,8036
player10-f0ebe111,IL2CPP,ac74cac748fd6e6ebd6d35c6cdd90d5b116a231b61a1104ebdec526eee938e26,box,warmup,2,newRoot,newRoot+,1,7.5,7.5,7.5,7.5,1,16295.0,16295.0,16295,16295
player10-f0ebe111,IL2CPP,ac74cac748fd6e6ebd6d35c6cdd90d5b116a231b61a1104ebdec526eee938e26,box,warmup,2,newRoot,newRoot-,1,2.7,2.7,2.7,2.7,1,5848.0,5848.0,5848,5848
player10-f0ebe111,IL2CPP,ac74cac748fd6e6ebd6d35c6cdd90d5b116a231b61a1104ebdec526eee938e26,box,warmup,2,newRoot,newRoot_pair,1,10.2,10.2,10.2,10.2,1,22143.0,22143.0,22143,22143
player10-f0ebe111,IL2CPP,ac74cac748fd6e6ebd6d35c6cdd90d5b116a231b61a1104ebdec526eee938e26,box,warmup,2,newRoot,objects+,1,22.8,22.8,22.8,22.8,1,48411.0,48411.0,48411,48411
player10-f0ebe111,IL2CPP,ac74cac748fd6e6ebd6d35c6cdd90d5b116a231b61a1104ebdec526eee938e26,box,warmup,2,newRoot,objects-,1,8.4,8.4,8.4,8.4,1,17850.0,17850.0,17850,17850
player10-f0ebe111,IL2CPP,ac74cac748fd6e6ebd6d35c6cdd90d5b116a231b61a1104ebdec526eee938e26,box,warmup,2,newRoot,objects_pair,1,31.2,31.2,31.2,31.2,1,66261.0,66261.0,66261,66261
player10-f0ebe111,IL2CPP,ac74cac748fd6e6ebd6d35c6cdd90d5b116a231b61a1104ebdec526eee938e26,box,warmup,2,newRoot,publishtotal,1,55.6,55.6,55.6,55.6,1,117237.0,117237.0,117237,117237
player10-f0ebe111,IL2CPP,ac74cac748fd6e6ebd6d35c6cdd90d5b116a231b61a1104ebdec526eee938e26,box,warmup,3,newRoot,BuildPublish,1,83.4,83.4,83.4,83.4,1,175910.0,175910.0,175910,175910
player10-f0ebe111,IL2CPP,ac74cac748fd6e6ebd6d35c6cdd90d5b116a231b61a1104ebdec526eee938e26,box,warmup,3,newRoot,BuildSide+,1,10.1,10.1,10.1,10.1,1,21247.0,21247.0,21247,21247
player10-f0ebe111,IL2CPP,ac74cac748fd6e6ebd6d35c6cdd90d5b116a231b61a1104ebdec526eee938e26,box,warmup,3,newRoot,BuildSide-,1,20.6,20.6,20.6,20.6,1,43355.0,43355.0,43355,43355
player10-f0ebe111,IL2CPP,ac74cac748fd6e6ebd6d35c6cdd90d5b116a231b61a1104ebdec526eee938e26,box,warmup,3,newRoot,BuildSide_pair,1,30.7,30.7,30.7,30.7,1,64602.0,64602.0,64602,64602
player10-f0ebe111,IL2CPP,ac74cac748fd6e6ebd6d35c6cdd90d5b116a231b61a1104ebdec526eee938e26,box,warmup,3,newRoot,SetActive+,1,21.9,21.9,21.9,21.9,1,46712.0,46712.0,46712,46712
player10-f0ebe111,IL2CPP,ac74cac748fd6e6ebd6d35c6cdd90d5b116a231b61a1104ebdec526eee938e26,box,warmup,3,newRoot,SetActive-,1,3.4,3.4,3.4,3.4,1,7553.0,7553.0,7553,7553
player10-f0ebe111,IL2CPP,ac74cac748fd6e6ebd6d35c6cdd90d5b116a231b61a1104ebdec526eee938e26,box,warmup,3,newRoot,SetActive_pair,1,25.3,25.3,25.3,25.3,1,54265.0,54265.0,54265,54265
player10-f0ebe111,IL2CPP,ac74cac748fd6e6ebd6d35c6cdd90d5b116a231b61a1104ebdec526eee938e26,box,warmup,3,newRoot,buildtotal,1,45.2,45.2,45.2,45.2,1,95337.0,95337.0,95337,95337
player10-f0ebe111,IL2CPP,ac74cac748fd6e6ebd6d35c6cdd90d5b116a231b61a1104ebdec526eee938e26,box,warmup,3,newRoot,colliders+,1,2.2,2.2,2.2,2.2,1,4998.0,4998.0,4998,4998
player10-f0ebe111,IL2CPP,ac74cac748fd6e6ebd6d35c6cdd90d5b116a231b61a1104ebdec526eee938e26,box,warmup,3,newRoot,colliders-,1,1.8,1.8,1.8,1.8,1,4102.0,4102.0,4102,4102
player10-f0ebe111,IL2CPP,ac74cac748fd6e6ebd6d35c6cdd90d5b116a231b61a1104ebdec526eee938e26,box,warmup,3,newRoot,colliders_pair,1,4.0,4.0,4.0,4.0,1,9100.0,9100.0,9100,9100
player10-f0ebe111,IL2CPP,ac74cac748fd6e6ebd6d35c6cdd90d5b116a231b61a1104ebdec526eee938e26,box,warmup,3,newRoot,newRoot+,1,2.4,2.4,2.4,2.4,1,5305.0,5305.0,5305,5305
player10-f0ebe111,IL2CPP,ac74cac748fd6e6ebd6d35c6cdd90d5b116a231b61a1104ebdec526eee938e26,box,warmup,3,newRoot,newRoot-,1,5.0,5.0,5.0,5.0,1,11006.0,11006.0,11006,11006
player10-f0ebe111,IL2CPP,ac74cac748fd6e6ebd6d35c6cdd90d5b116a231b61a1104ebdec526eee938e26,box,warmup,3,newRoot,newRoot_pair,1,7.4,7.4,7.4,7.4,1,16311.0,16311.0,16311,16311
player10-f0ebe111,IL2CPP,ac74cac748fd6e6ebd6d35c6cdd90d5b116a231b61a1104ebdec526eee938e26,box,warmup,3,newRoot,objects+,1,7.2,7.2,7.2,7.2,1,15360.0,15360.0,15360,15360
player10-f0ebe111,IL2CPP,ac74cac748fd6e6ebd6d35c6cdd90d5b116a231b61a1104ebdec526eee938e26,box,warmup,3,newRoot,objects-,1,17.0,17.0,17.0,17.0,1,36135.0,36135.0,36135,36135
player10-f0ebe111,IL2CPP,ac74cac748fd6e6ebd6d35c6cdd90d5b116a231b61a1104ebdec526eee938e26,box,warmup,3,newRoot,objects_pair,1,24.2,24.2,24.2,24.2,1,51495.0,51495.0,51495,51495
player10-f0ebe111,IL2CPP,ac74cac748fd6e6ebd6d35c6cdd90d5b116a231b61a1104ebdec526eee938e26,box,warmup,3,newRoot,publishtotal,1,38.2,38.2,38.2,38.2,1,80573.0,80573.0,80573,80573
player10-f0ebe111,IL2CPP,ac74cac748fd6e6ebd6d35c6cdd90d5b116a231b61a1104ebdec526eee938e26,character,measured,0,newRoot,BuildPublish,8,125.80000000000001,132.16500000000002,122.5,132.9,8,265885.0,280079.65,258588,281627
player10-f0ebe111,IL2CPP,ac74cac748fd6e6ebd6d35c6cdd90d5b116a231b61a1104ebdec526eee938e26,character,measured,0,newRoot,BuildSide+,8,31.15,33.055,30.1,33.3,8,65649.5,69687.15,63397,70209
player10-f0ebe111,IL2CPP,ac74cac748fd6e6ebd6d35c6cdd90d5b116a231b61a1104ebdec526eee938e26,character,measured,0,newRoot,BuildSide-,8,15.45,16.22,14.7,16.5,8,32450.0,34078.549999999996,30951,34690
player10-f0ebe111,IL2CPP,ac74cac748fd6e6ebd6d35c6cdd90d5b116a231b61a1104ebdec526eee938e26,character,measured,0,newRoot,BuildSide_pair,8,46.2,48.995,45.6,49.1,8,97287.0,103189.95,95882,103408
player10-f0ebe111,IL2CPP,ac74cac748fd6e6ebd6d35c6cdd90d5b116a231b61a1104ebdec526eee938e26,character,measured,0,newRoot,SetActive+,8,26.6,28.595,26.1,28.7,8,56497.5,60690.25,55407,60944
player10-f0ebe111,IL2CPP,ac74cac748fd6e6ebd6d35c6cdd90d5b116a231b61a1104ebdec526eee938e26,character,measured,0,newRoot,SetActive-,8,17.6,19.27,17.2,19.9,8,37495.5,41020.35,36569,42301
player10-f0ebe111,IL2CPP,ac74cac748fd6e6ebd6d35c6cdd90d5b116a231b61a1104ebdec526eee938e26,character,measured,0,newRoot,SetActive_pair,8,44.9,46.43,43.4,46.5,8,95467.5,98647.8,92261,98764
player10-f0ebe111,IL2CPP,ac74cac748fd6e6ebd6d35c6cdd90d5b116a231b61a1104ebdec526eee938e26,character,measured,0,newRoot,buildtotal,8,64.0,68.235,61.6,68.9,8,135246.5,145512.0,130188,147010
player10-f0ebe111,IL2CPP,ac74cac748fd6e6ebd6d35c6cdd90d5b116a231b61a1104ebdec526eee938e26,character,measured,0,newRoot,colliders+,8,13.1,14.365,12.5,14.4,8,27984.0,30688.55,26732,30782
player10-f0ebe111,IL2CPP,ac74cac748fd6e6ebd6d35c6cdd90d5b116a231b61a1104ebdec526eee938e26,character,measured,0,newRoot,colliders-,8,7.85,8.295,7.3,8.4,8,16810.5,17849.65,15748,18095
player10-f0ebe111,IL2CPP,ac74cac748fd6e6ebd6d35c6cdd90d5b116a231b61a1104ebdec526eee938e26,character,measured,0,newRoot,colliders_pair,8,21.049999999999997,22.23,19.9,22.3,8,44956.0,47498.0,42647,47589
player10-f0ebe111,IL2CPP,ac74cac748fd6e6ebd6d35c6cdd90d5b116a231b61a1104ebdec526eee938e26,character,measured,0,newRoot,newRoot+,8,4.699999999999999,5.63,4.2,5.7,8,10297.0,12242.3,9157,12432
player10-f0ebe111,IL2CPP,ac74cac748fd6e6ebd6d35c6cdd90d5b116a231b61a1104ebdec526eee938e26,character,measured,0,newRoot,newRoot-,8,2.05,2.23,1.9,2.3,8,4587.5,5072.7,4192,5219
player10-f0ebe111,IL2CPP,ac74cac748fd6e6ebd6d35c6cdd90d5b116a231b61a1104ebdec526eee938e26,character,measured,0,newRoot,newRoot_pair,8,6.75,7.824999999999999,6.1,8.0,8,14975.0,17199.5,13585,17651
player10-f0ebe111,IL2CPP,ac74cac748fd6e6ebd6d35c6cdd90d5b116a231b61a1104ebdec526eee938e26,character,measured,0,newRoot,objects+,8,16.35,17.6,15.7,17.6,8,34757.0,37522.8,33218,37527
player10-f0ebe111,IL2CPP,ac74cac748fd6e6ebd6d35c6cdd90d5b116a231b61a1104ebdec526eee938e26,character,measured,0,newRoot,objects-,8,6.85,7.2299999999999995,6.6,7.3,8,14771.0,15522.1,14301,15709
player10-f0ebe111,IL2CPP,ac74cac748fd6e6ebd6d35c6cdd90d5b116a231b61a1104ebdec526eee938e26,character,measured,0,newRoot,objects_pair,8,23.15,24.83,22.5,24.9,8,49356.0,53041.3,47888,53224
player10-f0ebe111,IL2CPP,ac74cac748fd6e6ebd6d35c6cdd90d5b116a231b61a1104ebdec526eee938e26,character,measured,0,newRoot,publishtotal,8,62.0,63.93,59.9,64.0,8,130818.0,134567.65,126282,134617
player10-f0ebe111,IL2CPP,ac74cac748fd6e6ebd6d35c6cdd90d5b116a231b61a1104ebdec526eee938e26,character,measured,1,newRoot,BuildPublish,8,133.45,137.275,126.6,137.8,8,282075.0,290179.85,267328,290820
player10-f0ebe111,IL2CPP,ac74cac748fd6e6ebd6d35c6cdd90d5b116a231b61a1104ebdec526eee938e26,character,measured,1,newRoot,BuildSide+,8,20.299999999999997,22.044999999999998,18.9,22.5,8,42625.5,46275.4,39564,47268
player10-f0ebe111,IL2CPP,ac74cac748fd6e6ebd6d35c6cdd90d5b116a231b61a1104ebdec526eee938e26,character,measured,1,newRoot,BuildSide-,8,27.35,29.455,25.2,29.7,8,57625.0,62068.9,53097,62603
player10-f0ebe111,IL2CPP,ac74cac748fd6e6ebd6d35c6cdd90d5b116a231b61a1104ebdec526eee938e26,character,measured,1,newRoot,BuildSide_pair,8,47.4,50.055,45.4,50.3,8,99510.5,105387.3,95439,105906
player10-f0ebe111,IL2CPP,ac74cac748fd6e6ebd6d35c6cdd90d5b116a231b61a1104ebdec526eee938e26,character,measured,1,newRoot,SetActive+,8,28.05,34.019999999999996,27.2,34.3,8,59589.5,72264.05,57752,72795
player10-f0ebe111,IL2CPP,ac74cac748fd6e6ebd6d35c6cdd90d5b116a231b61a1104ebdec526eee938e26,character,measured,1,newRoot,SetActive-,8,18.25,19.43,17.5,19.5,8,38855.5,41418.1,37406,41535
player10-f0ebe111,IL2CPP,ac74cac748fd6e6ebd6d35c6cdd90d5b116a231b61a1104ebdec526eee938e26,character,measured,1,newRoot,SetActive_pair,8,46.75,52.475,44.9,53.0,8,99510.5,111617.3,95482,112689
player10-f0ebe111,IL2CPP,ac74cac748fd6e6ebd6d35c6cdd90d5b116a231b61a1104ebdec526eee938e26,character,measured,1,newRoot,buildtotal,8,65.7,69.63,63.7,69.7,8,138817.5,147761.7,135607,148006
player10-f0ebe111,IL2CPP,ac74cac748fd6e6ebd6d35c6cdd90d5b116a231b61a1104ebdec526eee938e26,character,measured,1,newRoot,colliders+,8,11.850000000000001,12.95,11.4,13.3,8,25296.5,27656.55,24385,28352
player10-f0ebe111,IL2CPP,ac74cac748fd6e6ebd6d35c6cdd90d5b116a231b61a1104ebdec526eee938e26,character,measured,1,newRoot,colliders-,8,9.05,10.284999999999998,8.7,10.6,8,19466.0,21852.85,18631,22479
player10-f0ebe111,IL2CPP,ac74cac748fd6e6ebd6d35c6cdd90d5b116a231b61a1104ebdec526eee938e26,character,measured,1,newRoot,colliders_pair,8,21.1,22.259999999999998,20.7,22.4,8,45037.5,47473.75,44185,47738
player10-f0ebe111,IL2CPP,ac74cac748fd6e6ebd6d35c6cdd90d5b116a231b61a1104ebdec526eee938e26,character,measured,1,newRoot,newRoot+,8,2.0,2.46,1.9,2.6,8,4568.5,5475.249999999999,4353,5841
player10-f0ebe111,IL2CPP,ac74cac748fd6e6ebd6d35c6cdd90d5b116a231b61a1104ebdec526eee938e26,character,measured,1,newRoot,newRoot-,8,4.6,6.449999999999999,4.2,6.8,8,10090.5,13889.8,9261,14636
player10-f0ebe111,IL2CPP,ac74cac748fd6e6ebd6d35c6cdd90d5b116a231b61a1104ebdec526eee938e26,character,measured,1,newRoot,newRoot_pair,8,6.75,8.52,6.3,8.8,8,14909.5,18418.649999999998,14114,19021
player10-f0ebe111,IL2CPP,ac74cac748fd6e6ebd6d35c6cdd90d5b116a231b61a1104ebdec526eee938e26,character,measured,1,newRoot,objects+,8,7.199999999999999,9.229999999999999,6.6,10.0,8,15332.5,19654.299999999996,14240,21251
player10-f0ebe111,IL2CPP,ac74cac748fd6e6ebd6d35c6cdd90d5b116a231b61a1104ebdec526eee938e26,character,measured,1,newRoot,objects-,8,16.55,18.455,15.2,18.7,8,35129.0,39099.55,32317,39613
player10-f0ebe111,IL2CPP,ac74cac748fd6e6ebd6d35c6cdd90d5b116a231b61a1104ebdec526eee938e26,character,measured,1,newRoot,objects_pair,8,24.05,26.785,22.5,27.1,8,51105.5,56835.95,47782,57537
player10-f0ebe111,IL2CPP,ac74cac748fd6e6ebd6d35c6cdd90d5b116a231b61a1104ebdec526eee938e26,character,measured,1,newRoot,publishtotal,8,66.8,70.52,61.7,70.8,8,140822.0,148709.9,130101,149230
player10-f0ebe111,IL2CPP,ac74cac748fd6e6ebd6d35c6cdd90d5b116a231b61a1104ebdec526eee938e26,character,measured,2,newRoot,BuildPublish,8,129.8,133.72,121.3,134.0,8,274178.0,282421.65,256126,283192
player10-f0ebe111,IL2CPP,ac74cac748fd6e6ebd6d35c6cdd90d5b116a231b61a1104ebdec526eee938e26,character,measured,2,newRoot,BuildSide+,8,30.75,33.705,29.3,34.3,8,64733.5,70890.05,61689,72184
player10-f0ebe111,IL2CPP,ac74cac748fd6e6ebd6d35c6cdd90d5b116a231b61a1104ebdec526eee938e26,character,measured,2,newRoot,BuildSide-,8,15.350000000000001,15.765,14.7,15.8,8,32187.0,33144.1,30843,33198
player10-f0ebe111,IL2CPP,ac74cac748fd6e6ebd6d35c6cdd90d5b116a231b61a1104ebdec526eee938e26,character,measured,2,newRoot,BuildSide_pair,8,46.1,49.295,44.0,50.1,8,97027.0,103588.95,92532,105382
player10-f0ebe111,IL2CPP,ac74cac748fd6e6ebd6d35c6cdd90d5b116a231b61a1104ebdec526eee938e26,character,measured,2,newRoot,SetActive+,8,34.05,36.71,32.8,37.2,8,72285.5,77880.15,69494,78864
player10-f0ebe111,IL2CPP,ac74cac748fd6e6ebd6d35c6cdd90d5b116a231b61a1104ebdec526eee938e26,character,measured,2,newRoot,SetActive-,8,11.45,11.924999999999999,10.6,12.1,8,24502.5,25540.8,22703,25923
player10-f0ebe111,IL2CPP,ac74cac748fd6e6ebd6d35c6cdd90d5b116a231b61a1104ebdec526eee938e26,character,measured,2,newRoot,SetActive_pair,8,45.4,48.599999999999994,43.4,49.3,8,96372.5,103348.5,92197,104787
player10-f0ebe111,IL2CPP,ac74cac748fd6e6ebd6d35c6cdd90d5b116a231b61a1104ebdec526eee938e26,character,measured,2,newRoot,buildtotal,8,65.15,68.61,61.0,69.8,8,137750.5,145210.8,128958,147903
player10-f0ebe111,IL2CPP,ac74cac748fd6e6ebd6d35c6cdd90d5b116a231b61a1104ebdec526eee938e26,character,measured,2,newRoot,colliders+,8,13.15,13.9,12.6,13.9,8,28139.5,29769.65,26746,29826
player10-f0ebe111,IL2CPP,ac74cac748fd6e6ebd6d35c6cdd90d5b116a231b61a1104ebdec526eee938e26,character,measured,2,newRoot,colliders-,8,7.5,7.665,7.3,7.7,8,16119.0,16539.55,15679,16640
player10-f0ebe111,IL2CPP,ac74cac748fd6e6ebd6d35c6cdd90d5b116a231b61a1104ebdec526eee938e26,character,measured,2,newRoot,colliders_pair,8,20.7,21.565,19.9,21.6,8,44321.0,46309.2,42568,46466
player10-f0ebe111,IL2CPP,ac74cac748fd6e6ebd6d35c6cdd90d5b116a231b61a1104ebdec526eee938e26,character,measured,2,newRoot,newRoot+,8,5.0,5.8549999999999995,4.5,6.1,8,10958.5,12727.449999999999,9800,13222
player10-f0ebe111,IL2CPP,ac74cac748fd6e6ebd6d35c6cdd90d5b116a231b61a1104ebdec526eee938e26,character,measured,2,newRoot,newRoot-,8,2.05,2.36,1.9,2.5,8,4560.5,5220.25,4156,5495
player10-f0ebe111,IL2CPP,ac74cac748fd6e6ebd6d35c6cdd90d5b116a231b61a1104ebdec526eee938e26,character,measured,2,newRoot,newRoot_pair,8,7.1,7.924999999999999,6.4,8.1,8,15654.0,17341.899999999998,13956,17687
player10-f0ebe111,IL2CPP,ac74cac748fd6e6ebd6d35c6cdd90d5b116a231b61a1104ebdec526eee938e26,character,measured,2,newRoot,objects+,8,16.3,18.439999999999998,15.4,19.0,8,34679.5,39032.85,32976,40205
player10-f0ebe111,IL2CPP,ac74cac748fd6e6ebd6d35c6cdd90d5b116a231b61a1104ebdec526eee938e26,character,measured,2,newRoot,objects-,8,7.2,7.365,6.6,7.4,8,15407.5,15824.85,14116,15863
player10-f0ebe111,IL2CPP,ac74cac748fd6e6ebd6d35c6cdd90d5b116a231b61a1104ebdec526eee938e26,character,measured,2,newRoot,objects_pair,8,23.3,25.53,22.0,26.3,8,49641.5,54316.049999999996,47092,55827
player10-f0ebe111,IL2CPP,ac74cac748fd6e6ebd6d35c6cdd90d5b116a231b61a1104ebdec526eee938e26,character,measured,2,newRoot,publishtotal,8,63.85,66.24,58.9,66.8,8,134570.0,139622.55,124292,140780
player10-f0ebe111,IL2CPP,ac74cac748fd6e6ebd6d35c6cdd90d5b116a231b61a1104ebdec526eee938e26,character,measured,3,newRoot,BuildPublish,8,125.1,133.62,123.7,134.6,8,264865.5,282382.35,261062,284454
player10-f0ebe111,IL2CPP,ac74cac748fd6e6ebd6d35c6cdd90d5b116a231b61a1104ebdec526eee938e26,character,measured,3,newRoot,BuildSide+,8,19.5,21.765,19.0,21.8,8,40955.5,45725.45,39905,45870
player10-f0ebe111,IL2CPP,ac74cac748fd6e6ebd6d35c6cdd90d5b116a231b61a1104ebdec526eee938e26,character,measured,3,newRoot,BuildSide-,8,26.7,28.645,25.9,29.1,8,56316.0,60437.25,54405,61342
player10-f0ebe111,IL2CPP,ac74cac748fd6e6ebd6d35c6cdd90d5b116a231b61a1104ebdec526eee938e26,character,measured,3,newRoot,BuildSide_pair,8,46.400000000000006,49.15,45.1,49.5,8,97617.0,103508.4,94830,104214
player10-f0ebe111,IL2CPP,ac74cac748fd6e6ebd6d35c6cdd90d5b116a231b61a1104ebdec526eee938e26,character,measured,3,newRoot,SetActive+,8,33.35,35.555,33.1,35.8,8,70804.5,75443.1,70151,76071
player10-f0ebe111,IL2CPP,ac74cac748fd6e6ebd6d35c6cdd90d5b116a231b61a1104ebdec526eee938e26,character,measured,3,newRoot,SetActive-,8,11.2,11.495,10.8,11.6,8,23993.5,24623.75,22955,24853
player10-f0ebe111,IL2CPP,ac74cac748fd6e6ebd6d35c6cdd90d5b116a231b61a1104ebdec526eee938e26,character,measured,3,newRoot,SetActive_pair,8,44.75,46.754999999999995,43.9,47.0,8,95163.5,99503.6,93153,100100
player10-f0ebe111,IL2CPP,ac74cac748fd6e6ebd6d35c6cdd90d5b116a231b61a1104ebdec526eee938e26,character,measured,3,newRoot,buildtotal,8,63.45,69.08,62.6,70.2,8,134851.0,146127.6,132084,148481
player10-f0ebe111,IL2CPP,ac74cac748fd6e6ebd6d35c6cdd90d5b116a231b61a1104ebdec526eee938e26,character,measured,3,newRoot,colliders+,8,11.9,13.239999999999998,11.3,13.8,8,25425.5,28214.1,24128,29451
player10-f0ebe111,IL2CPP,ac74cac748fd6e6ebd6d35c6cdd90d5b116a231b61a1104ebdec526eee938e26,character,measured,3,newRoot,colliders-,8,9.15,10.33,8.6,10.4,8,19636.0,22145.25,18372,22266
player10-f0ebe111,IL2CPP,ac74cac748fd6e6ebd6d35c6cdd90d5b116a231b61a1104ebdec526eee938e26,character,measured,3,newRoot,colliders_pair,8,21.549999999999997,22.66,20.0,22.8,8,46058.0,48507.5,42641,48868
player10-f0ebe111,IL2CPP,ac74cac748fd6e6ebd6d35c6cdd90d5b116a231b61a1104ebdec526eee938e26,character,measured,3,newRoot,newRoot+,8,2.2,2.3,1.9,2.3,8,4832.5,5266.4,4370,5272
player10-f0ebe111,IL2CPP,ac74cac748fd6e6ebd6d35c6cdd90d5b116a231b61a1104ebdec526eee938e26,character,measured,3,newRoot,newRoot-,8,4.6,5.26,4.3,5.4,8,10102.5,11585.949999999999,9436,11895
player10-f0ebe111,IL2CPP,ac74cac748fd6e6ebd6d35c6cdd90d5b116a231b61a1104ebdec526eee938e26,character,measured,3,newRoot,newRoot_pair,8,6.8,7.3,6.2,7.3,8,15026.5,16180.3,13891,16265
player10-f0ebe111,IL2CPP,ac74cac748fd6e6ebd6d35c6cdd90d5b116a231b61a1104ebdec526eee938e26,character,measured,3,newRoot,objects+,8,7.05,8.44,6.5,9.0,8,15083.0,17896.05,13939,19008
player10-f0ebe111,IL2CPP,ac74cac748fd6e6ebd6d35c6cdd90d5b116a231b61a1104ebdec526eee938e26,character,measured,3,newRoot,objects-,8,16.05,17.395,15.1,17.5,8,34098.5,36959.25,32126,37192
player10-f0ebe111,IL2CPP,ac74cac748fd6e6ebd6d35c6cdd90d5b116a231b61a1104ebdec526eee938e26,character,measured,3,newRoot,objects_pair,8,23.549999999999997,24.425,21.9,24.6,8,49993.5,51878.9,46691,52280
player10-f0ebe111,IL2CPP,ac74cac748fd6e6ebd6d35c6cdd90d5b116a231b61a1104ebdec526eee938e26,character,measured,3,newRoot,publishtotal,8,61.3,64.66,60.4,64.8,8,129402.5,136496.25,127356,136778
player10-f0ebe111,IL2CPP,ac74cac748fd6e6ebd6d35c6cdd90d5b116a231b61a1104ebdec526eee938e26,character,warmup,0,newRoot,BuildPublish,1,121.3,121.3,121.3,121.3,1,255852.0,255852.0,255852,255852
player10-f0ebe111,IL2CPP,ac74cac748fd6e6ebd6d35c6cdd90d5b116a231b61a1104ebdec526eee938e26,character,warmup,0,newRoot,BuildSide+,1,29.8,29.8,29.8,29.8,1,62567.0,62567.0,62567,62567
player10-f0ebe111,IL2CPP,ac74cac748fd6e6ebd6d35c6cdd90d5b116a231b61a1104ebdec526eee938e26,character,warmup,0,newRoot,BuildSide-,1,15.5,15.5,15.5,15.5,1,32457.0,32457.0,32457,32457
player10-f0ebe111,IL2CPP,ac74cac748fd6e6ebd6d35c6cdd90d5b116a231b61a1104ebdec526eee938e26,character,warmup,0,newRoot,BuildSide_pair,1,45.3,45.3,45.3,45.3,1,95024.0,95024.0,95024,95024
player10-f0ebe111,IL2CPP,ac74cac748fd6e6ebd6d35c6cdd90d5b116a231b61a1104ebdec526eee938e26,character,warmup,0,newRoot,SetActive+,1,26.8,26.8,26.8,26.8,1,56750.0,56750.0,56750,56750
player10-f0ebe111,IL2CPP,ac74cac748fd6e6ebd6d35c6cdd90d5b116a231b61a1104ebdec526eee938e26,character,warmup,0,newRoot,SetActive-,1,17.5,17.5,17.5,17.5,1,37176.0,37176.0,37176,37176
player10-f0ebe111,IL2CPP,ac74cac748fd6e6ebd6d35c6cdd90d5b116a231b61a1104ebdec526eee938e26,character,warmup,0,newRoot,SetActive_pair,1,44.3,44.3,44.3,44.3,1,93926.0,93926.0,93926,93926
player10-f0ebe111,IL2CPP,ac74cac748fd6e6ebd6d35c6cdd90d5b116a231b61a1104ebdec526eee938e26,character,warmup,0,newRoot,buildtotal,1,61.4,61.4,61.4,61.4,1,129472.0,129472.0,129472,129472
player10-f0ebe111,IL2CPP,ac74cac748fd6e6ebd6d35c6cdd90d5b116a231b61a1104ebdec526eee938e26,character,warmup,0,newRoot,colliders+,1,13.1,13.1,13.1,13.1,1,27893.0,27893.0,27893,27893
player10-f0ebe111,IL2CPP,ac74cac748fd6e6ebd6d35c6cdd90d5b116a231b61a1104ebdec526eee938e26,character,warmup,0,newRoot,colliders-,1,7.7,7.7,7.7,7.7,1,16745.0,16745.0,16745,16745
player10-f0ebe111,IL2CPP,ac74cac748fd6e6ebd6d35c6cdd90d5b116a231b61a1104ebdec526eee938e26,character,warmup,0,newRoot,colliders_pair,1,20.8,20.8,20.8,20.8,1,44638.0,44638.0,44638,44638
player10-f0ebe111,IL2CPP,ac74cac748fd6e6ebd6d35c6cdd90d5b116a231b61a1104ebdec526eee938e26,character,warmup,0,newRoot,newRoot+,1,4.7,4.7,4.7,4.7,1,10159.0,10159.0,10159,10159
player10-f0ebe111,IL2CPP,ac74cac748fd6e6ebd6d35c6cdd90d5b116a231b61a1104ebdec526eee938e26,character,warmup,0,newRoot,newRoot-,1,2.0,2.0,2.0,2.0,1,4527.0,4527.0,4527,4527
player10-f0ebe111,IL2CPP,ac74cac748fd6e6ebd6d35c6cdd90d5b116a231b61a1104ebdec526eee938e26,character,warmup,0,newRoot,newRoot_pair,1,6.7,6.7,6.7,6.7,1,14686.0,14686.0,14686,14686
player10-f0ebe111,IL2CPP,ac74cac748fd6e6ebd6d35c6cdd90d5b116a231b61a1104ebdec526eee938e26,character,warmup,0,newRoot,objects+,1,15.4,15.4,15.4,15.4,1,32847.0,32847.0,32847,32847
player10-f0ebe111,IL2CPP,ac74cac748fd6e6ebd6d35c6cdd90d5b116a231b61a1104ebdec526eee938e26,character,warmup,0,newRoot,objects-,1,6.9,6.9,6.9,6.9,1,14762.0,14762.0,14762,14762
player10-f0ebe111,IL2CPP,ac74cac748fd6e6ebd6d35c6cdd90d5b116a231b61a1104ebdec526eee938e26,character,warmup,0,newRoot,objects_pair,1,22.3,22.3,22.3,22.3,1,47609.0,47609.0,47609,47609
player10-f0ebe111,IL2CPP,ac74cac748fd6e6ebd6d35c6cdd90d5b116a231b61a1104ebdec526eee938e26,character,warmup,0,newRoot,publishtotal,1,59.9,59.9,59.9,59.9,1,126380.0,126380.0,126380,126380
player10-f0ebe111,IL2CPP,ac74cac748fd6e6ebd6d35c6cdd90d5b116a231b61a1104ebdec526eee938e26,character,warmup,1,newRoot,BuildPublish,1,124.7,124.7,124.7,124.7,1,262994.0,262994.0,262994,262994
player10-f0ebe111,IL2CPP,ac74cac748fd6e6ebd6d35c6cdd90d5b116a231b61a1104ebdec526eee938e26,character,warmup,1,newRoot,BuildSide+,1,19.7,19.7,19.7,19.7,1,41314.0,41314.0,41314,41314
player10-f0ebe111,IL2CPP,ac74cac748fd6e6ebd6d35c6cdd90d5b116a231b61a1104ebdec526eee938e26,character,warmup,1,newRoot,BuildSide-,1,26.7,26.7,26.7,26.7,1,56235.0,56235.0,56235,56235
player10-f0ebe111,IL2CPP,ac74cac748fd6e6ebd6d35c6cdd90d5b116a231b61a1104ebdec526eee938e26,character,warmup,1,newRoot,BuildSide_pair,1,46.4,46.4,46.4,46.4,1,97549.0,97549.0,97549,97549
player10-f0ebe111,IL2CPP,ac74cac748fd6e6ebd6d35c6cdd90d5b116a231b61a1104ebdec526eee938e26,character,warmup,1,newRoot,SetActive+,1,25.7,25.7,25.7,25.7,1,54582.0,54582.0,54582,54582
player10-f0ebe111,IL2CPP,ac74cac748fd6e6ebd6d35c6cdd90d5b116a231b61a1104ebdec526eee938e26,character,warmup,1,newRoot,SetActive-,1,18.1,18.1,18.1,18.1,1,38555.0,38555.0,38555,38555
player10-f0ebe111,IL2CPP,ac74cac748fd6e6ebd6d35c6cdd90d5b116a231b61a1104ebdec526eee938e26,character,warmup,1,newRoot,SetActive_pair,1,43.8,43.8,43.8,43.8,1,93137.0,93137.0,93137,93137
player10-f0ebe111,IL2CPP,ac74cac748fd6e6ebd6d35c6cdd90d5b116a231b61a1104ebdec526eee938e26,character,warmup,1,newRoot,buildtotal,1,63.2,63.2,63.2,63.2,1,133409.0,133409.0,133409,133409
player10-f0ebe111,IL2CPP,ac74cac748fd6e6ebd6d35c6cdd90d5b116a231b61a1104ebdec526eee938e26,character,warmup,1,newRoot,colliders+,1,11.7,11.7,11.7,11.7,1,25017.0,25017.0,25017,25017
player10-f0ebe111,IL2CPP,ac74cac748fd6e6ebd6d35c6cdd90d5b116a231b61a1104ebdec526eee938e26,character,warmup,1,newRoot,colliders-,1,9.0,9.0,9.0,9.0,1,19301.0,19301.0,19301,19301
player10-f0ebe111,IL2CPP,ac74cac748fd6e6ebd6d35c6cdd90d5b116a231b61a1104ebdec526eee938e26,character,warmup,1,newRoot,colliders_pair,1,20.7,20.7,20.7,20.7,1,44318.0,44318.0,44318,44318
player10-f0ebe111,IL2CPP,ac74cac748fd6e6ebd6d35c6cdd90d5b116a231b61a1104ebdec526eee938e26,character,warmup,1,newRoot,newRoot+,1,1.9,1.9,1.9,1.9,1,4381.0,4381.0,4381,4381
player10-f0ebe111,IL2CPP,ac74cac748fd6e6ebd6d35c6cdd90d5b116a231b61a1104ebdec526eee938e26,character,warmup,1,newRoot,newRoot-,1,4.4,4.4,4.4,4.4,1,9782.0,9782.0,9782,9782
player10-f0ebe111,IL2CPP,ac74cac748fd6e6ebd6d35c6cdd90d5b116a231b61a1104ebdec526eee938e26,character,warmup,1,newRoot,newRoot_pair,1,6.3,6.3,6.3,6.3,1,14163.0,14163.0,14163,14163
player10-f0ebe111,IL2CPP,ac74cac748fd6e6ebd6d35c6cdd90d5b116a231b61a1104ebdec526eee938e26,character,warmup,1,newRoot,objects+,1,7.2,7.2,7.2,7.2,1,15403.0,15403.0,15403,15403
player10-f0ebe111,IL2CPP,ac74cac748fd6e6ebd6d35c6cdd90d5b116a231b61a1104ebdec526eee938e26,character,warmup,1,newRoot,objects-,1,16.5,16.5,16.5,16.5,1,34983.0,34983.0,34983,34983
player10-f0ebe111,IL2CPP,ac74cac748fd6e6ebd6d35c6cdd90d5b116a231b61a1104ebdec526eee938e26,character,warmup,1,newRoot,objects_pair,1,23.7,23.7,23.7,23.7,1,50386.0,50386.0,50386,50386
player10-f0ebe111,IL2CPP,ac74cac748fd6e6ebd6d35c6cdd90d5b116a231b61a1104ebdec526eee938e26,character,warmup,1,newRoot,publishtotal,1,61.5,61.5,61.5,61.5,1,129585.0,129585.0,129585,129585
player10-f0ebe111,IL2CPP,ac74cac748fd6e6ebd6d35c6cdd90d5b116a231b61a1104ebdec526eee938e26,character,warmup,2,newRoot,BuildPublish,1,146.1,146.1,146.1,146.1,1,308048.0,308048.0,308048,308048
player10-f0ebe111,IL2CPP,ac74cac748fd6e6ebd6d35c6cdd90d5b116a231b61a1104ebdec526eee938e26,character,warmup,2,newRoot,BuildSide+,1,34.8,34.8,34.8,34.8,1,73210.0,73210.0,73210,73210
player10-f0ebe111,IL2CPP,ac74cac748fd6e6ebd6d35c6cdd90d5b116a231b61a1104ebdec526eee938e26,character,warmup,2,newRoot,BuildSide-,1,16.1,16.1,16.1,16.1,1,33669.0,33669.0,33669,33669
player10-f0ebe111,IL2CPP,ac74cac748fd6e6ebd6d35c6cdd90d5b116a231b61a1104ebdec526eee938e26,character,warmup,2,newRoot,BuildSide_pair,1,50.9,50.9,50.9,50.9,1,106879.0,106879.0,106879,106879
player10-f0ebe111,IL2CPP,ac74cac748fd6e6ebd6d35c6cdd90d5b116a231b61a1104ebdec526eee938e26,character,warmup,2,newRoot,SetActive+,1,41.4,41.4,41.4,41.4,1,87662.0,87662.0,87662,87662
player10-f0ebe111,IL2CPP,ac74cac748fd6e6ebd6d35c6cdd90d5b116a231b61a1104ebdec526eee938e26,character,warmup,2,newRoot,SetActive-,1,12.2,12.2,12.2,12.2,1,26271.0,26271.0,26271,26271
player10-f0ebe111,IL2CPP,ac74cac748fd6e6ebd6d35c6cdd90d5b116a231b61a1104ebdec526eee938e26,character,warmup,2,newRoot,SetActive_pair,1,53.6,53.6,53.6,53.6,1,113933.0,113933.0,113933,113933
player10-f0ebe111,IL2CPP,ac74cac748fd6e6ebd6d35c6cdd90d5b116a231b61a1104ebdec526eee938e26,character,warmup,2,newRoot,buildtotal,1,70.0,70.0,70.0,70.0,1,147422.0,147422.0,147422,147422
player10-f0ebe111,IL2CPP,ac74cac748fd6e6ebd6d35c6cdd90d5b116a231b61a1104ebdec526eee938e26,character,warmup,2,newRoot,colliders+,1,14.4,14.4,14.4,14.4,1,30666.0,30666.0,30666,30666
player10-f0ebe111,IL2CPP,ac74cac748fd6e6ebd6d35c6cdd90d5b116a231b61a1104ebdec526eee938e26,character,warmup,2,newRoot,colliders-,1,7.6,7.6,7.6,7.6,1,16408.0,16408.0,16408,16408
player10-f0ebe111,IL2CPP,ac74cac748fd6e6ebd6d35c6cdd90d5b116a231b61a1104ebdec526eee938e26,character,warmup,2,newRoot,colliders_pair,1,22.0,22.0,22.0,22.0,1,47074.0,47074.0,47074,47074
player10-f0ebe111,IL2CPP,ac74cac748fd6e6ebd6d35c6cdd90d5b116a231b61a1104ebdec526eee938e26,character,warmup,2,newRoot,newRoot+,1,5.4,5.4,5.4,5.4,1,11524.0,11524.0,11524,11524
player10-f0ebe111,IL2CPP,ac74cac748fd6e6ebd6d35c6cdd90d5b116a231b61a1104ebdec526eee938e26,character,warmup,2,newRoot,newRoot-,1,2.2,2.2,2.2,2.2,1,4879.0,4879.0,4879,4879
player10-f0ebe111,IL2CPP,ac74cac748fd6e6ebd6d35c6cdd90d5b116a231b61a1104ebdec526eee938e26,character,warmup,2,newRoot,newRoot_pair,1,7.6,7.6,7.6,7.6,1,16403.0,16403.0,16403,16403
player10-f0ebe111,IL2CPP,ac74cac748fd6e6ebd6d35c6cdd90d5b116a231b61a1104ebdec526eee938e26,character,warmup,2,newRoot,objects+,1,17.2,17.2,17.2,17.2,1,36378.0,36378.0,36378,36378
player10-f0ebe111,IL2CPP,ac74cac748fd6e6ebd6d35c6cdd90d5b116a231b61a1104ebdec526eee938e26,character,warmup,2,newRoot,objects-,1,7.6,7.6,7.6,7.6,1,16225.0,16225.0,16225,16225
player10-f0ebe111,IL2CPP,ac74cac748fd6e6ebd6d35c6cdd90d5b116a231b61a1104ebdec526eee938e26,character,warmup,2,newRoot,objects_pair,1,24.8,24.8,24.8,24.8,1,52603.0,52603.0,52603,52603
player10-f0ebe111,IL2CPP,ac74cac748fd6e6ebd6d35c6cdd90d5b116a231b61a1104ebdec526eee938e26,character,warmup,2,newRoot,publishtotal,1,76.1,76.1,76.1,76.1,1,160626.0,160626.0,160626,160626
player10-f0ebe111,IL2CPP,ac74cac748fd6e6ebd6d35c6cdd90d5b116a231b61a1104ebdec526eee938e26,character,warmup,3,newRoot,BuildPublish,1,120.5,120.5,120.5,120.5,1,254274.0,254274.0,254274,254274
player10-f0ebe111,IL2CPP,ac74cac748fd6e6ebd6d35c6cdd90d5b116a231b61a1104ebdec526eee938e26,character,warmup,3,newRoot,BuildSide+,1,19.2,19.2,19.2,19.2,1,40344.0,40344.0,40344,40344
player10-f0ebe111,IL2CPP,ac74cac748fd6e6ebd6d35c6cdd90d5b116a231b61a1104ebdec526eee938e26,character,warmup,3,newRoot,BuildSide-,1,24.8,24.8,24.8,24.8,1,52080.0,52080.0,52080,52080
player10-f0ebe111,IL2CPP,ac74cac748fd6e6ebd6d35c6cdd90d5b116a231b61a1104ebdec526eee938e26,character,warmup,3,newRoot,BuildSide_pair,1,44.0,44.0,44.0,44.0,1,92424.0,92424.0,92424,92424
player10-f0ebe111,IL2CPP,ac74cac748fd6e6ebd6d35c6cdd90d5b116a231b61a1104ebdec526eee938e26,character,warmup,3,newRoot,SetActive+,1,32.4,32.4,32.4,32.4,1,68722.0,68722.0,68722,68722
player10-f0ebe111,IL2CPP,ac74cac748fd6e6ebd6d35c6cdd90d5b116a231b61a1104ebdec526eee938e26,character,warmup,3,newRoot,SetActive-,1,13.2,13.2,13.2,13.2,1,28040.0,28040.0,28040,28040
player10-f0ebe111,IL2CPP,ac74cac748fd6e6ebd6d35c6cdd90d5b116a231b61a1104ebdec526eee938e26,character,warmup,3,newRoot,SetActive_pair,1,45.6,45.6,45.6,45.6,1,96762.0,96762.0,96762,96762
player10-f0ebe111,IL2CPP,ac74cac748fd6e6ebd6d35c6cdd90d5b116a231b61a1104ebdec526eee938e26,character,warmup,3,newRoot,buildtotal,1,58.9,58.9,58.9,58.9,1,124213.0,124213.0,124213,124213
player10-f0ebe111,IL2CPP,ac74cac748fd6e6ebd6d35c6cdd90d5b116a231b61a1104ebdec526eee938e26,character,warmup,3,newRoot,colliders+,1,12.0,12.0,12.0,12.0,1,25446.0,25446.0,25446,25446
player10-f0ebe111,IL2CPP,ac74cac748fd6e6ebd6d35c6cdd90d5b116a231b61a1104ebdec526eee938e26,character,warmup,3,newRoot,colliders-,1,8.4,8.4,8.4,8.4,1,18058.0,18058.0,18058,18058
player10-f0ebe111,IL2CPP,ac74cac748fd6e6ebd6d35c6cdd90d5b116a231b61a1104ebdec526eee938e26,character,warmup,3,newRoot,colliders_pair,1,20.4,20.4,20.4,20.4,1,43504.0,43504.0,43504,43504
player10-f0ebe111,IL2CPP,ac74cac748fd6e6ebd6d35c6cdd90d5b116a231b61a1104ebdec526eee938e26,character,warmup,3,newRoot,newRoot+,1,1.9,1.9,1.9,1.9,1,4216.0,4216.0,4216,4216
player10-f0ebe111,IL2CPP,ac74cac748fd6e6ebd6d35c6cdd90d5b116a231b61a1104ebdec526eee938e26,character,warmup,3,newRoot,newRoot-,1,4.0,4.0,4.0,4.0,1,8730.0,8730.0,8730,8730
player10-f0ebe111,IL2CPP,ac74cac748fd6e6ebd6d35c6cdd90d5b116a231b61a1104ebdec526eee938e26,character,warmup,3,newRoot,newRoot_pair,1,5.9,5.9,5.9,5.9,1,12946.0,12946.0,12946,12946
player10-f0ebe111,IL2CPP,ac74cac748fd6e6ebd6d35c6cdd90d5b116a231b61a1104ebdec526eee938e26,character,warmup,3,newRoot,objects+,1,6.5,6.5,6.5,6.5,1,13970.0,13970.0,13970,13970
player10-f0ebe111,IL2CPP,ac74cac748fd6e6ebd6d35c6cdd90d5b116a231b61a1104ebdec526eee938e26,character,warmup,3,newRoot,objects-,1,15.2,15.2,15.2,15.2,1,32285.0,32285.0,32285,32285
player10-f0ebe111,IL2CPP,ac74cac748fd6e6ebd6d35c6cdd90d5b116a231b61a1104ebdec526eee938e26,character,warmup,3,newRoot,objects_pair,1,21.7,21.7,21.7,21.7,1,46255.0,46255.0,46255,46255
player10-f0ebe111,IL2CPP,ac74cac748fd6e6ebd6d35c6cdd90d5b116a231b61a1104ebdec526eee938e26,character,warmup,3,newRoot,publishtotal,1,61.6,61.6,61.6,61.6,1,130061.0,130061.0,130061,130061
player11-6bad76e3,IL2CPP,ac74cac748fd6e6ebd6d35c6cdd90d5b116a231b61a1104ebdec526eee938e26,box,measured,0,newRoot,BuildPublish,8,79.19999999999999,82.37499999999999,75.0,83.6,8,167661.0,174849.0,158174,177803
player11-6bad76e3,IL2CPP,ac74cac748fd6e6ebd6d35c6cdd90d5b116a231b61a1104ebdec526eee938e26,box,measured,0,newRoot,BuildSide+,8,19.0,19.595,17.4,19.7,8,39959.0,41168.5,36486,41354
player11-6bad76e3,IL2CPP,ac74cac748fd6e6ebd6d35c6cdd90d5b116a231b61a1104ebdec526eee938e26,box,measured,0,newRoot,BuildSide-,8,9.149999999999999,9.565,8.7,9.6,8,19278.0,20207.65,18347,20229
player11-6bad76e3,IL2CPP,ac74cac748fd6e6ebd6d35c6cdd90d5b116a231b61a1104ebdec526eee938e26,box,measured,0,newRoot,BuildSide_pair,8,27.799999999999997,29.0,26.8,29.0,8,58573.0,60928.75,56380,61053
player11-6bad76e3,IL2CPP,ac74cac748fd6e6ebd6d35c6cdd90d5b116a231b61a1104ebdec526eee938e26,box,measured,0,newRoot,SetActive+,8,13.350000000000001,13.83,12.0,13.9,8,28502.0,29634.0,25801,29802
player11-6bad76e3,IL2CPP,ac74cac748fd6e6ebd6d35c6cdd90d5b116a231b61a1104ebdec526eee938e26,box,measured,0,newRoot,SetActive-,8,9.0,10.239999999999998,8.4,10.8,8,19373.0,22055.25,18143,23240
player11-6bad76e3,IL2CPP,ac74cac748fd6e6ebd6d35c6cdd90d5b116a231b61a1104ebdec526eee938e26,box,measured,0,newRoot,SetActive_pair,8,22.450000000000003,23.744999999999997,20.4,24.2,8,48199.0,50860.299999999996,43944,51785
player11-6bad76e3,IL2CPP,ac74cac748fd6e6ebd6d35c6cdd90d5b116a231b61a1104ebdec526eee938e26,box,measured,0,newRoot,buildtotal,8,43.65,45.13,41.2,45.2,8,92914.0,96210.3,87202,96820
player11-6bad76e3,IL2CPP,ac74cac748fd6e6ebd6d35c6cdd90d5b116a231b61a1104ebdec526eee938e26,box,measured,0,newRoot,colliders+,8,1.75,1.9649999999999999,1.7,2.0,8,4061.0,4572.75,3870,4690
player11-6bad76e3,IL2CPP,ac74cac748fd6e6ebd6d35c6cdd90d5b116a231b61a1104ebdec526eee938e26,box,measured,0,newRoot,colliders-,8,0.9,1.0,0.9,1.0,8,2237.0,2409.15,2071,2434
player11-6bad76e3,IL2CPP,ac74cac748fd6e6ebd6d35c6cdd90d5b116a231b61a1104ebdec526eee938e26,box,measured,0,newRoot,colliders_pair,8,2.7,2.9,2.6,2.9,8,6309.0,6816.8,6060,6870
player11-6bad76e3,IL2CPP,ac74cac748fd6e6ebd6d35c6cdd90d5b116a231b61a1104ebdec526eee938e26,box,measured,0,newRoot,newRoot+,8,4.4,5.2,3.9,5.2,8,9615.5,11303.9,8648,11327
player11-6bad76e3,IL2CPP,ac74cac748fd6e6ebd6d35c6cdd90d5b116a231b61a1104ebdec526eee938e26,box,measured,0,newRoot,newRoot-,8,2.3,2.895,2.0,3.0,8,5104.0,6329.4,4356,6608
player11-6bad76e3,IL2CPP,ac74cac748fd6e6ebd6d35c6cdd90d5b116a231b61a1104ebdec526eee938e26,box,measured,0,newRoot,newRoot_pair,8,6.8,7.849999999999999,6.3,8.2,8,14980.0,17123.699999999997,13807,17935
player11-6bad76e3,IL2CPP,ac74cac748fd6e6ebd6d35c6cdd90d5b116a231b61a1104ebdec526eee938e26,box,measured,0,newRoot,objects+,8,15.7,16.53,14.6,16.6,8,33268.5,35147.2,30959,35416
player11-6bad76e3,IL2CPP,ac74cac748fd6e6ebd6d35c6cdd90d5b116a231b61a1104ebdec526eee938e26,box,measured,0,newRoot,objects-,8,7.55,8.065,7.2,8.1,8,16070.5,17113.95,15310,17192
player11-6bad76e3,IL2CPP,ac74cac748fd6e6ebd6d35c6cdd90d5b116a231b61a1104ebdec526eee938e26,box,measured,0,newRoot,objects_pair,8,22.95,24.33,22.4,24.4,8,48747.5,51746.55,47607,51826
player11-6bad76e3,IL2CPP,ac74cac748fd6e6ebd6d35c6cdd90d5b116a231b61a1104ebdec526eee938e26,box,measured,0,newRoot,publishtotal,8,35.1,37.525,32.8,38.4,8,74041.5,79186.8,69283,80983
player11-6bad76e3,IL2CPP,ac74cac748fd6e6ebd6d35c6cdd90d5b116a231b61a1104ebdec526eee938e26,box,measured,1,newRoot,BuildPublish,8,80.35,89.905,73.1,90.5,8,170137.0,190467.4,154867,191292
player11-6bad76e3,IL2CPP,ac74cac748fd6e6ebd6d35c6cdd90d5b116a231b61a1104ebdec526eee938e26,box,measured,1,newRoot,BuildSide+,8,9.0,10.385,8.5,10.7,8,18869.5,21860.8,17858,22509
player11-6bad76e3,IL2CPP,ac74cac748fd6e6ebd6d35c6cdd90d5b116a231b61a1104ebdec526eee938e26,box,measured,1,newRoot,BuildSide-,8,19.549999999999997,23.139999999999997,17.1,24.4,8,41014.5,48662.399999999994,35942,51314
player11-6bad76e3,IL2CPP,ac74cac748fd6e6ebd6d35c6cdd90d5b116a231b61a1104ebdec526eee938e26,box,measured,1,newRoot,BuildSide_pair,8,28.5,32.735,26.0,33.4,8,59764.0,68828.8,54483,70219
player11-6bad76e3,IL2CPP,ac74cac748fd6e6ebd6d35c6cdd90d5b116a231b61a1104ebdec526eee938e26,box,measured,1,newRoot,SetActive+,8,12.95,15.124999999999998,12.2,16.0,8,27733.0,32385.799999999996,26029,34308
player11-6bad76e3,IL2CPP,ac74cac748fd6e6ebd6d35c6cdd90d5b116a231b61a1104ebdec526eee938e26,box,measured,1,newRoot,SetActive-,8,9.7,11.284999999999998,8.5,11.6,8,20735.0,24199.6,18266,24754
player11-6bad76e3,IL2CPP,ac74cac748fd6e6ebd6d35c6cdd90d5b116a231b61a1104ebdec526eee938e26,box,measured,1,newRoot,SetActive_pair,8,22.35,26.104999999999997,21.3,26.7,8,47780.0,56056.649999999994,45554,57478
player11-6bad76e3,IL2CPP,ac74cac748fd6e6ebd6d35c6cdd90d5b116a231b61a1104ebdec526eee938e26,box,measured,1,newRoot,buildtotal,8,44.7,49.62,39.8,50.6,8,95437.5,105199.7,84657,107306
player11-6bad76e3,IL2CPP,ac74cac748fd6e6ebd6d35c6cdd90d5b116a231b61a1104ebdec526eee938e26,box,measured,1,newRoot,colliders+,8,1.0,1.165,0.9,1.2,8,2369.5,2769.1499999999996,2241,2913
player11-6bad76e3,IL2CPP,ac74cac748fd6e6ebd6d35c6cdd90d5b116a231b61a1104ebdec526eee938e26,box,measured,1,newRoot,colliders-,8,1.85,2.195,1.7,2.3,8,4196.5,4950.75,3905,5201
player11-6bad76e3,IL2CPP,ac74cac748fd6e6ebd6d35c6cdd90d5b116a231b61a1104ebdec526eee938e26,box,measured,1,newRoot,colliders_pair,8,2.9,3.165,2.8,3.2,8,6676.0,7340.2,6146,7448
player11-6bad76e3,IL2CPP,ac74cac748fd6e6ebd6d35c6cdd90d5b116a231b61a1104ebdec526eee938e26,box,measured,1,newRoot,newRoot+,8,2.2,2.795,2.0,2.9,8,4785.5,6125.5,4549,6332
player11-6bad76e3,IL2CPP,ac74cac748fd6e6ebd6d35c6cdd90d5b116a231b61a1104ebdec526eee938e26,box,measured,1,newRoot,newRoot-,8,4.7,6.639999999999999,4.1,7.2,8,10294.0,14221.499999999998,8985,15345
player11-6bad76e3,IL2CPP,ac74cac748fd6e6ebd6d35c6cdd90d5b116a231b61a1104ebdec526eee938e26,box,measured,1,newRoot,newRoot_pair,8,6.95,9.044999999999998,6.2,9.5,8,15364.0,19553.35,13544,20456
player11-6bad76e3,IL2CPP,ac74cac748fd6e6ebd6d35c6cdd90d5b116a231b61a1104ebdec526eee938e26,box,measured,1,newRoot,objects+,8,7.35,8.555,6.8,8.8,8,15767.0,18237.1,14501,18725
player11-6bad76e3,IL2CPP,ac74cac748fd6e6ebd6d35c6cdd90d5b116a231b61a1104ebdec526eee938e26,box,measured,1,newRoot,objects-,8,16.3,19.474999999999998,14.0,20.7,8,34546.5,41489.85,29955,44083
player11-6bad76e3,IL2CPP,ac74cac748fd6e6ebd6d35c6cdd90d5b116a231b61a1104ebdec526eee938e26,box,measured,1,newRoot,objects_pair,8,23.6,27.365,21.1,28.1,8,50251.5,58324.649999999994,45212,59900
player11-6bad76e3,IL2CPP,ac74cac748fd6e6ebd6d35c6cdd90d5b116a231b61a1104ebdec526eee938e26,box,measured,1,newRoot,publishtotal,8,34.45,42.239999999999995,33.1,43.5,8,72623.5,89087.2,69825,91834
player11-6bad76e3,IL2CPP,ac74cac748fd6e6ebd6d35c6cdd90d5b116a231b61a1104ebdec526eee938e26,box,measured,2,newRoot,BuildPublish,8,78.95,89.08,77.0,90.9,8,166766.0,188298.65,162674,191890
player11-6bad76e3,IL2CPP,ac74cac748fd6e6ebd6d35c6cdd90d5b116a231b61a1104ebdec526eee938e26,box,measured,2,newRoot,BuildSide+,8,20.15,22.055,17.7,22.3,8,42417.5,46375.45,37116,46863
player11-6bad76e3,IL2CPP,ac74cac748fd6e6ebd6d35c6cdd90d5b116a231b61a1104ebdec526eee938e26,box,measured,2,newRoot,BuildSide-,8,8.95,10.055,8.4,10.3,8,18828.5,21104.6,17782,21582
player11-6bad76e3,IL2CPP,ac74cac748fd6e6ebd6d35c6cdd90d5b116a231b61a1104ebdec526eee938e26,box,measured,2,newRoot,BuildSide_pair,8,29.1,32.11,26.6,32.6,8,61113.0,67480.05,55941,68445
player11-6bad76e3,IL2CPP,ac74cac748fd6e6ebd6d35c6cdd90d5b116a231b61a1104ebdec526eee938e26,box,measured,2,newRoot,SetActive+,8,19.2,20.744999999999997,17.8,21.2,8,40899.5,44103.95,37903,45092
player11-6bad76e3,IL2CPP,ac74cac748fd6e6ebd6d35c6cdd90d5b116a231b61a1104ebdec526eee938e26,box,measured,2,newRoot,SetActive-,8,3.2,3.465,3.0,3.5,8,7059.5,7662.8,6706,7716
player11-6bad76e3,IL2CPP,ac74cac748fd6e6ebd6d35c6cdd90d5b116a231b61a1104ebdec526eee938e26,box,measured,2,newRoot,SetActive_pair,8,22.45,24.11,20.9,24.6,8,48122.0,51547.9,44652,52656
player11-6bad76e3,IL2CPP,ac74cac748fd6e6ebd6d35c6cdd90d5b116a231b61a1104ebdec526eee938e26,box,measured,2,newRoot,buildtotal,8,44.35,50.885,41.9,51.9,8,93859.5,107723.95,88880,109678
player11-6bad76e3,IL2CPP,ac74cac748fd6e6ebd6d35c6cdd90d5b116a231b61a1104ebdec526eee938e26,box,measured,2,newRoot,colliders+,8,1.95,2.2,1.8,2.2,8,4495.0,4838.75,4103,4893
player11-6bad76e3,IL2CPP,ac74cac748fd6e6ebd6d35c6cdd90d5b116a231b61a1104ebdec526eee938e26,box,measured,2,newRoot,colliders-,8,0.95,1.065,0.8,1.1,8,2221.0,2533.75,2073,2581
player11-6bad76e3,IL2CPP,ac74cac748fd6e6ebd6d35c6cdd90d5b116a231b61a1104ebdec526eee938e26,box,measured,2,newRoot,colliders_pair,8,2.8499999999999996,3.2,2.7,3.2,8,6598.5,7329.2,6276,7339
player11-6bad76e3,IL2CPP,ac74cac748fd6e6ebd6d35c6cdd90d5b116a231b61a1104ebdec526eee938e26,box,measured,2,newRoot,newRoot+,8,4.6,5.029999999999999,3.9,5.1,8,9969.5,11311.35,8606,11409
player11-6bad76e3,IL2CPP,ac74cac748fd6e6ebd6d35c6cdd90d5b116a231b61a1104ebdec526eee938e26,box,measured,2,newRoot,newRoot-,8,2.1,2.3,1.8,2.3,8,4696.5,5109.3,4162,5117
player11-6bad76e3,IL2CPP,ac74cac748fd6e6ebd6d35c6cdd90d5b116a231b61a1104ebdec526eee938e26,box,measured,2,newRoot,newRoot_pair,8,6.75,7.295,5.7,7.4,8,15047.5,16121.15,12768,16223
player11-6bad76e3,IL2CPP,ac74cac748fd6e6ebd6d35c6cdd90d5b116a231b61a1104ebdec526eee938e26,box,measured,2,newRoot,objects+,8,17.049999999999997,18.455,14.2,18.7,8,36237.5,39234.65,30327,39704
player11-6bad76e3,IL2CPP,ac74cac748fd6e6ebd6d35c6cdd90d5b116a231b61a1104ebdec526eee938e26,box,measured,2,newRoot,objects-,8,7.35,8.225,7.0,8.4,8,15747.0,17625.5,14816,18021
player11-6bad76e3,IL2CPP,ac74cac748fd6e6ebd6d35c6cdd90d5b116a231b61a1104ebdec526eee938e26,box,measured,2,newRoot,objects_pair,8,24.35,26.68,21.6,27.1,8,51786.5,56860.15,46181,57725
player11-6bad76e3,IL2CPP,ac74cac748fd6e6ebd6d35c6cdd90d5b116a231b61a1104ebdec526eee938e26,box,measured,2,newRoot,publishtotal,8,35.45,38.195,33.6,39.0,8,74690.5,80574.7,70783,82212
player11-6bad76e3,IL2CPP,ac74cac748fd6e6ebd6d35c6cdd90d5b116a231b61a1104ebdec526eee938e26,box,measured,3,newRoot,BuildPublish,8,79.2,81.685,77.7,82.0,8,167339.5,172574.55,164542,173284
player11-6bad76e3,IL2CPP,ac74cac748fd6e6ebd6d35c6cdd90d5b116a231b61a1104ebdec526eee938e26,box,measured,3,newRoot,BuildSide+,8,8.9,9.625,8.3,9.8,8,18779.0,20086.95,17375,20466
player11-6bad76e3,IL2CPP,ac74cac748fd6e6ebd6d35c6cdd90d5b116a231b61a1104ebdec526eee938e26,box,measured,3,newRoot,BuildSide-,8,19.6,20.23,17.9,20.3,8,41202.5,42575.8,37540,42762
player11-6bad76e3,IL2CPP,ac74cac748fd6e6ebd6d35c6cdd90d5b116a231b61a1104ebdec526eee938e26,box,measured,3,newRoot,BuildSide_pair,8,28.8,29.195,26.2,29.3,8,60493.0,61395.35,54915,61598
player11-6bad76e3,IL2CPP,ac74cac748fd6e6ebd6d35c6cdd90d5b116a231b61a1104ebdec526eee938e26,box,measured,3,newRoot,SetActive+,8,18.65,19.715,17.9,20.1,8,39623.5,41988.7,38109,42800
player11-6bad76e3,IL2CPP,ac74cac748fd6e6ebd6d35c6cdd90d5b116a231b61a1104ebdec526eee938e26,box,measured,3,newRoot,SetActive-,8,3.2,3.665,3.0,3.7,8,7110.5,8039.25,6682,8174
player11-6bad76e3,IL2CPP,ac74cac748fd6e6ebd6d35c6cdd90d5b116a231b61a1104ebdec526eee938e26,box,measured,3,newRoot,SetActive_pair,8,21.799999999999997,23.025,20.9,23.2,8,46654.5,49361.9,44791,49742
player11-6bad76e3,IL2CPP,ac74cac748fd6e6ebd6d35c6cdd90d5b116a231b61a1104ebdec526eee938e26,box,measured,3,newRoot,buildtotal,8,44.45,46.58,42.3,47.0,8,94110.5,98703.9,89565,99644
player11-6bad76e3,IL2CPP,ac74cac748fd6e6ebd6d35c6cdd90d5b116a231b61a1104ebdec526eee938e26,box,measured,3,newRoot,colliders+,8,1.0,1.165,0.9,1.2,8,2374.0,2594.15,2159,2654
player11-6bad76e3,IL2CPP,ac74cac748fd6e6ebd6d35c6cdd90d5b116a231b61a1104ebdec526eee938e26,box,measured,3,newRoot,colliders-,8,1.8,2.03,1.7,2.1,8,4165.0,4491.05,3765,4595
player11-6bad76e3,IL2CPP,ac74cac748fd6e6ebd6d35c6cdd90d5b116a231b61a1104ebdec526eee938e26,box,measured,3,newRoot,colliders_pair,8,2.8,3.1,2.6,3.1,8,6504.0,6974.1,6125,6986
player11-6bad76e3,IL2CPP,ac74cac748fd6e6ebd6d35c6cdd90d5b116a231b61a1104ebdec526eee938e26,box,measured,3,newRoot,newRoot+,8,2.1500000000000004,2.3649999999999998,2.0,2.4,8,4880.0,5110.05,4364,5151
player11-6bad76e3,IL2CPP,ac74cac748fd6e6ebd6d35c6cdd90d5b116a231b61a1104ebdec526eee938e26,box,measured,3,newRoot,newRoot-,8,4.45,4.795,3.8,4.9,8,9698.5,10408.199999999999,8433,10607
player11-6bad76e3,IL2CPP,ac74cac748fd6e6ebd6d35c6cdd90d5b116a231b61a1104ebdec526eee938e26,box,measured,3,newRoot,newRoot_pair,8,6.7,7.0,5.8,7.0,8,14712.0,15185.8,12797,15190
player11-6bad76e3,IL2CPP,ac74cac748fd6e6ebd6d35c6cdd90d5b116a231b61a1104ebdec526eee938e26,box,measured,3,newRoot,objects+,8,7.300000000000001,7.76,6.7,7.9,8,15558.5,16621.7,14379,16901
player11-6bad76e3,IL2CPP,ac74cac748fd6e6ebd6d35c6cdd90d5b116a231b61a1104ebdec526eee938e26,box,measured,3,newRoot,objects-,8,16.05,17.06,14.7,17.2,8,34183.5,36207.4,31170,36528
player11-6bad76e3,IL2CPP,ac74cac748fd6e6ebd6d35c6cdd90d5b116a231b61a1104ebdec526eee938e26,box,measured,3,newRoot,objects_pair,8,23.4,24.3,21.4,24.3,8,49869.5,51718.0,45549,51767
player11-6bad76e3,IL2CPP,ac74cac748fd6e6ebd6d35c6cdd90d5b116a231b61a1104ebdec526eee938e26,box,measured,3,newRoot,publishtotal,8,35.0,36.53,33.8,36.6,8,73674.0,77062.55,71238,77261
player11-6bad76e3,IL2CPP,ac74cac748fd6e6ebd6d35c6cdd90d5b116a231b61a1104ebdec526eee938e26,box,warmup,0,newRoot,BuildPublish,1,85.7,85.7,85.7,85.7,1,183079.0,183079.0,183079,183079
player11-6bad76e3,IL2CPP,ac74cac748fd6e6ebd6d35c6cdd90d5b116a231b61a1104ebdec526eee938e26,box,warmup,0,newRoot,BuildSide+,1,21.1,21.1,21.1,21.1,1,44359.0,44359.0,44359,44359
player11-6bad76e3,IL2CPP,ac74cac748fd6e6ebd6d35c6cdd90d5b116a231b61a1104ebdec526eee938e26,box,warmup,0,newRoot,BuildSide-,1,9.9,9.9,9.9,9.9,1,20698.0,20698.0,20698,20698
player11-6bad76e3,IL2CPP,ac74cac748fd6e6ebd6d35c6cdd90d5b116a231b61a1104ebdec526eee938e26,box,warmup,0,newRoot,BuildSide_pair,1,31.0,31.0,31.0,31.0,1,65057.0,65057.0,65057,65057
player11-6bad76e3,IL2CPP,ac74cac748fd6e6ebd6d35c6cdd90d5b116a231b61a1104ebdec526eee938e26,box,warmup,0,newRoot,SetActive+,1,14.0,14.0,14.0,14.0,1,29867.0,29867.0,29867,29867
player11-6bad76e3,IL2CPP,ac74cac748fd6e6ebd6d35c6cdd90d5b116a231b61a1104ebdec526eee938e26,box,warmup,0,newRoot,SetActive-,1,9.9,9.9,9.9,9.9,1,21414.0,21414.0,21414,21414
player11-6bad76e3,IL2CPP,ac74cac748fd6e6ebd6d35c6cdd90d5b116a231b61a1104ebdec526eee938e26,box,warmup,0,newRoot,SetActive_pair,1,23.9,23.9,23.9,23.9,1,51281.0,51281.0,51281,51281
player11-6bad76e3,IL2CPP,ac74cac748fd6e6ebd6d35c6cdd90d5b116a231b61a1104ebdec526eee938e26,box,warmup,0,newRoot,buildtotal,1,45.9,45.9,45.9,45.9,1,99280.0,99280.0,99280,99280
player11-6bad76e3,IL2CPP,ac74cac748fd6e6ebd6d35c6cdd90d5b116a231b61a1104ebdec526eee938e26,box,warmup,0,newRoot,colliders+,1,1.9,1.9,1.9,1.9,1,4269.0,4269.0,4269,4269
player11-6bad76e3,IL2CPP,ac74cac748fd6e6ebd6d35c6cdd90d5b116a231b61a1104ebdec526eee938e26,box,warmup,0,newRoot,colliders-,1,1.0,1.0,1.0,1.0,1,2359.0,2359.0,2359,2359
player11-6bad76e3,IL2CPP,ac74cac748fd6e6ebd6d35c6cdd90d5b116a231b61a1104ebdec526eee938e26,box,warmup,0,newRoot,colliders_pair,1,2.9,2.9,2.9,2.9,1,6628.0,6628.0,6628,6628
player11-6bad76e3,IL2CPP,ac74cac748fd6e6ebd6d35c6cdd90d5b116a231b61a1104ebdec526eee938e26,box,warmup,0,newRoot,newRoot+,1,6.1,6.1,6.1,6.1,1,13273.0,13273.0,13273,13273
player11-6bad76e3,IL2CPP,ac74cac748fd6e6ebd6d35c6cdd90d5b116a231b61a1104ebdec526eee938e26,box,warmup,0,newRoot,newRoot-,1,2.0,2.0,2.0,2.0,1,4478.0,4478.0,4478,4478
player11-6bad76e3,IL2CPP,ac74cac748fd6e6ebd6d35c6cdd90d5b116a231b61a1104ebdec526eee938e26,box,warmup,0,newRoot,newRoot_pair,1,8.1,8.1,8.1,8.1,1,17751.0,17751.0,17751,17751
player11-6bad76e3,IL2CPP,ac74cac748fd6e6ebd6d35c6cdd90d5b116a231b61a1104ebdec526eee938e26,box,warmup,0,newRoot,objects+,1,17.9,17.9,17.9,17.9,1,37905.0,37905.0,37905,37905
player11-6bad76e3,IL2CPP,ac74cac748fd6e6ebd6d35c6cdd90d5b116a231b61a1104ebdec526eee938e26,box,warmup,0,newRoot,objects-,1,8.1,8.1,8.1,8.1,1,17468.0,17468.0,17468,17468
player11-6bad76e3,IL2CPP,ac74cac748fd6e6ebd6d35c6cdd90d5b116a231b61a1104ebdec526eee938e26,box,warmup,0,newRoot,objects_pair,1,26.0,26.0,26.0,26.0,1,55373.0,55373.0,55373,55373
player11-6bad76e3,IL2CPP,ac74cac748fd6e6ebd6d35c6cdd90d5b116a231b61a1104ebdec526eee938e26,box,warmup,0,newRoot,publishtotal,1,39.8,39.8,39.8,39.8,1,83799.0,83799.0,83799,83799
player11-6bad76e3,IL2CPP,ac74cac748fd6e6ebd6d35c6cdd90d5b116a231b61a1104ebdec526eee938e26,box,warmup,1,newRoot,BuildPublish,1,74.1,74.1,74.1,74.1,1,156404.0,156404.0,156404,156404
player11-6bad76e3,IL2CPP,ac74cac748fd6e6ebd6d35c6cdd90d5b116a231b61a1104ebdec526eee938e26,box,warmup,1,newRoot,BuildSide+,1,8.7,8.7,8.7,8.7,1,18431.0,18431.0,18431,18431
player11-6bad76e3,IL2CPP,ac74cac748fd6e6ebd6d35c6cdd90d5b116a231b61a1104ebdec526eee938e26,box,warmup,1,newRoot,BuildSide-,1,18.4,18.4,18.4,18.4,1,38603.0,38603.0,38603,38603
player11-6bad76e3,IL2CPP,ac74cac748fd6e6ebd6d35c6cdd90d5b116a231b61a1104ebdec526eee938e26,box,warmup,1,newRoot,BuildSide_pair,1,27.1,27.1,27.1,27.1,1,57034.0,57034.0,57034,57034
player11-6bad76e3,IL2CPP,ac74cac748fd6e6ebd6d35c6cdd90d5b116a231b61a1104ebdec526eee938e26,box,warmup,1,newRoot,SetActive+,1,11.8,11.8,11.8,11.8,1,25166.0,25166.0,25166,25166
player11-6bad76e3,IL2CPP,ac74cac748fd6e6ebd6d35c6cdd90d5b116a231b61a1104ebdec526eee938e26,box,warmup,1,newRoot,SetActive-,1,9.6,9.6,9.6,9.6,1,20525.0,20525.0,20525,20525
player11-6bad76e3,IL2CPP,ac74cac748fd6e6ebd6d35c6cdd90d5b116a231b61a1104ebdec526eee938e26,box,warmup,1,newRoot,SetActive_pair,1,21.4,21.4,21.4,21.4,1,45691.0,45691.0,45691,45691
player11-6bad76e3,IL2CPP,ac74cac748fd6e6ebd6d35c6cdd90d5b116a231b61a1104ebdec526eee938e26,box,warmup,1,newRoot,buildtotal,1,41.0,41.0,41.0,41.0,1,86793.0,86793.0,86793,86793
player11-6bad76e3,IL2CPP,ac74cac748fd6e6ebd6d35c6cdd90d5b116a231b61a1104ebdec526eee938e26,box,warmup,1,newRoot,colliders+,1,0.9,0.9,0.9,0.9,1,2096.0,2096.0,2096,2096
player11-6bad76e3,IL2CPP,ac74cac748fd6e6ebd6d35c6cdd90d5b116a231b61a1104ebdec526eee938e26,box,warmup,1,newRoot,colliders-,1,2.1,2.1,2.1,2.1,1,4541.0,4541.0,4541,4541
player11-6bad76e3,IL2CPP,ac74cac748fd6e6ebd6d35c6cdd90d5b116a231b61a1104ebdec526eee938e26,box,warmup,1,newRoot,colliders_pair,1,3.0,3.0,3.0,3.0,1,6637.0,6637.0,6637,6637
player11-6bad76e3,IL2CPP,ac74cac748fd6e6ebd6d35c6cdd90d5b116a231b61a1104ebdec526eee938e26,box,warmup,1,newRoot,newRoot+,1,2.1,2.1,2.1,2.1,1,4591.0,4591.0,4591,4591
player11-6bad76e3,IL2CPP,ac74cac748fd6e6ebd6d35c6cdd90d5b116a231b61a1104ebdec526eee938e26,box,warmup,1,newRoot,newRoot-,1,4.3,4.3,4.3,4.3,1,9552.0,9552.0,9552,9552
player11-6bad76e3,IL2CPP,ac74cac748fd6e6ebd6d35c6cdd90d5b116a231b61a1104ebdec526eee938e26,box,warmup,1,newRoot,newRoot_pair,1,6.4,6.4,6.4,6.4,1,14143.0,14143.0,14143,14143
player11-6bad76e3,IL2CPP,ac74cac748fd6e6ebd6d35c6cdd90d5b116a231b61a1104ebdec526eee938e26,box,warmup,1,newRoot,objects+,1,7.2,7.2,7.2,7.2,1,15465.0,15465.0,15465,15465
player11-6bad76e3,IL2CPP,ac74cac748fd6e6ebd6d35c6cdd90d5b116a231b61a1104ebdec526eee938e26,box,warmup,1,newRoot,objects-,1,15.1,15.1,15.1,15.1,1,32074.0,32074.0,32074,32074
player11-6bad76e3,IL2CPP,ac74cac748fd6e6ebd6d35c6cdd90d5b116a231b61a1104ebdec526eee938e26,box,warmup,1,newRoot,objects_pair,1,22.3,22.3,22.3,22.3,1,47539.0,47539.0,47539,47539
player11-6bad76e3,IL2CPP,ac74cac748fd6e6ebd6d35c6cdd90d5b116a231b61a1104ebdec526eee938e26,box,warmup,1,newRoot,publishtotal,1,33.1,33.1,33.1,33.1,1,69611.0,69611.0,69611,69611
player11-6bad76e3,IL2CPP,ac74cac748fd6e6ebd6d35c6cdd90d5b116a231b61a1104ebdec526eee938e26,box,warmup,2,newRoot,BuildPublish,1,96.0,96.0,96.0,96.0,1,203865.0,203865.0,203865,203865
player11-6bad76e3,IL2CPP,ac74cac748fd6e6ebd6d35c6cdd90d5b116a231b61a1104ebdec526eee938e26,box,warmup,2,newRoot,BuildSide+,1,23.2,23.2,23.2,23.2,1,48689.0,48689.0,48689,48689
player11-6bad76e3,IL2CPP,ac74cac748fd6e6ebd6d35c6cdd90d5b116a231b61a1104ebdec526eee938e26,box,warmup,2,newRoot,BuildSide-,1,9.4,9.4,9.4,9.4,1,19742.0,19742.0,19742,19742
player11-6bad76e3,IL2CPP,ac74cac748fd6e6ebd6d35c6cdd90d5b116a231b61a1104ebdec526eee938e26,box,warmup,2,newRoot,BuildSide_pair,1,32.6,32.6,32.6,32.6,1,68431.0,68431.0,68431,68431
player11-6bad76e3,IL2CPP,ac74cac748fd6e6ebd6d35c6cdd90d5b116a231b61a1104ebdec526eee938e26,box,warmup,2,newRoot,SetActive+,1,26.6,26.6,26.6,26.6,1,56512.0,56512.0,56512,56512
player11-6bad76e3,IL2CPP,ac74cac748fd6e6ebd6d35c6cdd90d5b116a231b61a1104ebdec526eee938e26,box,warmup,2,newRoot,SetActive-,1,3.2,3.2,3.2,3.2,1,7018.0,7018.0,7018,7018
player11-6bad76e3,IL2CPP,ac74cac748fd6e6ebd6d35c6cdd90d5b116a231b61a1104ebdec526eee938e26,box,warmup,2,newRoot,SetActive_pair,1,29.8,29.8,29.8,29.8,1,63530.0,63530.0,63530,63530
player11-6bad76e3,IL2CPP,ac74cac748fd6e6ebd6d35c6cdd90d5b116a231b61a1104ebdec526eee938e26,box,warmup,2,newRoot,buildtotal,1,48.0,48.0,48.0,48.0,1,102769.0,102769.0,102769,102769
player11-6bad76e3,IL2CPP,ac74cac748fd6e6ebd6d35c6cdd90d5b116a231b61a1104ebdec526eee938e26,box,warmup,2,newRoot,colliders+,1,2.6,2.6,2.6,2.6,1,5702.0,5702.0,5702,5702
player11-6bad76e3,IL2CPP,ac74cac748fd6e6ebd6d35c6cdd90d5b116a231b61a1104ebdec526eee938e26,box,warmup,2,newRoot,colliders-,1,1.1,1.1,1.1,1.1,1,2722.0,2722.0,2722,2722
player11-6bad76e3,IL2CPP,ac74cac748fd6e6ebd6d35c6cdd90d5b116a231b61a1104ebdec526eee938e26,box,warmup,2,newRoot,colliders_pair,1,3.7,3.7,3.7,3.7,1,8424.0,8424.0,8424,8424
player11-6bad76e3,IL2CPP,ac74cac748fd6e6ebd6d35c6cdd90d5b116a231b61a1104ebdec526eee938e26,box,warmup,2,newRoot,newRoot+,1,5.8,5.8,5.8,5.8,1,13528.0,13528.0,13528,13528
player11-6bad76e3,IL2CPP,ac74cac748fd6e6ebd6d35c6cdd90d5b116a231b61a1104ebdec526eee938e26,box,warmup,2,newRoot,newRoot-,1,2.3,2.3,2.3,2.3,1,5001.0,5001.0,5001,5001
player11-6bad76e3,IL2CPP,ac74cac748fd6e6ebd6d35c6cdd90d5b116a231b61a1104ebdec526eee938e26,box,warmup,2,newRoot,newRoot_pair,1,8.1,8.1,8.1,8.1,1,18529.0,18529.0,18529,18529
player11-6bad76e3,IL2CPP,ac74cac748fd6e6ebd6d35c6cdd90d5b116a231b61a1104ebdec526eee938e26,box,warmup,2,newRoot,objects+,1,19.5,19.5,19.5,19.5,1,41361.0,41361.0,41361,41361
player11-6bad76e3,IL2CPP,ac74cac748fd6e6ebd6d35c6cdd90d5b116a231b61a1104ebdec526eee938e26,box,warmup,2,newRoot,objects-,1,7.5,7.5,7.5,7.5,1,16155.0,16155.0,16155,16155
player11-6bad76e3,IL2CPP,ac74cac748fd6e6ebd6d35c6cdd90d5b116a231b61a1104ebdec526eee938e26,box,warmup,2,newRoot,objects_pair,1,27.0,27.0,27.0,27.0,1,57516.0,57516.0,57516,57516
player11-6bad76e3,IL2CPP,ac74cac748fd6e6ebd6d35c6cdd90d5b116a231b61a1104ebdec526eee938e26,box,warmup,2,newRoot,publishtotal,1,48.0,48.0,48.0,48.0,1,101096.0,101096.0,101096,101096
player11-6bad76e3,IL2CPP,ac74cac748fd6e6ebd6d35c6cdd90d5b116a231b61a1104ebdec526eee938e26,box,warmup,3,newRoot,BuildPublish,1,75.4,75.4,75.4,75.4,1,159162.0,159162.0,159162,159162
player11-6bad76e3,IL2CPP,ac74cac748fd6e6ebd6d35c6cdd90d5b116a231b61a1104ebdec526eee938e26,box,warmup,3,newRoot,BuildSide+,1,9.2,9.2,9.2,9.2,1,19322.0,19322.0,19322,19322
player11-6bad76e3,IL2CPP,ac74cac748fd6e6ebd6d35c6cdd90d5b116a231b61a1104ebdec526eee938e26,box,warmup,3,newRoot,BuildSide-,1,18.7,18.7,18.7,18.7,1,39170.0,39170.0,39170,39170
player11-6bad76e3,IL2CPP,ac74cac748fd6e6ebd6d35c6cdd90d5b116a231b61a1104ebdec526eee938e26,box,warmup,3,newRoot,BuildSide_pair,1,27.9,27.9,27.9,27.9,1,58492.0,58492.0,58492,58492
player11-6bad76e3,IL2CPP,ac74cac748fd6e6ebd6d35c6cdd90d5b116a231b61a1104ebdec526eee938e26,box,warmup,3,newRoot,SetActive+,1,17.4,17.4,17.4,17.4,1,37064.0,37064.0,37064,37064
player11-6bad76e3,IL2CPP,ac74cac748fd6e6ebd6d35c6cdd90d5b116a231b61a1104ebdec526eee938e26,box,warmup,3,newRoot,SetActive-,1,3.1,3.1,3.1,3.1,1,6871.0,6871.0,6871,6871
player11-6bad76e3,IL2CPP,ac74cac748fd6e6ebd6d35c6cdd90d5b116a231b61a1104ebdec526eee938e26,box,warmup,3,newRoot,SetActive_pair,1,20.5,20.5,20.5,20.5,1,43935.0,43935.0,43935,43935
player11-6bad76e3,IL2CPP,ac74cac748fd6e6ebd6d35c6cdd90d5b116a231b61a1104ebdec526eee938e26,box,warmup,3,newRoot,buildtotal,1,42.4,42.4,42.4,42.4,1,89658.0,89658.0,89658,89658
player11-6bad76e3,IL2CPP,ac74cac748fd6e6ebd6d35c6cdd90d5b116a231b61a1104ebdec526eee938e26,box,warmup,3,newRoot,colliders+,1,1.0,1.0,1.0,1.0,1,2363.0,2363.0,2363,2363
player11-6bad76e3,IL2CPP,ac74cac748fd6e6ebd6d35c6cdd90d5b116a231b61a1104ebdec526eee938e26,box,warmup,3,newRoot,colliders-,1,1.7,1.7,1.7,1.7,1,3939.0,3939.0,3939,3939
player11-6bad76e3,IL2CPP,ac74cac748fd6e6ebd6d35c6cdd90d5b116a231b61a1104ebdec526eee938e26,box,warmup,3,newRoot,colliders_pair,1,2.7,2.7,2.7,2.7,1,6302.0,6302.0,6302,6302
player11-6bad76e3,IL2CPP,ac74cac748fd6e6ebd6d35c6cdd90d5b116a231b61a1104ebdec526eee938e26,box,warmup,3,newRoot,newRoot+,1,2.1,2.1,2.1,2.1,1,4557.0,4557.0,4557,4557
player11-6bad76e3,IL2CPP,ac74cac748fd6e6ebd6d35c6cdd90d5b116a231b61a1104ebdec526eee938e26,box,warmup,3,newRoot,newRoot-,1,4.6,4.6,4.6,4.6,1,10008.0,10008.0,10008,10008
player11-6bad76e3,IL2CPP,ac74cac748fd6e6ebd6d35c6cdd90d5b116a231b61a1104ebdec526eee938e26,box,warmup,3,newRoot,newRoot_pair,1,6.7,6.7,6.7,6.7,1,14565.0,14565.0,14565,14565
player11-6bad76e3,IL2CPP,ac74cac748fd6e6ebd6d35c6cdd90d5b116a231b61a1104ebdec526eee938e26,box,warmup,3,newRoot,objects+,1,7.5,7.5,7.5,7.5,1,16079.0,16079.0,16079,16079
player11-6bad76e3,IL2CPP,ac74cac748fd6e6ebd6d35c6cdd90d5b116a231b61a1104ebdec526eee938e26,box,warmup,3,newRoot,objects-,1,15.7,15.7,15.7,15.7,1,33336.0,33336.0,33336,33336
player11-6bad76e3,IL2CPP,ac74cac748fd6e6ebd6d35c6cdd90d5b116a231b61a1104ebdec526eee938e26,box,warmup,3,newRoot,objects_pair,1,23.2,23.2,23.2,23.2,1,49415.0,49415.0,49415,49415
player11-6bad76e3,IL2CPP,ac74cac748fd6e6ebd6d35c6cdd90d5b116a231b61a1104ebdec526eee938e26,box,warmup,3,newRoot,publishtotal,1,33.0,33.0,33.0,33.0,1,69504.0,69504.0,69504,69504
player11-6bad76e3,IL2CPP,ac74cac748fd6e6ebd6d35c6cdd90d5b116a231b61a1104ebdec526eee938e26,character,measured,0,newRoot,BuildPublish,8,124.4,136.48,121.3,139.7,8,263141.0,288577.3,256294,295151
player11-6bad76e3,IL2CPP,ac74cac748fd6e6ebd6d35c6cdd90d5b116a231b61a1104ebdec526eee938e26,character,measured,0,newRoot,BuildSide+,8,31.6,32.985,28.4,33.3,8,66665.0,69555.0,59909,70262
player11-6bad76e3,IL2CPP,ac74cac748fd6e6ebd6d35c6cdd90d5b116a231b61a1104ebdec526eee938e26,character,measured,0,newRoot,BuildSide-,8,15.45,16.055,14.8,16.3,8,32446.5,33707.55,31000,34186
player11-6bad76e3,IL2CPP,ac74cac748fd6e6ebd6d35c6cdd90d5b116a231b61a1104ebdec526eee938e26,character,measured,0,newRoot,BuildSide_pair,8,46.75,48.66,44.0,48.8,8,98431.5,102582.6,92728,102836
player11-6bad76e3,IL2CPP,ac74cac748fd6e6ebd6d35c6cdd90d5b116a231b61a1104ebdec526eee938e26,character,measured,0,newRoot,SetActive+,8,26.4,33.129999999999995,25.4,36.0,8,55952.5,70359.94999999998,53992,76472
player11-6bad76e3,IL2CPP,ac74cac748fd6e6ebd6d35c6cdd90d5b116a231b61a1104ebdec526eee938e26,character,measured,0,newRoot,SetActive-,8,17.5,18.065,16.6,18.1,8,37335.5,38370.7,35298,38384
player11-6bad76e3,IL2CPP,ac74cac748fd6e6ebd6d35c6cdd90d5b116a231b61a1104ebdec526eee938e26,character,measured,0,newRoot,SetActive_pair,8,43.9,50.85999999999999,42.2,53.8,8,93260.5,108070.09999999999,89611,114277
player11-6bad76e3,IL2CPP,ac74cac748fd6e6ebd6d35c6cdd90d5b116a231b61a1104ebdec526eee938e26,character,measured,0,newRoot,buildtotal,8,63.849999999999994,68.55499999999999,62.3,68.8,8,135262.0,145606.4,131896,146361
player11-6bad76e3,IL2CPP,ac74cac748fd6e6ebd6d35c6cdd90d5b116a231b61a1104ebdec526eee938e26,character,measured,0,newRoot,colliders+,8,13.6,14.53,12.3,14.6,8,29008.0,30932.4,26105,30973
player11-6bad76e3,IL2CPP,ac74cac748fd6e6ebd6d35c6cdd90d5b116a231b61a1104ebdec526eee938e26,character,measured,0,newRoot,colliders-,8,7.5,8.62,7.4,8.9,8,16182.0,18406.05,15895,19028
player11-6bad76e3,IL2CPP,ac74cac748fd6e6ebd6d35c6cdd90d5b116a231b61a1104ebdec526eee938e26,character,measured,0,newRoot,colliders_pair,8,21.25,22.03,19.8,22.1,8,45449.5,47010.3,42294,47032
player11-6bad76e3,IL2CPP,ac74cac748fd6e6ebd6d35c6cdd90d5b116a231b61a1104ebdec526eee938e26,character,measured,0,newRoot,newRoot+,8,4.8,4.965,4.1,5.0,8,10458.5,10818.2,9037,10884
player11-6bad76e3,IL2CPP,ac74cac748fd6e6ebd6d35c6cdd90d5b116a231b61a1104ebdec526eee938e26,character,measured,0,newRoot,newRoot-,8,1.9,2.1,1.8,2.1,8,4280.0,4846.25,4168,4876
player11-6bad76e3,IL2CPP,ac74cac748fd6e6ebd6d35c6cdd90d5b116a231b61a1104ebdec526eee938e26,character,measured,0,newRoot,newRoot_pair,8,6.65,6.9,6.1,6.9,8,14664.0,15370.7,13611,15391
player11-6bad76e3,IL2CPP,ac74cac748fd6e6ebd6d35c6cdd90d5b116a231b61a1104ebdec526eee938e26,character,measured,0,newRoot,objects+,8,16.200000000000003,17.695,15.0,17.8,8,34386.5,37583.25,31821,37865
player11-6bad76e3,IL2CPP,ac74cac748fd6e6ebd6d35c6cdd90d5b116a231b61a1104ebdec526eee938e26,character,measured,0,newRoot,objects-,8,6.7,7.4,6.6,7.4,8,14216.0,15750.3,14125,15772
player11-6bad76e3,IL2CPP,ac74cac748fd6e6ebd6d35c6cdd90d5b116a231b61a1104ebdec526eee938e26,character,measured,0,newRoot,objects_pair,8,22.85,24.759999999999998,22.0,24.9,8,48535.5,52531.3,46761,52770
player11-6bad76e3,IL2CPP,ac74cac748fd6e6ebd6d35c6cdd90d5b116a231b61a1104ebdec526eee938e26,character,measured,0,newRoot,publishtotal,8,60.95,68.66,58.4,71.6,8,128456.5,144816.09999999998,123049,150946
player11-6bad76e3,IL2CPP,ac74cac748fd6e6ebd6d35c6cdd90d5b116a231b61a1104ebdec526eee938e26,character,measured,1,newRoot,BuildPublish,8,129.15,132.94,126.3,133.5,8,273953.5,280451.7,266476,281704
player11-6bad76e3,IL2CPP,ac74cac748fd6e6ebd6d35c6cdd90d5b116a231b61a1104ebdec526eee938e26,character,measured,1,newRoot,BuildSide+,8,19.6,21.814999999999998,18.9,22.2,8,41216.0,45892.95,39754,46790
player11-6bad76e3,IL2CPP,ac74cac748fd6e6ebd6d35c6cdd90d5b116a231b61a1104ebdec526eee938e26,character,measured,1,newRoot,BuildSide-,8,27.35,28.695,26.3,28.8,8,57661.0,60521.5,55439,60742
player11-6bad76e3,IL2CPP,ac74cac748fd6e6ebd6d35c6cdd90d5b116a231b61a1104ebdec526eee938e26,character,measured,1,newRoot,BuildSide_pair,8,46.7,50.07,45.8,50.7,8,98361.5,105434.09999999999,96373,106902
player11-6bad76e3,IL2CPP,ac74cac748fd6e6ebd6d35c6cdd90d5b116a231b61a1104ebdec526eee938e26,character,measured,1,newRoot,SetActive+,8,26.95,28.64,26.1,29.2,8,57138.5,60692.2,55411,61822
player11-6bad76e3,IL2CPP,ac74cac748fd6e6ebd6d35c6cdd90d5b116a231b61a1104ebdec526eee938e26,character,measured,1,newRoot,SetActive-,8,18.3,19.165,17.8,19.2,8,39037.0,40815.25,37830,40887
player11-6bad76e3,IL2CPP,ac74cac748fd6e6ebd6d35c6cdd90d5b116a231b61a1104ebdec526eee938e26,character,measured,1,newRoot,SetActive_pair,8,45.75,46.96,43.9,47.1,8,97235.5,99754.4,93241,100012
player11-6bad76e3,IL2CPP,ac74cac748fd6e6ebd6d35c6cdd90d5b116a231b61a1104ebdec526eee938e26,character,measured,1,newRoot,buildtotal,8,64.7,67.965,63.6,68.0,8,137377.0,143560.9,134298,143717
player11-6bad76e3,IL2CPP,ac74cac748fd6e6ebd6d35c6cdd90d5b116a231b61a1104ebdec526eee938e26,character,measured,1,newRoot,colliders+,8,11.95,14.05,11.7,14.4,8,25489.5,29930.449999999997,24915,30684
player11-6bad76e3,IL2CPP,ac74cac748fd6e6ebd6d35c6cdd90d5b116a231b61a1104ebdec526eee938e26,character,measured,1,newRoot,colliders-,8,9.1,9.365,8.2,9.4,8,19420.5,20128.4,17689,20267
player11-6bad76e3,IL2CPP,ac74cac748fd6e6ebd6d35c6cdd90d5b116a231b61a1104ebdec526eee938e26,character,measured,1,newRoot,colliders_pair,8,21.0,23.345,20.3,23.8,8,44820.5,49957.7,43381,50951
player11-6bad76e3,IL2CPP,ac74cac748fd6e6ebd6d35c6cdd90d5b116a231b61a1104ebdec526eee938e26,character,measured,1,newRoot,newRoot+,8,2.05,2.3649999999999998,1.8,2.4,8,4620.5,5184.55,4245,5292
player11-6bad76e3,IL2CPP,ac74cac748fd6e6ebd6d35c6cdd90d5b116a231b61a1104ebdec526eee938e26,character,measured,1,newRoot,newRoot-,8,5.35,5.83,4.5,5.9,8,11550.0,12780.35,9882,12927
player11-6bad76e3,IL2CPP,ac74cac748fd6e6ebd6d35c6cdd90d5b116a231b61a1104ebdec526eee938e26,character,measured,1,newRoot,newRoot_pair,8,7.35,8.0,6.8,8.0,8,16017.5,17567.5,14867,17641
player11-6bad76e3,IL2CPP,ac74cac748fd6e6ebd6d35c6cdd90d5b116a231b61a1104ebdec526eee938e26,character,measured,1,newRoot,objects+,8,6.800000000000001,7.265,6.6,7.3,8,14585.0,15408.25,13955,15438
player11-6bad76e3,IL2CPP,ac74cac748fd6e6ebd6d35c6cdd90d5b116a231b61a1104ebdec526eee938e26,character,measured,1,newRoot,objects-,8,17.049999999999997,18.224999999999998,15.6,18.4,8,36223.0,38598.2,33025,39000
player11-6bad76e3,IL2CPP,ac74cac748fd6e6ebd6d35c6cdd90d5b116a231b61a1104ebdec526eee938e26,character,measured,1,newRoot,objects_pair,8,23.9,25.0,22.9,25.0,8,50784.0,53072.7,48463,53107
player11-6bad76e3,IL2CPP,ac74cac748fd6e6ebd6d35c6cdd90d5b116a231b61a1104ebdec526eee938e26,character,measured,1,newRoot,publishtotal,8,63.85,66.28,62.5,66.7,8,134568.5,139758.9,131815,140713
player11-6bad76e3,IL2CPP,ac74cac748fd6e6ebd6d35c6cdd90d5b116a231b61a1104ebdec526eee938e26,character,measured,2,newRoot,BuildPublish,8,128.7,137.17,123.7,139.2,8,272171.5,289978.75,261074,294436
player11-6bad76e3,IL2CPP,ac74cac748fd6e6ebd6d35c6cdd90d5b116a231b61a1104ebdec526eee938e26,character,measured,2,newRoot,BuildSide+,8,30.85,32.865,29.3,33.6,8,64973.0,69101.8,61768,70597
player11-6bad76e3,IL2CPP,ac74cac748fd6e6ebd6d35c6cdd90d5b116a231b61a1104ebdec526eee938e26,character,measured,2,newRoot,BuildSide-,8,15.2,15.865,14.5,15.9,8,32030.0,33304.45,30378,33309
player11-6bad76e3,IL2CPP,ac74cac748fd6e6ebd6d35c6cdd90d5b116a231b61a1104ebdec526eee938e26,character,measured,2,newRoot,BuildSide_pair,8,46.2,48.425,44.0,49.3,8,97303.5,101764.9,92530,103489
player11-6bad76e3,IL2CPP,ac74cac748fd6e6ebd6d35c6cdd90d5b116a231b61a1104ebdec526eee938e26,character,measured,2,newRoot,SetActive+,8,35.0,37.675,32.7,38.9,8,74174.5,79846.09999999999,69512,82350
player11-6bad76e3,IL2CPP,ac74cac748fd6e6ebd6d35c6cdd90d5b116a231b61a1104ebdec526eee938e26,character,measured,2,newRoot,SetActive-,8,11.3,11.565,11.1,11.6,8,24326.0,24759.45,23796,24904
player11-6bad76e3,IL2CPP,ac74cac748fd6e6ebd6d35c6cdd90d5b116a231b61a1104ebdec526eee938e26,character,measured,2,newRoot,SetActive_pair,8,46.4,49.08,44.0,50.2,8,98648.5,104247.65,93871,106481
player11-6bad76e3,IL2CPP,ac74cac748fd6e6ebd6d35c6cdd90d5b116a231b61a1104ebdec526eee938e26,character,measured,2,newRoot,buildtotal,8,64.95,69.66,61.6,70.5,8,137285.5,147623.2,130010,149593
player11-6bad76e3,IL2CPP,ac74cac748fd6e6ebd6d35c6cdd90d5b116a231b61a1104ebdec526eee938e26,character,measured,2,newRoot,colliders+,8,12.9,13.495,12.2,13.6,8,27527.5,28856.9,26072,29069
player11-6bad76e3,IL2CPP,ac74cac748fd6e6ebd6d35c6cdd90d5b116a231b61a1104ebdec526eee938e26,character,measured,2,newRoot,colliders-,8,7.45,7.865,7.1,7.9,8,15974.5,16873.2,15237,16960
player11-6bad76e3,IL2CPP,ac74cac748fd6e6ebd6d35c6cdd90d5b116a231b61a1104ebdec526eee938e26,character,measured,2,newRoot,colliders_pair,8,20.35,21.29,19.5,21.5,8,43502.0,45591.15,41612,46029
player11-6bad76e3,IL2CPP,ac74cac748fd6e6ebd6d35c6cdd90d5b116a231b61a1104ebdec526eee938e26,character,measured,2,newRoot,newRoot+,8,4.9,5.46,4.6,5.6,8,10616.0,11895.55,10140,12276
player11-6bad76e3,IL2CPP,ac74cac748fd6e6ebd6d35c6cdd90d5b116a231b61a1104ebdec526eee938e26,character,measured,2,newRoot,newRoot-,8,2.1,2.465,1.9,2.5,8,4634.5,5335.0,4321,5356
player11-6bad76e3,IL2CPP,ac74cac748fd6e6ebd6d35c6cdd90d5b116a231b61a1104ebdec526eee938e26,character,measured,2,newRoot,newRoot_pair,8,7.15,7.66,6.5,7.8,8,15465.0,16783.399999999998,14514,17216
player11-6bad76e3,IL2CPP,ac74cac748fd6e6ebd6d35c6cdd90d5b116a231b61a1104ebdec526eee938e26,character,measured,2,newRoot,objects+,8,16.450000000000003,18.259999999999998,15.9,19.1,8,34864.5,38572.649999999994,33729,40274
player11-6bad76e3,IL2CPP,ac74cac748fd6e6ebd6d35c6cdd90d5b116a231b61a1104ebdec526eee938e26,character,measured,2,newRoot,objects-,8,7.05,7.5,6.6,7.5,8,14968.5,16127.2,13994,16137
player11-6bad76e3,IL2CPP,ac74cac748fd6e6ebd6d35c6cdd90d5b116a231b61a1104ebdec526eee938e26,character,measured,2,newRoot,objects_pair,8,23.299999999999997,25.725,22.6,26.6,8,49550.5,54557.75,48076,56411
player11-6bad76e3,IL2CPP,ac74cac748fd6e6ebd6d35c6cdd90d5b116a231b61a1104ebdec526eee938e26,character,measured,2,newRoot,publishtotal,8,64.5,67.78999999999999,60.5,68.7,8,135958.5,142895.6,127552,144843
player11-6bad76e3,IL2CPP,ac74cac748fd6e6ebd6d35c6cdd90d5b116a231b61a1104ebdec526eee938e26,character,measured,3,newRoot,BuildPublish,8,127.4,134.365,123.0,136.5,8,268940.0,283947.89999999997,259693,288493
player11-6bad76e3,IL2CPP,ac74cac748fd6e6ebd6d35c6cdd90d5b116a231b61a1104ebdec526eee938e26,character,measured,3,newRoot,BuildSide+,8,19.35,20.46,18.6,20.6,8,40619.0,42952.45,38883,43237
player11-6bad76e3,IL2CPP,ac74cac748fd6e6ebd6d35c6cdd90d5b116a231b61a1104ebdec526eee938e26,character,measured,3,newRoot,BuildSide-,8,26.65,30.919999999999998,25.8,31.2,8,56050.0,65010.549999999996,54284,65587
player11-6bad76e3,IL2CPP,ac74cac748fd6e6ebd6d35c6cdd90d5b116a231b61a1104ebdec526eee938e26,character,measured,3,newRoot,BuildSide_pair,8,46.8,49.89,44.4,50.1,8,98342.5,105035.35,93167,105511
player11-6bad76e3,IL2CPP,ac74cac748fd6e6ebd6d35c6cdd90d5b116a231b61a1104ebdec526eee938e26,character,measured,3,newRoot,SetActive+,8,33.45,35.449999999999996,32.2,35.8,8,70903.5,75115.85,68135,75819
player11-6bad76e3,IL2CPP,ac74cac748fd6e6ebd6d35c6cdd90d5b116a231b61a1104ebdec526eee938e26,character,measured,3,newRoot,SetActive-,8,11.1,12.174999999999999,10.9,12.7,8,23792.0,26103.1,23330,27221
player11-6bad76e3,IL2CPP,ac74cac748fd6e6ebd6d35c6cdd90d5b116a231b61a1104ebdec526eee938e26,character,measured,3,newRoot,SetActive_pair,8,44.65,47.519999999999996,43.2,48.5,8,94839.5,100975.0,91563,103040
player11-6bad76e3,IL2CPP,ac74cac748fd6e6ebd6d35c6cdd90d5b116a231b61a1104ebdec526eee938e26,character,measured,3,newRoot,buildtotal,8,65.35,69.745,62.6,70.9,8,138130.0,147497.05,132237,149932
player11-6bad76e3,IL2CPP,ac74cac748fd6e6ebd6d35c6cdd90d5b116a231b61a1104ebdec526eee938e26,character,measured,3,newRoot,colliders+,8,11.9,12.459999999999999,11.3,12.6,8,25355.5,26677.75,24084,27005
player11-6bad76e3,IL2CPP,ac74cac748fd6e6ebd6d35c6cdd90d5b116a231b61a1104ebdec526eee938e26,character,measured,3,newRoot,colliders-,8,8.649999999999999,11.569999999999999,8.2,12.9,8,18400.5,24757.749999999996,17636,27647
player11-6bad76e3,IL2CPP,ac74cac748fd6e6ebd6d35c6cdd90d5b116a231b61a1104ebdec526eee938e26,character,measured,3,newRoot,colliders_pair,8,20.549999999999997,23.435,19.9,24.8,8,43892.5,50099.7,42360,53039
player11-6bad76e3,IL2CPP,ac74cac748fd6e6ebd6d35c6cdd90d5b116a231b61a1104ebdec526eee938e26,character,measured,3,newRoot,newRoot+,8,2.0,2.395,1.9,2.5,8,4612.0,5344.95,4202,5514
player11-6bad76e3,IL2CPP,ac74cac748fd6e6ebd6d35c6cdd90d5b116a231b61a1104ebdec526eee938e26,character,measured,3,newRoot,newRoot-,8,5.0,6.509999999999999,4.6,7.0,8,11335.5,14008.55,9937,14977
player11-6bad76e3,IL2CPP,ac74cac748fd6e6ebd6d35c6cdd90d5b116a231b61a1104ebdec526eee938e26,character,measured,3,newRoot,newRoot_pair,8,7.05,8.584999999999999,6.6,8.9,8,15947.5,18582.6,14299,19179
player11-6bad76e3,IL2CPP,ac74cac748fd6e6ebd6d35c6cdd90d5b116a231b61a1104ebdec526eee938e26,character,measured,3,newRoot,objects+,8,6.9,7.33,6.5,7.4,8,14729.0,15727.15,13912,15941
player11-6bad76e3,IL2CPP,ac74cac748fd6e6ebd6d35c6cdd90d5b116a231b61a1104ebdec526eee938e26,character,measured,3,newRoot,objects-,8,16.4,19.455,16.0,20.4,8,34845.0,41203.2,34032,43264
player11-6bad76e3,IL2CPP,ac74cac748fd6e6ebd6d35c6cdd90d5b116a231b61a1104ebdec526eee938e26,character,measured,3,newRoot,objects_pair,8,23.65,26.295,22.5,27.1,8,50379.5,55793.899999999994,47944,57532
player11-6bad76e3,IL2CPP,ac74cac748fd6e6ebd6d35c6cdd90d5b116a231b61a1104ebdec526eee938e26,character,measured,3,newRoot,publishtotal,8,61.85,64.89999999999999,60.0,65.6,8,130450.5,137056.35,126555,138561
player11-6bad76e3,IL2CPP,ac74cac748fd6e6ebd6d35c6cdd90d5b116a231b61a1104ebdec526eee938e26,character,warmup,0,newRoot,BuildPublish,1,124.6,124.6,124.6,124.6,1,262829.0,262829.0,262829,262829
player11-6bad76e3,IL2CPP,ac74cac748fd6e6ebd6d35c6cdd90d5b116a231b61a1104ebdec526eee938e26,character,warmup,0,newRoot,BuildSide+,1,30.7,30.7,30.7,30.7,1,64619.0,64619.0,64619,64619
player11-6bad76e3,IL2CPP,ac74cac748fd6e6ebd6d35c6cdd90d5b116a231b61a1104ebdec526eee938e26,character,warmup,0,newRoot,BuildSide-,1,15.3,15.3,15.3,15.3,1,31916.0,31916.0,31916,31916
player11-6bad76e3,IL2CPP,ac74cac748fd6e6ebd6d35c6cdd90d5b116a231b61a1104ebdec526eee938e26,character,warmup,0,newRoot,BuildSide_pair,1,46.0,46.0,46.0,46.0,1,96535.0,96535.0,96535,96535
player11-6bad76e3,IL2CPP,ac74cac748fd6e6ebd6d35c6cdd90d5b116a231b61a1104ebdec526eee938e26,character,warmup,0,newRoot,SetActive+,1,26.7,26.7,26.7,26.7,1,56907.0,56907.0,56907,56907
player11-6bad76e3,IL2CPP,ac74cac748fd6e6ebd6d35c6cdd90d5b116a231b61a1104ebdec526eee938e26,character,warmup,0,newRoot,SetActive-,1,17.6,17.6,17.6,17.6,1,37559.0,37559.0,37559,37559
player11-6bad76e3,IL2CPP,ac74cac748fd6e6ebd6d35c6cdd90d5b116a231b61a1104ebdec526eee938e26,character,warmup,0,newRoot,SetActive_pair,1,44.3,44.3,44.3,44.3,1,94466.0,94466.0,94466,94466
player11-6bad76e3,IL2CPP,ac74cac748fd6e6ebd6d35c6cdd90d5b116a231b61a1104ebdec526eee938e26,character,warmup,0,newRoot,buildtotal,1,63.9,63.9,63.9,63.9,1,134980.0,134980.0,134980,134980
player11-6bad76e3,IL2CPP,ac74cac748fd6e6ebd6d35c6cdd90d5b116a231b61a1104ebdec526eee938e26,character,warmup,0,newRoot,colliders+,1,12.9,12.9,12.9,12.9,1,27496.0,27496.0,27496,27496
player11-6bad76e3,IL2CPP,ac74cac748fd6e6ebd6d35c6cdd90d5b116a231b61a1104ebdec526eee938e26,character,warmup,0,newRoot,colliders-,1,7.5,7.5,7.5,7.5,1,16178.0,16178.0,16178,16178
player11-6bad76e3,IL2CPP,ac74cac748fd6e6ebd6d35c6cdd90d5b116a231b61a1104ebdec526eee938e26,character,warmup,0,newRoot,colliders_pair,1,20.4,20.4,20.4,20.4,1,43674.0,43674.0,43674,43674
player11-6bad76e3,IL2CPP,ac74cac748fd6e6ebd6d35c6cdd90d5b116a231b61a1104ebdec526eee938e26,character,warmup,0,newRoot,newRoot+,1,4.8,4.8,4.8,4.8,1,10866.0,10866.0,10866,10866
player11-6bad76e3,IL2CPP,ac74cac748fd6e6ebd6d35c6cdd90d5b116a231b61a1104ebdec526eee938e26,character,warmup,0,newRoot,newRoot-,1,2.4,2.4,2.4,2.4,1,5333.0,5333.0,5333,5333
player11-6bad76e3,IL2CPP,ac74cac748fd6e6ebd6d35c6cdd90d5b116a231b61a1104ebdec526eee938e26,character,warmup,0,newRoot,newRoot_pair,1,7.2,7.2,7.2,7.2,1,16199.0,16199.0,16199,16199
player11-6bad76e3,IL2CPP,ac74cac748fd6e6ebd6d35c6cdd90d5b116a231b61a1104ebdec526eee938e26,character,warmup,0,newRoot,objects+,1,16.6,16.6,16.6,16.6,1,35300.0,35300.0,35300,35300
player11-6bad76e3,IL2CPP,ac74cac748fd6e6ebd6d35c6cdd90d5b116a231b61a1104ebdec526eee938e26,character,warmup,0,newRoot,objects-,1,6.9,6.9,6.9,6.9,1,14821.0,14821.0,14821,14821
player11-6bad76e3,IL2CPP,ac74cac748fd6e6ebd6d35c6cdd90d5b116a231b61a1104ebdec526eee938e26,character,warmup,0,newRoot,objects_pair,1,23.5,23.5,23.5,23.5,1,50121.0,50121.0,50121,50121
player11-6bad76e3,IL2CPP,ac74cac748fd6e6ebd6d35c6cdd90d5b116a231b61a1104ebdec526eee938e26,character,warmup,0,newRoot,publishtotal,1,60.7,60.7,60.7,60.7,1,127849.0,127849.0,127849,127849
player11-6bad76e3,IL2CPP,ac74cac748fd6e6ebd6d35c6cdd90d5b116a231b61a1104ebdec526eee938e26,character,warmup,1,newRoot,BuildPublish,1,129.1,129.1,129.1,129.1,1,272531.0,272531.0,272531,272531
player11-6bad76e3,IL2CPP,ac74cac748fd6e6ebd6d35c6cdd90d5b116a231b61a1104ebdec526eee938e26,character,warmup,1,newRoot,BuildSide+,1,20.2,20.2,20.2,20.2,1,42310.0,42310.0,42310,42310
player11-6bad76e3,IL2CPP,ac74cac748fd6e6ebd6d35c6cdd90d5b116a231b61a1104ebdec526eee938e26,character,warmup,1,newRoot,BuildSide-,1,28.5,28.5,28.5,28.5,1,60221.0,60221.0,60221,60221
player11-6bad76e3,IL2CPP,ac74cac748fd6e6ebd6d35c6cdd90d5b116a231b61a1104ebdec526eee938e26,character,warmup,1,newRoot,BuildSide_pair,1,48.7,48.7,48.7,48.7,1,102531.0,102531.0,102531,102531
player11-6bad76e3,IL2CPP,ac74cac748fd6e6ebd6d35c6cdd90d5b116a231b61a1104ebdec526eee938e26,character,warmup,1,newRoot,SetActive+,1,26.9,26.9,26.9,26.9,1,57245.0,57245.0,57245,57245
player11-6bad76e3,IL2CPP,ac74cac748fd6e6ebd6d35c6cdd90d5b116a231b61a1104ebdec526eee938e26,character,warmup,1,newRoot,SetActive-,1,18.6,18.6,18.6,18.6,1,39622.0,39622.0,39622,39622
player11-6bad76e3,IL2CPP,ac74cac748fd6e6ebd6d35c6cdd90d5b116a231b61a1104ebdec526eee938e26,character,warmup,1,newRoot,SetActive_pair,1,45.5,45.5,45.5,45.5,1,96867.0,96867.0,96867,96867
player11-6bad76e3,IL2CPP,ac74cac748fd6e6ebd6d35c6cdd90d5b116a231b61a1104ebdec526eee938e26,character,warmup,1,newRoot,buildtotal,1,66.1,66.1,66.1,66.1,1,139623.0,139623.0,139623,139623
player11-6bad76e3,IL2CPP,ac74cac748fd6e6ebd6d35c6cdd90d5b116a231b61a1104ebdec526eee938e26,character,warmup,1,newRoot,colliders+,1,13.0,13.0,13.0,13.0,1,27671.0,27671.0,27671,27671
player11-6bad76e3,IL2CPP,ac74cac748fd6e6ebd6d35c6cdd90d5b116a231b61a1104ebdec526eee938e26,character,warmup,1,newRoot,colliders-,1,9.7,9.7,9.7,9.7,1,20672.0,20672.0,20672,20672
player11-6bad76e3,IL2CPP,ac74cac748fd6e6ebd6d35c6cdd90d5b116a231b61a1104ebdec526eee938e26,character,warmup,1,newRoot,colliders_pair,1,22.7,22.7,22.7,22.7,1,48343.0,48343.0,48343,48343
player11-6bad76e3,IL2CPP,ac74cac748fd6e6ebd6d35c6cdd90d5b116a231b61a1104ebdec526eee938e26,character,warmup,1,newRoot,newRoot+,1,1.8,1.8,1.8,1.8,1,4123.0,4123.0,4123,4123
player11-6bad76e3,IL2CPP,ac74cac748fd6e6ebd6d35c6cdd90d5b116a231b61a1104ebdec526eee938e26,character,warmup,1,newRoot,newRoot-,1,6.3,6.3,6.3,6.3,1,13579.0,13579.0,13579,13579
player11-6bad76e3,IL2CPP,ac74cac748fd6e6ebd6d35c6cdd90d5b116a231b61a1104ebdec526eee938e26,character,warmup,1,newRoot,newRoot_pair,1,8.1,8.1,8.1,8.1,1,17702.0,17702.0,17702,17702
player11-6bad76e3,IL2CPP,ac74cac748fd6e6ebd6d35c6cdd90d5b116a231b61a1104ebdec526eee938e26,character,warmup,1,newRoot,objects+,1,6.5,6.5,6.5,6.5,1,13768.0,13768.0,13768,13768
player11-6bad76e3,IL2CPP,ac74cac748fd6e6ebd6d35c6cdd90d5b116a231b61a1104ebdec526eee938e26,character,warmup,1,newRoot,objects-,1,17.7,17.7,17.7,17.7,1,37735.0,37735.0,37735,37735
player11-6bad76e3,IL2CPP,ac74cac748fd6e6ebd6d35c6cdd90d5b116a231b61a1104ebdec526eee938e26,character,warmup,1,newRoot,objects_pair,1,24.2,24.2,24.2,24.2,1,51503.0,51503.0,51503,51503
player11-6bad76e3,IL2CPP,ac74cac748fd6e6ebd6d35c6cdd90d5b116a231b61a1104ebdec526eee938e26,character,warmup,1,newRoot,publishtotal,1,63.0,63.0,63.0,63.0,1,132908.0,132908.0,132908,132908
player11-6bad76e3,IL2CPP,ac74cac748fd6e6ebd6d35c6cdd90d5b116a231b61a1104ebdec526eee938e26,character,warmup,2,newRoot,BuildPublish,1,185.7,185.7,185.7,185.7,1,392227.0,392227.0,392227,392227
player11-6bad76e3,IL2CPP,ac74cac748fd6e6ebd6d35c6cdd90d5b116a231b61a1104ebdec526eee938e26,character,warmup,2,newRoot,BuildSide+,1,51.1,51.1,51.1,51.1,1,107567.0,107567.0,107567,107567
player11-6bad76e3,IL2CPP,ac74cac748fd6e6ebd6d35c6cdd90d5b116a231b61a1104ebdec526eee938e26,character,warmup,2,newRoot,BuildSide-,1,17.3,17.3,17.3,17.3,1,36358.0,36358.0,36358,36358
player11-6bad76e3,IL2CPP,ac74cac748fd6e6ebd6d35c6cdd90d5b116a231b61a1104ebdec526eee938e26,character,warmup,2,newRoot,BuildSide_pair,1,68.4,68.4,68.4,68.4,1,143925.0,143925.0,143925,143925
player11-6bad76e3,IL2CPP,ac74cac748fd6e6ebd6d35c6cdd90d5b116a231b61a1104ebdec526eee938e26,character,warmup,2,newRoot,SetActive+,1,55.4,55.4,55.4,55.4,1,117352.0,117352.0,117352,117352
player11-6bad76e3,IL2CPP,ac74cac748fd6e6ebd6d35c6cdd90d5b116a231b61a1104ebdec526eee938e26,character,warmup,2,newRoot,SetActive-,1,13.9,13.9,13.9,13.9,1,29584.0,29584.0,29584,29584
player11-6bad76e3,IL2CPP,ac74cac748fd6e6ebd6d35c6cdd90d5b116a231b61a1104ebdec526eee938e26,character,warmup,2,newRoot,SetActive_pair,1,69.3,69.3,69.3,69.3,1,146936.0,146936.0,146936,146936
player11-6bad76e3,IL2CPP,ac74cac748fd6e6ebd6d35c6cdd90d5b116a231b61a1104ebdec526eee938e26,character,warmup,2,newRoot,buildtotal,1,90.3,90.3,90.3,90.3,1,190766.0,190766.0,190766,190766
player11-6bad76e3,IL2CPP,ac74cac748fd6e6ebd6d35c6cdd90d5b116a231b61a1104ebdec526eee938e26,character,warmup,2,newRoot,colliders+,1,18.0,18.0,18.0,18.0,1,38182.0,38182.0,38182,38182
player11-6bad76e3,IL2CPP,ac74cac748fd6e6ebd6d35c6cdd90d5b116a231b61a1104ebdec526eee938e26,character,warmup,2,newRoot,colliders-,1,8.2,8.2,8.2,8.2,1,17763.0,17763.0,17763,17763
player11-6bad76e3,IL2CPP,ac74cac748fd6e6ebd6d35c6cdd90d5b116a231b61a1104ebdec526eee938e26,character,warmup,2,newRoot,colliders_pair,1,26.2,26.2,26.2,26.2,1,55945.0,55945.0,55945,55945
player11-6bad76e3,IL2CPP,ac74cac748fd6e6ebd6d35c6cdd90d5b116a231b61a1104ebdec526eee938e26,character,warmup,2,newRoot,newRoot+,1,13.1,13.1,13.1,13.1,1,27891.0,27891.0,27891,27891
player11-6bad76e3,IL2CPP,ac74cac748fd6e6ebd6d35c6cdd90d5b116a231b61a1104ebdec526eee938e26,character,warmup,2,newRoot,newRoot-,1,3.1,3.1,3.1,3.1,1,6757.0,6757.0,6757,6757
player11-6bad76e3,IL2CPP,ac74cac748fd6e6ebd6d35c6cdd90d5b116a231b61a1104ebdec526eee938e26,character,warmup,2,newRoot,newRoot_pair,1,16.2,16.2,16.2,16.2,1,34648.0,34648.0,34648,34648
player11-6bad76e3,IL2CPP,ac74cac748fd6e6ebd6d35c6cdd90d5b116a231b61a1104ebdec526eee938e26,character,warmup,2,newRoot,objects+,1,31.6,31.6,31.6,31.6,1,66605.0,66605.0,66605,66605
player11-6bad76e3,IL2CPP,ac74cac748fd6e6ebd6d35c6cdd90d5b116a231b61a1104ebdec526eee938e26,character,warmup,2,newRoot,objects-,1,8.2,8.2,8.2,8.2,1,17677.0,17677.0,17677,17677
player11-6bad76e3,IL2CPP,ac74cac748fd6e6ebd6d35c6cdd90d5b116a231b61a1104ebdec526eee938e26,character,warmup,2,newRoot,objects_pair,1,39.8,39.8,39.8,39.8,1,84282.0,84282.0,84282,84282
player11-6bad76e3,IL2CPP,ac74cac748fd6e6ebd6d35c6cdd90d5b116a231b61a1104ebdec526eee938e26,character,warmup,2,newRoot,publishtotal,1,95.4,95.4,95.4,95.4,1,201461.0,201461.0,201461,201461
player11-6bad76e3,IL2CPP,ac74cac748fd6e6ebd6d35c6cdd90d5b116a231b61a1104ebdec526eee938e26,character,warmup,3,newRoot,BuildPublish,1,134.1,134.1,134.1,134.1,1,283311.0,283311.0,283311,283311
player11-6bad76e3,IL2CPP,ac74cac748fd6e6ebd6d35c6cdd90d5b116a231b61a1104ebdec526eee938e26,character,warmup,3,newRoot,BuildSide+,1,19.0,19.0,19.0,19.0,1,39718.0,39718.0,39718,39718
player11-6bad76e3,IL2CPP,ac74cac748fd6e6ebd6d35c6cdd90d5b116a231b61a1104ebdec526eee938e26,character,warmup,3,newRoot,BuildSide-,1,28.1,28.1,28.1,28.1,1,59135.0,59135.0,59135,59135
player11-6bad76e3,IL2CPP,ac74cac748fd6e6ebd6d35c6cdd90d5b116a231b61a1104ebdec526eee938e26,character,warmup,3,newRoot,BuildSide_pair,1,47.1,47.1,47.1,47.1,1,98853.0,98853.0,98853,98853
player11-6bad76e3,IL2CPP,ac74cac748fd6e6ebd6d35c6cdd90d5b116a231b61a1104ebdec526eee938e26,character,warmup,3,newRoot,SetActive+,1,34.0,34.0,34.0,34.0,1,72235.0,72235.0,72235,72235
player11-6bad76e3,IL2CPP,ac74cac748fd6e6ebd6d35c6cdd90d5b116a231b61a1104ebdec526eee938e26,character,warmup,3,newRoot,SetActive-,1,16.4,16.4,16.4,16.4,1,35020.0,35020.0,35020,35020
player11-6bad76e3,IL2CPP,ac74cac748fd6e6ebd6d35c6cdd90d5b116a231b61a1104ebdec526eee938e26,character,warmup,3,newRoot,SetActive_pair,1,50.4,50.4,50.4,50.4,1,107255.0,107255.0,107255,107255
player11-6bad76e3,IL2CPP,ac74cac748fd6e6ebd6d35c6cdd90d5b116a231b61a1104ebdec526eee938e26,character,warmup,3,newRoot,buildtotal,1,65.0,65.0,65.0,65.0,1,137438.0,137438.0,137438,137438
player11-6bad76e3,IL2CPP,ac74cac748fd6e6ebd6d35c6cdd90d5b116a231b61a1104ebdec526eee938e26,character,warmup,3,newRoot,colliders+,1,11.5,11.5,11.5,11.5,1,24512.0,24512.0,24512,24512
player11-6bad76e3,IL2CPP,ac74cac748fd6e6ebd6d35c6cdd90d5b116a231b61a1104ebdec526eee938e26,character,warmup,3,newRoot,colliders-,1,9.1,9.1,9.1,9.1,1,19580.0,19580.0,19580,19580
player11-6bad76e3,IL2CPP,ac74cac748fd6e6ebd6d35c6cdd90d5b116a231b61a1104ebdec526eee938e26,character,warmup,3,newRoot,colliders_pair,1,20.6,20.6,20.6,20.6,1,44092.0,44092.0,44092,44092
player11-6bad76e3,IL2CPP,ac74cac748fd6e6ebd6d35c6cdd90d5b116a231b61a1104ebdec526eee938e26,character,warmup,3,newRoot,newRoot+,1,1.9,1.9,1.9,1.9,1,4233.0,4233.0,4233,4233
player11-6bad76e3,IL2CPP,ac74cac748fd6e6ebd6d35c6cdd90d5b116a231b61a1104ebdec526eee938e26,character,warmup,3,newRoot,newRoot-,1,5.6,5.6,5.6,5.6,1,12323.0,12323.0,12323,12323
player11-6bad76e3,IL2CPP,ac74cac748fd6e6ebd6d35c6cdd90d5b116a231b61a1104ebdec526eee938e26,character,warmup,3,newRoot,newRoot_pair,1,7.5,7.5,7.5,7.5,1,16556.0,16556.0,16556,16556
player11-6bad76e3,IL2CPP,ac74cac748fd6e6ebd6d35c6cdd90d5b116a231b61a1104ebdec526eee938e26,character,warmup,3,newRoot,objects+,1,6.7,6.7,6.7,6.7,1,14314.0,14314.0,14314,14314
player11-6bad76e3,IL2CPP,ac74cac748fd6e6ebd6d35c6cdd90d5b116a231b61a1104ebdec526eee938e26,character,warmup,3,newRoot,objects-,1,17.5,17.5,17.5,17.5,1,37037.0,37037.0,37037,37037
player11-6bad76e3,IL2CPP,ac74cac748fd6e6ebd6d35c6cdd90d5b116a231b61a1104ebdec526eee938e26,character,warmup,3,newRoot,objects_pair,1,24.2,24.2,24.2,24.2,1,51351.0,51351.0,51351,51351
player11-6bad76e3,IL2CPP,ac74cac748fd6e6ebd6d35c6cdd90d5b116a231b61a1104ebdec526eee938e26,character,warmup,3,newRoot,publishtotal,1,69.1,69.1,69.1,69.1,1,145873.0,145873.0,145873,145873
