run,backend,source_fingerprint,case,phase,mode,probe_schema,stage,metric,positive_minus_negative_n,positive_minus_negative_median,positive_minus_negative_p95,positive_minus_negative_min,positive_minus_negative_max,first_minus_second_n,first_minus_second_median,first_minus_second_p95,first_minus_second_min,first_minus_second_max,order_kind,positive_ordinal,negative_ordinal,positive_colliders,negative_colliders
player00-66233b83,IL2CPP,ac74cac748fd6e6ebd6d35c6cdd90d5b116a231b61a1104ebdec526eee938e26,box,measured,0,newRoot,BuildSide,elapsed_us,8,11.7,13.23,10.600000000000001,13.3,8,11.7,13.23,10.600000000000001,13.3,build,1,2,1,1
player00-66233b83,IL2CPP,ac74cac748fd6e6ebd6d35c6cdd90d5b116a231b61a1104ebdec526eee938e26,box,measured,0,newRoot,BuildSide,thread_cycles,8,24727.5,27987.45,22314,28181,8,24727.5,27987.45,22314,28181,build,1,2,1,1
player00-66233b83,IL2CPP,ac74cac748fd6e6ebd6d35c6cdd90d5b116a231b61a1104ebdec526eee938e26,box,measured,0,newRoot,SetActive,elapsed_us,8,4.1,6.01,2.0,6.5,8,-4.1,-2.3500000000000005,-6.5,-2.0,activation,2,1,1,1
player00-66233b83,IL2CPP,ac74cac748fd6e6ebd6d35c6cdd90d5b116a231b61a1104ebdec526eee938e26,box,measured,0,newRoot,SetActive,thread_cycles,8,8485.5,12575.8,4185,13602,8,-8485.5,-4918.600000000001,-13602,-4185,activation,2,1,1,1
player00-66233b83,IL2CPP,ac74cac748fd6e6ebd6d35c6cdd90d5b116a231b61a1104ebdec526eee938e26,box,measured,0,newRoot,colliders,elapsed_us,8,1.05,1.565,0.9,1.6,8,1.05,1.565,0.9,1.6,build,1,2,1,1
player00-66233b83,IL2CPP,ac74cac748fd6e6ebd6d35c6cdd90d5b116a231b61a1104ebdec526eee938e26,box,measured,0,newRoot,colliders,thread_cycles,8,2294.0,3248.05,2011,3275,8,2294.0,3248.05,2011,3275,build,1,2,1,1
player00-66233b83,IL2CPP,ac74cac748fd6e6ebd6d35c6cdd90d5b116a231b61a1104ebdec526eee938e26,box,measured,0,newRoot,newRoot,elapsed_us,8,3.05,3.43,1.9000000000000001,3.5,8,3.05,3.43,1.9000000000000001,3.5,build,1,2,1,1
player00-66233b83,IL2CPP,ac74cac748fd6e6ebd6d35c6cdd90d5b116a231b61a1104ebdec526eee938e26,box,measured,0,newRoot,newRoot,thread_cycles,8,6556.0,7425.099999999999,4124,7521,8,6556.0,7425.099999999999,4124,7521,build,1,2,1,1
player00-66233b83,IL2CPP,ac74cac748fd6e6ebd6d35c6cdd90d5b116a231b61a1104ebdec526eee938e26,box,measured,0,newRoot,objects,elapsed_us,8,9.75,11.59,8.6,11.8,8,9.75,11.59,8.6,11.8,build,1,2,1,1
player00-66233b83,IL2CPP,ac74cac748fd6e6ebd6d35c6cdd90d5b116a231b61a1104ebdec526eee938e26,box,measured,0,newRoot,objects,thread_cycles,8,20699.0,24492.75,18219,24918,8,20699.0,24492.75,18219,24918,build,1,2,1,1
player00-66233b83,IL2CPP,ac74cac748fd6e6ebd6d35c6cdd90d5b116a231b61a1104ebdec526eee938e26,box,measured,1,newRoot,BuildSide,elapsed_us,8,-10.5,-9.8,-30.6,-9.8,8,10.5,28.674999999999997,9.8,30.6,build,2,1,1,1
player00-66233b83,IL2CPP,ac74cac748fd6e6ebd6d35c6cdd90d5b116a231b61a1104ebdec526eee938e26,box,measured,1,newRoot,BuildSide,thread_cycles,8,-22203.0,-20646.6,-61246,-20634,8,22203.0,58310.549999999996,20634,61246,build,2,1,1,1
player00-66233b83,IL2CPP,ac74cac748fd6e6ebd6d35c6cdd90d5b116a231b61a1104ebdec526eee938e26,box,measured,1,newRoot,SetActive,elapsed_us,8,3.1500000000000004,5.069999999999999,-6.300000000000001,5.7,8,-3.1500000000000004,4.6549999999999985,-5.7,6.300000000000001,activation,2,1,1,1
player00-66233b83,IL2CPP,ac74cac748fd6e6ebd6d35c6cdd90d5b116a231b61a1104ebdec526eee938e26,box,measured,1,newRoot,SetActive,thread_cycles,8,6691.0,10735.149999999998,-14648,12223,8,-6691.0,10654.149999999994,-12223,14648,activation,2,1,1,1
player00-66233b83,IL2CPP,ac74cac748fd6e6ebd6d35c6cdd90d5b116a231b61a1104ebdec526eee938e26,box,measured,1,newRoot,colliders,elapsed_us,8,-1.1,-0.5050000000000002,-2.3000000000000003,-0.4,8,1.1,2.23,0.4,2.3000000000000003,build,2,1,1,1
player00-66233b83,IL2CPP,ac74cac748fd6e6ebd6d35c6cdd90d5b116a231b61a1104ebdec526eee938e26,box,measured,1,newRoot,colliders,thread_cycles,8,-2484.5,-1113.2500000000002,-5029,-982,8,2484.5,4801.849999999999,982,5029,build,2,1,1,1
player00-66233b83,IL2CPP,ac74cac748fd6e6ebd6d35c6cdd90d5b116a231b61a1104ebdec526eee938e26,box,measured,1,newRoot,newRoot,elapsed_us,8,-2.05,0.06499999999999884,-10.3,0.8,8,2.05,7.7449999999999966,-0.8,10.3,build,2,1,1,1
player00-66233b83,IL2CPP,ac74cac748fd6e6ebd6d35c6cdd90d5b116a231b61a1104ebdec526eee938e26,box,measured,1,newRoot,newRoot,thread_cycles,8,-4431.0,-246.4500000000021,-21971,1240,8,4431.0,16479.84999999999,-1240,21971,build,2,1,1,1
player00-66233b83,IL2CPP,ac74cac748fd6e6ebd6d35c6cdd90d5b116a231b61a1104ebdec526eee938e26,box,measured,1,newRoot,objects,elapsed_us,8,-8.75,-8.17,-26.6,-8.1,8,8.75,25.025,8.1,26.6,build,2,1,1,1
player00-66233b83,IL2CPP,ac74cac748fd6e6ebd6d35c6cdd90d5b116a231b61a1104ebdec526eee938e26,box,measured,1,newRoot,objects,thread_cycles,8,-18371.0,-17192.85,-54099,-17063,8,18371.0,51536.649999999994,17063,54099,build,2,1,1,1
player00-66233b83,IL2CPP,ac74cac748fd6e6ebd6d35c6cdd90d5b116a231b61a1104ebdec526eee938e26,box,measured,2,newRoot,BuildSide,elapsed_us,8,12.0,15.239999999999998,10.0,16.5,8,12.0,15.239999999999998,10.0,16.5,build,1,2,1,1
player00-66233b83,IL2CPP,ac74cac748fd6e6ebd6d35c6cdd90d5b116a231b61a1104ebdec526eee938e26,box,measured,2,newRoot,BuildSide,thread_cycles,8,25327.0,31971.549999999996,21135,34697,8,25327.0,31971.549999999996,21135,34697,build,1,2,1,1
player00-66233b83,IL2CPP,ac74cac748fd6e6ebd6d35c6cdd90d5b116a231b61a1104ebdec526eee938e26,box,measured,2,newRoot,SetActive,elapsed_us,8,15.950000000000001,20.939999999999998,15.0,22.900000000000002,8,15.950000000000001,20.939999999999998,15.0,22.900000000000002,activation,1,2,1,1
player00-66233b83,IL2CPP,ac74cac748fd6e6ebd6d35c6cdd90d5b116a231b61a1104ebdec526eee938e26,box,measured,2,newRoot,SetActive,thread_cycles,8,33736.5,44328.149999999994,31841,48378,8,33736.5,44328.149999999994,31841,48378,activation,1,2,1,1
player00-66233b83,IL2CPP,ac74cac748fd6e6ebd6d35c6cdd90d5b116a231b61a1104ebdec526eee938e26,box,measured,2,newRoot,colliders,elapsed_us,8,1.1,1.66,0.30000000000000004,1.8,8,1.1,1.66,0.30000000000000004,1.8,build,1,2,1,1
player00-66233b83,IL2CPP,ac74cac748fd6e6ebd6d35c6cdd90d5b116a231b61a1104ebdec526eee938e26,box,measured,2,newRoot,colliders,thread_cycles,8,2290.5,3428.8999999999996,654,3634,8,2290.5,3428.8999999999996,654,3634,build,1,2,1,1
player00-66233b83,IL2CPP,ac74cac748fd6e6ebd6d35c6cdd90d5b116a231b61a1104ebdec526eee938e26,box,measured,2,newRoot,newRoot,elapsed_us,8,2.6500000000000004,3.295,2.1,3.4000000000000004,8,2.6500000000000004,3.295,2.1,3.4000000000000004,build,1,2,1,1
player00-66233b83,IL2CPP,ac74cac748fd6e6ebd6d35c6cdd90d5b116a231b61a1104ebdec526eee938e26,box,measured,2,newRoot,newRoot,thread_cycles,8,5704.0,7272.3,4538,7343,8,5704.0,7272.3,4538,7343,build,1,2,1,1
player00-66233b83,IL2CPP,ac74cac748fd6e6ebd6d35c6cdd90d5b116a231b61a1104ebdec526eee938e26,box,measured,2,newRoot,objects,elapsed_us,8,9.950000000000001,12.95,8.4,14.0,8,9.950000000000001,12.95,8.4,14.0,build,1,2,1,1
player00-66233b83,IL2CPP,ac74cac748fd6e6ebd6d35c6cdd90d5b116a231b61a1104ebdec526eee938e26,box,measured,2,newRoot,objects,thread_cycles,8,21053.0,27526.899999999998,17792,29769,8,21053.0,27526.899999999998,17792,29769,build,1,2,1,1
player00-66233b83,IL2CPP,ac74cac748fd6e6ebd6d35c6cdd90d5b116a231b61a1104ebdec526eee938e26,box,measured,3,newRoot,BuildSide,elapsed_us,8,-12.0,-10.905000000000001,-14.600000000000001,-10.8,8,12.0,14.215,10.8,14.600000000000001,build,2,1,1,1
player00-66233b83,IL2CPP,ac74cac748fd6e6ebd6d35c6cdd90d5b116a231b61a1104ebdec526eee938e26,box,measured,3,newRoot,BuildSide,thread_cycles,8,-25286.5,-22911.4,-30731,-22679,8,25286.5,29928.449999999997,22679,30731,build,2,1,1,1
player00-66233b83,IL2CPP,ac74cac748fd6e6ebd6d35c6cdd90d5b116a231b61a1104ebdec526eee938e26,box,measured,3,newRoot,SetActive,elapsed_us,8,16.450000000000003,17.095,16.0,17.2,8,16.450000000000003,17.095,16.0,17.2,activation,1,2,1,1
player00-66233b83,IL2CPP,ac74cac748fd6e6ebd6d35c6cdd90d5b116a231b61a1104ebdec526eee938e26,box,measured,3,newRoot,SetActive,thread_cycles,8,34747.0,36266.5,33848,36522,8,34747.0,36266.5,33848,36522,activation,1,2,1,1
player00-66233b83,IL2CPP,ac74cac748fd6e6ebd6d35c6cdd90d5b116a231b61a1104ebdec526eee938e26,box,measured,3,newRoot,colliders,elapsed_us,8,-1.0,-0.6700000000000002,-2.2,-0.6000000000000001,8,1.0,1.9549999999999996,0.6000000000000001,2.2,build,2,1,1,1
player00-66233b83,IL2CPP,ac74cac748fd6e6ebd6d35c6cdd90d5b116a231b61a1104ebdec526eee938e26,box,measured,3,newRoot,colliders,thread_cycles,8,-2207.0,-1594.15,-4741,-1465,8,2207.0,4295.099999999999,1465,4741,build,2,1,1,1
player00-66233b83,IL2CPP,ac74cac748fd6e6ebd6d35c6cdd90d5b116a231b61a1104ebdec526eee938e26,box,measured,3,newRoot,newRoot,elapsed_us,8,-2.5500000000000003,-1.7750000000000004,-4.0,-1.6,8,2.5500000000000003,3.79,1.6,4.0,build,2,1,1,1
player00-66233b83,IL2CPP,ac74cac748fd6e6ebd6d35c6cdd90d5b116a231b61a1104ebdec526eee938e26,box,measured,3,newRoot,newRoot,thread_cycles,8,-5365.5,-3918.5000000000005,-8550,-3635,8,5365.5,8097.099999999999,3635,8550,build,2,1,1,1
player00-66233b83,IL2CPP,ac74cac748fd6e6ebd6d35c6cdd90d5b116a231b61a1104ebdec526eee938e26,box,measured,3,newRoot,objects,elapsed_us,8,-9.700000000000001,-8.9,-13.0,-8.9,8,9.700000000000001,12.264999999999999,8.9,13.0,build,2,1,1,1
player00-66233b83,IL2CPP,ac74cac748fd6e6ebd6d35c6cdd90d5b116a231b61a1104ebdec526eee938e26,box,measured,3,newRoot,objects,thread_cycles,8,-20490.0,-18888.75,-27424,-18880,8,20490.0,25801.049999999996,18880,27424,build,2,1,1,1
player00-66233b83,IL2CPP,ac74cac748fd6e6ebd6d35c6cdd90d5b116a231b61a1104ebdec526eee938e26,box,warmup,0,newRoot,BuildSide,elapsed_us,1,17.900000000000002,17.900000000000002,17.900000000000002,17.900000000000002,1,17.900000000000002,17.900000000000002,17.900000000000002,17.900000000000002,build,1,2,1,1
player00-66233b83,IL2CPP,ac74cac748fd6e6ebd6d35c6cdd90d5b116a231b61a1104ebdec526eee938e26,box,warmup,0,newRoot,BuildSide,thread_cycles,1,37399.0,37399.0,37399,37399,1,37399.0,37399.0,37399,37399,build,1,2,1,1
player00-66233b83,IL2CPP,ac74cac748fd6e6ebd6d35c6cdd90d5b116a231b61a1104ebdec526eee938e26,box,warmup,0,newRoot,SetActive,elapsed_us,1,0.6000000000000001,0.6000000000000001,0.6000000000000001,0.6000000000000001,1,-0.6000000000000001,-0.6000000000000001,-0.6000000000000001,-0.6000000000000001,activation,2,1,1,1
player00-66233b83,IL2CPP,ac74cac748fd6e6ebd6d35c6cdd90d5b116a231b61a1104ebdec526eee938e26,box,warmup,0,newRoot,SetActive,thread_cycles,1,1581.0,1581.0,1581,1581,1,-1581.0,-1581.0,-1581,-1581,activation,2,1,1,1
player00-66233b83,IL2CPP,ac74cac748fd6e6ebd6d35c6cdd90d5b116a231b61a1104ebdec526eee938e26,box,warmup,0,newRoot,colliders,elapsed_us,1,2.4000000000000004,2.4000000000000004,2.4000000000000004,2.4000000000000004,1,2.4000000000000004,2.4000000000000004,2.4000000000000004,2.4000000000000004,build,1,2,1,1
player00-66233b83,IL2CPP,ac74cac748fd6e6ebd6d35c6cdd90d5b116a231b61a1104ebdec526eee938e26,box,warmup,0,newRoot,colliders,thread_cycles,1,5039.0,5039.0,5039,5039,1,5039.0,5039.0,5039,5039,build,1,2,1,1
player00-66233b83,IL2CPP,ac74cac748fd6e6ebd6d35c6cdd90d5b116a231b61a1104ebdec526eee938e26,box,warmup,0,newRoot,newRoot,elapsed_us,1,6.0,6.0,6.0,6.0,1,6.0,6.0,6.0,6.0,build,1,2,1,1
player00-66233b83,IL2CPP,ac74cac748fd6e6ebd6d35c6cdd90d5b116a231b61a1104ebdec526eee938e26,box,warmup,0,newRoot,newRoot,thread_cycles,1,12746.0,12746.0,12746,12746,1,12746.0,12746.0,12746,12746,build,1,2,1,1
player00-66233b83,IL2CPP,ac74cac748fd6e6ebd6d35c6cdd90d5b116a231b61a1104ebdec526eee938e26,box,warmup,0,newRoot,objects,elapsed_us,1,14.8,14.8,14.8,14.8,1,14.8,14.8,14.8,14.8,build,1,2,1,1
player00-66233b83,IL2CPP,ac74cac748fd6e6ebd6d35c6cdd90d5b116a231b61a1104ebdec526eee938e26,box,warmup,0,newRoot,objects,thread_cycles,1,31284.0,31284.0,31284,31284,1,31284.0,31284.0,31284,31284,build,1,2,1,1
player00-66233b83,IL2CPP,ac74cac748fd6e6ebd6d35c6cdd90d5b116a231b61a1104ebdec526eee938e26,box,warmup,1,newRoot,BuildSide,elapsed_us,1,-7.0,-7.0,-7.0,-7.0,1,7.0,7.0,7.0,7.0,build,2,1,1,1
player00-66233b83,IL2CPP,ac74cac748fd6e6ebd6d35c6cdd90d5b116a231b61a1104ebdec526eee938e26,box,warmup,1,newRoot,BuildSide,thread_cycles,1,-15006.0,-15006.0,-15006,-15006,1,15006.0,15006.0,15006,15006,build,2,1,1,1
player00-66233b83,IL2CPP,ac74cac748fd6e6ebd6d35c6cdd90d5b116a231b61a1104ebdec526eee938e26,box,warmup,1,newRoot,SetActive,elapsed_us,1,2.5,2.5,2.5,2.5,1,-2.5,-2.5,-2.5,-2.5,activation,2,1,1,1
player00-66233b83,IL2CPP,ac74cac748fd6e6ebd6d35c6cdd90d5b116a231b61a1104ebdec526eee938e26,box,warmup,1,newRoot,SetActive,thread_cycles,1,5223.0,5223.0,5223,5223,1,-5223.0,-5223.0,-5223,-5223,activation,2,1,1,1
player00-66233b83,IL2CPP,ac74cac748fd6e6ebd6d35c6cdd90d5b116a231b61a1104ebdec526eee938e26,box,warmup,1,newRoot,colliders,elapsed_us,1,-0.8,-0.8,-0.8,-0.8,1,0.8,0.8,0.8,0.8,build,2,1,1,1
player00-66233b83,IL2CPP,ac74cac748fd6e6ebd6d35c6cdd90d5b116a231b61a1104ebdec526eee938e26,box,warmup,1,newRoot,colliders,thread_cycles,1,-1824.0,-1824.0,-1824,-1824,1,1824.0,1824.0,1824,1824,build,2,1,1,1
player00-66233b83,IL2CPP,ac74cac748fd6e6ebd6d35c6cdd90d5b116a231b61a1104ebdec526eee938e26,box,warmup,1,newRoot,newRoot,elapsed_us,1,-1.8,-1.8,-1.8,-1.8,1,1.8,1.8,1.8,1.8,build,2,1,1,1
player00-66233b83,IL2CPP,ac74cac748fd6e6ebd6d35c6cdd90d5b116a231b61a1104ebdec526eee938e26,box,warmup,1,newRoot,newRoot,thread_cycles,1,-3713.0,-3713.0,-3713,-3713,1,3713.0,3713.0,3713,3713,build,2,1,1,1
player00-66233b83,IL2CPP,ac74cac748fd6e6ebd6d35c6cdd90d5b116a231b61a1104ebdec526eee938e26,box,warmup,1,newRoot,objects,elapsed_us,1,-5.800000000000001,-5.800000000000001,-5.800000000000001,-5.800000000000001,1,5.800000000000001,5.800000000000001,5.800000000000001,5.800000000000001,build,2,1,1,1
player00-66233b83,IL2CPP,ac74cac748fd6e6ebd6d35c6cdd90d5b116a231b61a1104ebdec526eee938e26,box,warmup,1,newRoot,objects,thread_cycles,1,-12546.0,-12546.0,-12546,-12546,1,12546.0,12546.0,12546,12546,build,2,1,1,1
player00-66233b83,IL2CPP,ac74cac748fd6e6ebd6d35c6cdd90d5b116a231b61a1104ebdec526eee938e26,box,warmup,2,newRoot,BuildSide,elapsed_us,1,13.4,13.4,13.4,13.4,1,13.4,13.4,13.4,13.4,build,1,2,1,1
player00-66233b83,IL2CPP,ac74cac748fd6e6ebd6d35c6cdd90d5b116a231b61a1104ebdec526eee938e26,box,warmup,2,newRoot,BuildSide,thread_cycles,1,28280.0,28280.0,28280,28280,1,28280.0,28280.0,28280,28280,build,1,2,1,1
player00-66233b83,IL2CPP,ac74cac748fd6e6ebd6d35c6cdd90d5b116a231b61a1104ebdec526eee938e26,box,warmup,2,newRoot,SetActive,elapsed_us,1,15.9,15.9,15.9,15.9,1,15.9,15.9,15.9,15.9,activation,1,2,1,1
player00-66233b83,IL2CPP,ac74cac748fd6e6ebd6d35c6cdd90d5b116a231b61a1104ebdec526eee938e26,box,warmup,2,newRoot,SetActive,thread_cycles,1,33490.0,33490.0,33490,33490,1,33490.0,33490.0,33490,33490,activation,1,2,1,1
player00-66233b83,IL2CPP,ac74cac748fd6e6ebd6d35c6cdd90d5b116a231b61a1104ebdec526eee938e26,box,warmup,2,newRoot,colliders,elapsed_us,1,0.8,0.8,0.8,0.8,1,0.8,0.8,0.8,0.8,build,1,2,1,1
player00-66233b83,IL2CPP,ac74cac748fd6e6ebd6d35c6cdd90d5b116a231b61a1104ebdec526eee938e26,box,warmup,2,newRoot,colliders,thread_cycles,1,1756.0,1756.0,1756,1756,1,1756.0,1756.0,1756,1756,build,1,2,1,1
player00-66233b83,IL2CPP,ac74cac748fd6e6ebd6d35c6cdd90d5b116a231b61a1104ebdec526eee938e26,box,warmup,2,newRoot,newRoot,elapsed_us,1,3.9000000000000004,3.9000000000000004,3.9000000000000004,3.9000000000000004,1,3.9000000000000004,3.9000000000000004,3.9000000000000004,3.9000000000000004,build,1,2,1,1
player00-66233b83,IL2CPP,ac74cac748fd6e6ebd6d35c6cdd90d5b116a231b61a1104ebdec526eee938e26,box,warmup,2,newRoot,newRoot,thread_cycles,1,8394.0,8394.0,8394,8394,1,8394.0,8394.0,8394,8394,build,1,2,1,1
player00-66233b83,IL2CPP,ac74cac748fd6e6ebd6d35c6cdd90d5b116a231b61a1104ebdec526eee938e26,box,warmup,2,newRoot,objects,elapsed_us,1,11.4,11.4,11.4,11.4,1,11.4,11.4,11.4,11.4,build,1,2,1,1
player00-66233b83,IL2CPP,ac74cac748fd6e6ebd6d35c6cdd90d5b116a231b61a1104ebdec526eee938e26,box,warmup,2,newRoot,objects,thread_cycles,1,24110.0,24110.0,24110,24110,1,24110.0,24110.0,24110,24110,build,1,2,1,1
player00-66233b83,IL2CPP,ac74cac748fd6e6ebd6d35c6cdd90d5b116a231b61a1104ebdec526eee938e26,box,warmup,3,newRoot,BuildSide,elapsed_us,1,-10.9,-10.9,-10.9,-10.9,1,10.9,10.9,10.9,10.9,build,2,1,1,1
player00-66233b83,IL2CPP,ac74cac748fd6e6ebd6d35c6cdd90d5b116a231b61a1104ebdec526eee938e26,box,warmup,3,newRoot,BuildSide,thread_cycles,1,-22946.0,-22946.0,-22946,-22946,1,22946.0,22946.0,22946,22946,build,2,1,1,1
player00-66233b83,IL2CPP,ac74cac748fd6e6ebd6d35c6cdd90d5b116a231b61a1104ebdec526eee938e26,box,warmup,3,newRoot,SetActive,elapsed_us,1,14.200000000000001,14.200000000000001,14.200000000000001,14.200000000000001,1,14.200000000000001,14.200000000000001,14.200000000000001,14.200000000000001,activation,1,2,1,1
player00-66233b83,IL2CPP,ac74cac748fd6e6ebd6d35c6cdd90d5b116a231b61a1104ebdec526eee938e26,box,warmup,3,newRoot,SetActive,thread_cycles,1,30103.0,30103.0,30103,30103,1,30103.0,30103.0,30103,30103,activation,1,2,1,1
player00-66233b83,IL2CPP,ac74cac748fd6e6ebd6d35c6cdd90d5b116a231b61a1104ebdec526eee938e26,box,warmup,3,newRoot,colliders,elapsed_us,1,-0.9,-0.9,-0.9,-0.9,1,0.9,0.9,0.9,0.9,build,2,1,1,1
player00-66233b83,IL2CPP,ac74cac748fd6e6ebd6d35c6cdd90d5b116a231b61a1104ebdec526eee938e26,box,warmup,3,newRoot,colliders,thread_cycles,1,-1856.0,-1856.0,-1856,-1856,1,1856.0,1856.0,1856,1856,build,2,1,1,1
player00-66233b83,IL2CPP,ac74cac748fd6e6ebd6d35c6cdd90d5b116a231b61a1104ebdec526eee938e26,box,warmup,3,newRoot,newRoot,elapsed_us,1,-2.3000000000000003,-2.3000000000000003,-2.3000000000000003,-2.3000000000000003,1,2.3000000000000003,2.3000000000000003,2.3000000000000003,2.3000000000000003,build,2,1,1,1
player00-66233b83,IL2CPP,ac74cac748fd6e6ebd6d35c6cdd90d5b116a231b61a1104ebdec526eee938e26,box,warmup,3,newRoot,newRoot,thread_cycles,1,-4810.0,-4810.0,-4810,-4810,1,4810.0,4810.0,4810,4810,build,2,1,1,1
player00-66233b83,IL2CPP,ac74cac748fd6e6ebd6d35c6cdd90d5b116a231b61a1104ebdec526eee938e26,box,warmup,3,newRoot,objects,elapsed_us,1,-9.3,-9.3,-9.3,-9.3,1,9.3,9.3,9.3,9.3,build,2,1,1,1
player00-66233b83,IL2CPP,ac74cac748fd6e6ebd6d35c6cdd90d5b116a231b61a1104ebdec526eee938e26,box,warmup,3,newRoot,objects,thread_cycles,1,-19633.0,-19633.0,-19633,-19633,1,19633.0,19633.0,19633,19633,build,2,1,1,1
player00-66233b83,IL2CPP,ac74cac748fd6e6ebd6d35c6cdd90d5b116a231b61a1104ebdec526eee938e26,character,measured,0,newRoot,BuildSide,elapsed_us,8,15.9,25.794999999999998,-22.0,28.700000000000003,8,15.9,25.794999999999998,-22.0,28.700000000000003,build,1,2,15,9
player00-66233b83,IL2CPP,ac74cac748fd6e6ebd6d35c6cdd90d5b116a231b61a1104ebdec526eee938e26,character,measured,0,newRoot,BuildSide,thread_cycles,8,33487.0,44166.799999999996,-15384,44766,8,33487.0,44166.799999999996,-15384,44766,build,1,2,15,9
player00-66233b83,IL2CPP,ac74cac748fd6e6ebd6d35c6cdd90d5b116a231b61a1104ebdec526eee938e26,character,measured,0,newRoot,SetActive,elapsed_us,8,9.15,11.16,3.8000000000000003,11.3,8,-9.15,-5.340000000000003,-11.3,-3.8000000000000003,activation,2,1,15,9
player00-66233b83,IL2CPP,ac74cac748fd6e6ebd6d35c6cdd90d5b116a231b61a1104ebdec526eee938e26,character,measured,0,newRoot,SetActive,thread_cycles,8,19326.0,23583.1,8090,23854,8,-19326.0,-11325.400000000005,-23854,-8090,activation,2,1,15,9
player00-66233b83,IL2CPP,ac74cac748fd6e6ebd6d35c6cdd90d5b116a231b61a1104ebdec526eee938e26,character,measured,0,newRoot,colliders,elapsed_us,8,6.0,12.249999999999996,-28.400000000000002,15.4,8,6.0,12.249999999999996,-28.400000000000002,15.4,build,1,2,15,9
player00-66233b83,IL2CPP,ac74cac748fd6e6ebd6d35c6cdd90d5b116a231b61a1104ebdec526eee938e26,character,measured,0,newRoot,colliders,thread_cycles,8,12571.0,15554.899999999998,-30239,16642,8,12571.0,15554.899999999998,-30239,16642,build,1,2,15,9
player00-66233b83,IL2CPP,ac74cac748fd6e6ebd6d35c6cdd90d5b116a231b61a1104ebdec526eee938e26,character,measured,0,newRoot,newRoot,elapsed_us,8,2.9000000000000004,3.1,1.6,3.1,8,2.9000000000000004,3.1,1.6,3.1,build,1,2,15,9
player00-66233b83,IL2CPP,ac74cac748fd6e6ebd6d35c6cdd90d5b116a231b61a1104ebdec526eee938e26,character,measured,0,newRoot,newRoot,thread_cycles,8,6113.0,6629.45,3408,6669,8,6113.0,6629.45,3408,6669,build,1,2,15,9
player00-66233b83,IL2CPP,ac74cac748fd6e6ebd6d35c6cdd90d5b116a231b61a1104ebdec526eee938e26,character,measured,0,newRoot,objects,elapsed_us,8,9.75,13.115,7.0,13.5,8,9.75,13.115,7.0,13.5,build,1,2,15,9
player00-66233b83,IL2CPP,ac74cac748fd6e6ebd6d35c6cdd90d5b116a231b61a1104ebdec526eee938e26,character,measured,0,newRoot,objects,thread_cycles,8,20538.0,27878.1,15035,28695,8,20538.0,27878.1,15035,28695,build,1,2,15,9
player00-66233b83,IL2CPP,ac74cac748fd6e6ebd6d35c6cdd90d5b116a231b61a1104ebdec526eee938e26,character,measured,1,newRoot,BuildSide,elapsed_us,8,-8.350000000000001,-7.335000000000001,-9.200000000000001,-7.300000000000001,8,8.350000000000001,9.025,7.300000000000001,9.200000000000001,build,2,1,15,9
player00-66233b83,IL2CPP,ac74cac748fd6e6ebd6d35c6cdd90d5b116a231b61a1104ebdec526eee938e26,character,measured,1,newRoot,BuildSide,thread_cycles,8,-17790.5,-15560.95,-19581,-15534,8,17790.5,19143.5,15534,19581,build,2,1,15,9
player00-66233b83,IL2CPP,ac74cac748fd6e6ebd6d35c6cdd90d5b116a231b61a1104ebdec526eee938e26,character,measured,1,newRoot,SetActive,elapsed_us,8,9.25,11.28,8.3,11.700000000000001,8,-9.25,-8.405000000000001,-11.700000000000001,-8.3,activation,2,1,15,9
player00-66233b83,IL2CPP,ac74cac748fd6e6ebd6d35c6cdd90d5b116a231b61a1104ebdec526eee938e26,character,measured,1,newRoot,SetActive,thread_cycles,8,19542.5,23508.85,17737,24324,8,-19542.5,-17881.55,-24324,-17737,activation,2,1,15,9
player00-66233b83,IL2CPP,ac74cac748fd6e6ebd6d35c6cdd90d5b116a231b61a1104ebdec526eee938e26,character,measured,1,newRoot,colliders,elapsed_us,8,2.75,3.895,2.1,4.0,8,-2.75,-2.24,-4.0,-2.1,build,2,1,15,9
player00-66233b83,IL2CPP,ac74cac748fd6e6ebd6d35c6cdd90d5b116a231b61a1104ebdec526eee938e26,character,measured,1,newRoot,colliders,thread_cycles,8,5815.5,8278.85,4434,8464,8,-5815.5,-4662.200000000001,-8464,-4434,build,2,1,15,9
player00-66233b83,IL2CPP,ac74cac748fd6e6ebd6d35c6cdd90d5b116a231b61a1104ebdec526eee938e26,character,measured,1,newRoot,newRoot,elapsed_us,8,-2.9000000000000004,-2.6,-3.3000000000000003,-2.6,8,2.9000000000000004,3.265,2.6,3.3000000000000003,build,2,1,15,9
player00-66233b83,IL2CPP,ac74cac748fd6e6ebd6d35c6cdd90d5b116a231b61a1104ebdec526eee938e26,character,measured,1,newRoot,newRoot,thread_cycles,8,-6226.5,-5592.150000000001,-6997,-5498,8,6226.5,6945.55,5498,6997,build,2,1,15,9
player00-66233b83,IL2CPP,ac74cac748fd6e6ebd6d35c6cdd90d5b116a231b61a1104ebdec526eee938e26,character,measured,1,newRoot,objects,elapsed_us,8,-10.8,-9.345,-11.100000000000001,-9.1,8,10.8,11.065000000000001,9.1,11.100000000000001,build,2,1,15,9
player00-66233b83,IL2CPP,ac74cac748fd6e6ebd6d35c6cdd90d5b116a231b61a1104ebdec526eee938e26,character,measured,1,newRoot,objects,thread_cycles,8,-22844.0,-19547.05,-23527,-18937,8,22844.0,23442.3,18937,23527,build,2,1,15,9
player00-66233b83,IL2CPP,ac74cac748fd6e6ebd6d35c6cdd90d5b116a231b61a1104ebdec526eee938e26,character,measured,2,newRoot,BuildSide,elapsed_us,8,16.25,19.505,13.600000000000001,20.8,8,16.25,19.505,13.600000000000001,20.8,build,1,2,15,9
player00-66233b83,IL2CPP,ac74cac748fd6e6ebd6d35c6cdd90d5b116a231b61a1104ebdec526eee938e26,character,measured,2,newRoot,BuildSide,thread_cycles,8,34281.0,41261.899999999994,28683,44022,8,34281.0,41261.899999999994,28683,44022,build,1,2,15,9
player00-66233b83,IL2CPP,ac74cac748fd6e6ebd6d35c6cdd90d5b116a231b61a1104ebdec526eee938e26,character,measured,2,newRoot,SetActive,elapsed_us,8,22.050000000000004,23.98,21.400000000000002,24.400000000000002,8,22.050000000000004,23.98,21.400000000000002,24.400000000000002,activation,1,2,15,9
player00-66233b83,IL2CPP,ac74cac748fd6e6ebd6d35c6cdd90d5b116a231b61a1104ebdec526eee938e26,character,measured,2,newRoot,SetActive,thread_cycles,8,46628.5,50733.4,45288,51607,8,46628.5,50733.4,45288,51607,activation,1,2,15,9
player00-66233b83,IL2CPP,ac74cac748fd6e6ebd6d35c6cdd90d5b116a231b61a1104ebdec526eee938e26,character,measured,2,newRoot,colliders,elapsed_us,8,5.9,6.53,4.4,6.6000000000000005,8,5.9,6.53,4.4,6.6000000000000005,build,1,2,15,9
player00-66233b83,IL2CPP,ac74cac748fd6e6ebd6d35c6cdd90d5b116a231b61a1104ebdec526eee938e26,character,measured,2,newRoot,colliders,thread_cycles,8,12560.0,13844.25,9345,13972,8,12560.0,13844.25,9345,13972,build,1,2,15,9
player00-66233b83,IL2CPP,ac74cac748fd6e6ebd6d35c6cdd90d5b116a231b61a1104ebdec526eee938e26,character,measured,2,newRoot,newRoot,elapsed_us,8,2.4000000000000004,3.79,1.6,4.0,8,2.4000000000000004,3.79,1.6,4.0,build,1,2,15,9
player00-66233b83,IL2CPP,ac74cac748fd6e6ebd6d35c6cdd90d5b116a231b61a1104ebdec526eee938e26,character,measured,2,newRoot,newRoot,thread_cycles,8,5372.5,8124.15,3435,8576,8,5372.5,8124.15,3435,8576,build,1,2,15,9
player00-66233b83,IL2CPP,ac74cac748fd6e6ebd6d35c6cdd90d5b116a231b61a1104ebdec526eee938e26,character,measured,2,newRoot,objects,elapsed_us,8,9.350000000000001,12.62,7.800000000000001,13.600000000000001,8,9.350000000000001,12.62,7.800000000000001,13.600000000000001,build,1,2,15,9
player00-66233b83,IL2CPP,ac74cac748fd6e6ebd6d35c6cdd90d5b116a231b61a1104ebdec526eee938e26,character,measured,2,newRoot,objects,thread_cycles,8,19697.0,26793.499999999996,16547,28925,8,19697.0,26793.499999999996,16547,28925,build,1,2,15,9
player00-66233b83,IL2CPP,ac74cac748fd6e6ebd6d35c6cdd90d5b116a231b61a1104ebdec526eee938e26,character,measured,3,newRoot,BuildSide,elapsed_us,8,-7.700000000000001,-6.6000000000000005,-9.600000000000001,-6.6000000000000005,8,7.700000000000001,9.495000000000001,6.6000000000000005,9.600000000000001,build,2,1,15,9
player00-66233b83,IL2CPP,ac74cac748fd6e6ebd6d35c6cdd90d5b116a231b61a1104ebdec526eee938e26,character,measured,3,newRoot,BuildSide,thread_cycles,8,-16238.0,-14099.4,-20227,-14077,8,16238.0,20013.5,14077,20227,build,2,1,15,9
player00-66233b83,IL2CPP,ac74cac748fd6e6ebd6d35c6cdd90d5b116a231b61a1104ebdec526eee938e26,character,measured,3,newRoot,SetActive,elapsed_us,8,22.150000000000002,24.345,18.7,24.8,8,22.150000000000002,24.345,18.7,24.8,activation,1,2,15,9
player00-66233b83,IL2CPP,ac74cac748fd6e6ebd6d35c6cdd90d5b116a231b61a1104ebdec526eee938e26,character,measured,3,newRoot,SetActive,thread_cycles,8,46878.0,51542.049999999996,39335,52381,8,46878.0,51542.049999999996,39335,52381,activation,1,2,15,9
player00-66233b83,IL2CPP,ac74cac748fd6e6ebd6d35c6cdd90d5b116a231b61a1104ebdec526eee938e26,character,measured,3,newRoot,colliders,elapsed_us,8,2.8500000000000005,3.42,2.2,3.7,8,-2.8500000000000005,-2.2700000000000005,-3.7,-2.2,build,2,1,15,9
player00-66233b83,IL2CPP,ac74cac748fd6e6ebd6d35c6cdd90d5b116a231b61a1104ebdec526eee938e26,character,measured,3,newRoot,colliders,thread_cycles,8,5980.0,7199.549999999999,4437,7713,8,-5980.0,-4701.25,-7713,-4437,build,2,1,15,9
player00-66233b83,IL2CPP,ac74cac748fd6e6ebd6d35c6cdd90d5b116a231b61a1104ebdec526eee938e26,character,measured,3,newRoot,newRoot,elapsed_us,8,-2.6500000000000004,-2.0700000000000003,-4.1000000000000005,-2.0,8,2.6500000000000004,3.785,2.0,4.1000000000000005,build,2,1,15,9
player00-66233b83,IL2CPP,ac74cac748fd6e6ebd6d35c6cdd90d5b116a231b61a1104ebdec526eee938e26,character,measured,3,newRoot,newRoot,thread_cycles,8,-5777.0,-4431.1,-8720,-4303,8,5777.0,8086.499999999999,4303,8720,build,2,1,15,9
player00-66233b83,IL2CPP,ac74cac748fd6e6ebd6d35c6cdd90d5b116a231b61a1104ebdec526eee938e26,character,measured,3,newRoot,objects,elapsed_us,8,-9.5,-9.035,-11.9,-9.0,8,9.5,11.83,9.0,11.9,build,2,1,15,9
player00-66233b83,IL2CPP,ac74cac748fd6e6ebd6d35c6cdd90d5b116a231b61a1104ebdec526eee938e26,character,measured,3,newRoot,objects,thread_cycles,8,-19866.5,-19135.15,-24957,-19013,8,19866.5,24889.1,19013,24957,build,2,1,15,9
player00-66233b83,IL2CPP,ac74cac748fd6e6ebd6d35c6cdd90d5b116a231b61a1104ebdec526eee938e26,character,warmup,0,newRoot,BuildSide,elapsed_us,1,46.6,46.6,46.6,46.6,1,46.6,46.6,46.6,46.6,build,1,2,15,9
player00-66233b83,IL2CPP,ac74cac748fd6e6ebd6d35c6cdd90d5b116a231b61a1104ebdec526eee938e26,character,warmup,0,newRoot,BuildSide,thread_cycles,1,91778.0,91778.0,91778,91778,1,91778.0,91778.0,91778,91778,build,1,2,15,9
player00-66233b83,IL2CPP,ac74cac748fd6e6ebd6d35c6cdd90d5b116a231b61a1104ebdec526eee938e26,character,warmup,0,newRoot,SetActive,elapsed_us,1,9.0,9.0,9.0,9.0,1,-9.0,-9.0,-9.0,-9.0,activation,2,1,15,9
player00-66233b83,IL2CPP,ac74cac748fd6e6ebd6d35c6cdd90d5b116a231b61a1104ebdec526eee938e26,character,warmup,0,newRoot,SetActive,thread_cycles,1,18804.0,18804.0,18804,18804,1,-18804.0,-18804.0,-18804,-18804,activation,2,1,15,9
player00-66233b83,IL2CPP,ac74cac748fd6e6ebd6d35c6cdd90d5b116a231b61a1104ebdec526eee938e26,character,warmup,0,newRoot,colliders,elapsed_us,1,9.600000000000001,9.600000000000001,9.600000000000001,9.600000000000001,1,9.600000000000001,9.600000000000001,9.600000000000001,9.600000000000001,build,1,2,15,9
player00-66233b83,IL2CPP,ac74cac748fd6e6ebd6d35c6cdd90d5b116a231b61a1104ebdec526eee938e26,character,warmup,0,newRoot,colliders,thread_cycles,1,20403.0,20403.0,20403,20403,1,20403.0,20403.0,20403,20403,build,1,2,15,9
player00-66233b83,IL2CPP,ac74cac748fd6e6ebd6d35c6cdd90d5b116a231b61a1104ebdec526eee938e26,character,warmup,0,newRoot,newRoot,elapsed_us,1,4.1000000000000005,4.1000000000000005,4.1000000000000005,4.1000000000000005,1,4.1000000000000005,4.1000000000000005,4.1000000000000005,4.1000000000000005,build,1,2,15,9
player00-66233b83,IL2CPP,ac74cac748fd6e6ebd6d35c6cdd90d5b116a231b61a1104ebdec526eee938e26,character,warmup,0,newRoot,newRoot,thread_cycles,1,8714.0,8714.0,8714,8714,1,8714.0,8714.0,8714,8714,build,1,2,15,9
player00-66233b83,IL2CPP,ac74cac748fd6e6ebd6d35c6cdd90d5b116a231b61a1104ebdec526eee938e26,character,warmup,0,newRoot,objects,elapsed_us,1,35.9,35.9,35.9,35.9,1,35.9,35.9,35.9,35.9,build,1,2,15,9
player00-66233b83,IL2CPP,ac74cac748fd6e6ebd6d35c6cdd90d5b116a231b61a1104ebdec526eee938e26,character,warmup,0,newRoot,objects,thread_cycles,1,69734.0,69734.0,69734,69734,1,69734.0,69734.0,69734,69734,build,1,2,15,9
player00-66233b83,IL2CPP,ac74cac748fd6e6ebd6d35c6cdd90d5b116a231b61a1104ebdec526eee938e26,character,warmup,1,newRoot,BuildSide,elapsed_us,1,-3.8000000000000003,-3.8000000000000003,-3.8000000000000003,-3.8000000000000003,1,3.8000000000000003,3.8000000000000003,3.8000000000000003,3.8000000000000003,build,2,1,15,9
player00-66233b83,IL2CPP,ac74cac748fd6e6ebd6d35c6cdd90d5b116a231b61a1104ebdec526eee938e26,character,warmup,1,newRoot,BuildSide,thread_cycles,1,-7915.0,-7915.0,-7915,-7915,1,7915.0,7915.0,7915,7915,build,2,1,15,9
player00-66233b83,IL2CPP,ac74cac748fd6e6ebd6d35c6cdd90d5b116a231b61a1104ebdec526eee938e26,character,warmup,1,newRoot,SetActive,elapsed_us,1,10.5,10.5,10.5,10.5,1,-10.5,-10.5,-10.5,-10.5,activation,2,1,15,9
player00-66233b83,IL2CPP,ac74cac748fd6e6ebd6d35c6cdd90d5b116a231b61a1104ebdec526eee938e26,character,warmup,1,newRoot,SetActive,thread_cycles,1,21920.0,21920.0,21920,21920,1,-21920.0,-21920.0,-21920,-21920,activation,2,1,15,9
player00-66233b83,IL2CPP,ac74cac748fd6e6ebd6d35c6cdd90d5b116a231b61a1104ebdec526eee938e26,character,warmup,1,newRoot,colliders,elapsed_us,1,4.1000000000000005,4.1000000000000005,4.1000000000000005,4.1000000000000005,1,-4.1000000000000005,-4.1000000000000005,-4.1000000000000005,-4.1000000000000005,build,2,1,15,9
player00-66233b83,IL2CPP,ac74cac748fd6e6ebd6d35c6cdd90d5b116a231b61a1104ebdec526eee938e26,character,warmup,1,newRoot,colliders,thread_cycles,1,8749.0,8749.0,8749,8749,1,-8749.0,-8749.0,-8749,-8749,build,2,1,15,9
player00-66233b83,IL2CPP,ac74cac748fd6e6ebd6d35c6cdd90d5b116a231b61a1104ebdec526eee938e26,character,warmup,1,newRoot,newRoot,elapsed_us,1,-2.4000000000000004,-2.4000000000000004,-2.4000000000000004,-2.4000000000000004,1,2.4000000000000004,2.4000000000000004,2.4000000000000004,2.4000000000000004,build,2,1,15,9
player00-66233b83,IL2CPP,ac74cac748fd6e6ebd6d35c6cdd90d5b116a231b61a1104ebdec526eee938e26,character,warmup,1,newRoot,newRoot,thread_cycles,1,-5302.0,-5302.0,-5302,-5302,1,5302.0,5302.0,5302,5302,build,2,1,15,9
player00-66233b83,IL2CPP,ac74cac748fd6e6ebd6d35c6cdd90d5b116a231b61a1104ebdec526eee938e26,character,warmup,1,newRoot,objects,elapsed_us,1,-7.6000000000000005,-7.6000000000000005,-7.6000000000000005,-7.6000000000000005,1,7.6000000000000005,7.6000000000000005,7.6000000000000005,7.6000000000000005,build,2,1,15,9
player00-66233b83,IL2CPP,ac74cac748fd6e6ebd6d35c6cdd90d5b116a231b61a1104ebdec526eee938e26,character,warmup,1,newRoot,objects,thread_cycles,1,-16184.0,-16184.0,-16184,-16184,1,16184.0,16184.0,16184,16184,build,2,1,15,9
player00-66233b83,IL2CPP,ac74cac748fd6e6ebd6d35c6cdd90d5b116a231b61a1104ebdec526eee938e26,character,warmup,2,newRoot,BuildSide,elapsed_us,1,16.400000000000002,16.400000000000002,16.400000000000002,16.400000000000002,1,16.400000000000002,16.400000000000002,16.400000000000002,16.400000000000002,build,1,2,15,9
player00-66233b83,IL2CPP,ac74cac748fd6e6ebd6d35c6cdd90d5b116a231b61a1104ebdec526eee938e26,character,warmup,2,newRoot,BuildSide,thread_cycles,1,34741.0,34741.0,34741,34741,1,34741.0,34741.0,34741,34741,build,1,2,15,9
player00-66233b83,IL2CPP,ac74cac748fd6e6ebd6d35c6cdd90d5b116a231b61a1104ebdec526eee938e26,character,warmup,2,newRoot,SetActive,elapsed_us,1,21.400000000000002,21.400000000000002,21.400000000000002,21.400000000000002,1,21.400000000000002,21.400000000000002,21.400000000000002,21.400000000000002,activation,1,2,15,9
player00-66233b83,IL2CPP,ac74cac748fd6e6ebd6d35c6cdd90d5b116a231b61a1104ebdec526eee938e26,character,warmup,2,newRoot,SetActive,thread_cycles,1,45290.0,45290.0,45290,45290,1,45290.0,45290.0,45290,45290,activation,1,2,15,9
player00-66233b83,IL2CPP,ac74cac748fd6e6ebd6d35c6cdd90d5b116a231b61a1104ebdec526eee938e26,character,warmup,2,newRoot,colliders,elapsed_us,1,5.5,5.5,5.5,5.5,1,5.5,5.5,5.5,5.5,build,1,2,15,9
player00-66233b83,IL2CPP,ac74cac748fd6e6ebd6d35c6cdd90d5b116a231b61a1104ebdec526eee938e26,character,warmup,2,newRoot,colliders,thread_cycles,1,11710.0,11710.0,11710,11710,1,11710.0,11710.0,11710,11710,build,1,2,15,9
player00-66233b83,IL2CPP,ac74cac748fd6e6ebd6d35c6cdd90d5b116a231b61a1104ebdec526eee938e26,character,warmup,2,newRoot,newRoot,elapsed_us,1,2.5,2.5,2.5,2.5,1,2.5,2.5,2.5,2.5,build,1,2,15,9
player00-66233b83,IL2CPP,ac74cac748fd6e6ebd6d35c6cdd90d5b116a231b61a1104ebdec526eee938e26,character,warmup,2,newRoot,newRoot,thread_cycles,1,5400.0,5400.0,5400,5400,1,5400.0,5400.0,5400,5400,build,1,2,15,9
player00-66233b83,IL2CPP,ac74cac748fd6e6ebd6d35c6cdd90d5b116a231b61a1104ebdec526eee938e26,character,warmup,2,newRoot,objects,elapsed_us,1,10.4,10.4,10.4,10.4,1,10.4,10.4,10.4,10.4,build,1,2,15,9
player00-66233b83,IL2CPP,ac74cac748fd6e6ebd6d35c6cdd90d5b116a231b61a1104ebdec526eee938e26,character,warmup,2,newRoot,objects,thread_cycles,1,22004.0,22004.0,22004,22004,1,22004.0,22004.0,22004,22004,build,1,2,15,9
player00-66233b83,IL2CPP,ac74cac748fd6e6ebd6d35c6cdd90d5b116a231b61a1104ebdec526eee938e26,character,warmup,3,newRoot,BuildSide,elapsed_us,1,-4.0,-4.0,-4.0,-4.0,1,4.0,4.0,4.0,4.0,build,2,1,15,9
player00-66233b83,IL2CPP,ac74cac748fd6e6ebd6d35c6cdd90d5b116a231b61a1104ebdec526eee938e26,character,warmup,3,newRoot,BuildSide,thread_cycles,1,-8437.0,-8437.0,-8437,-8437,1,8437.0,8437.0,8437,8437,build,2,1,15,9
player00-66233b83,IL2CPP,ac74cac748fd6e6ebd6d35c6cdd90d5b116a231b61a1104ebdec526eee938e26,character,warmup,3,newRoot,SetActive,elapsed_us,1,22.8,22.8,22.8,22.8,1,22.8,22.8,22.8,22.8,activation,1,2,15,9
player00-66233b83,IL2CPP,ac74cac748fd6e6ebd6d35c6cdd90d5b116a231b61a1104ebdec526eee938e26,character,warmup,3,newRoot,SetActive,thread_cycles,1,48117.0,48117.0,48117,48117,1,48117.0,48117.0,48117,48117,activation,1,2,15,9
player00-66233b83,IL2CPP,ac74cac748fd6e6ebd6d35c6cdd90d5b116a231b61a1104ebdec526eee938e26,character,warmup,3,newRoot,colliders,elapsed_us,1,4.5,4.5,4.5,4.5,1,-4.5,-4.5,-4.5,-4.5,build,2,1,15,9
player00-66233b83,IL2CPP,ac74cac748fd6e6ebd6d35c6cdd90d5b116a231b61a1104ebdec526eee938e26,character,warmup,3,newRoot,colliders,thread_cycles,1,9557.0,9557.0,9557,9557,1,-9557.0,-9557.0,-9557,-9557,build,2,1,15,9
player00-66233b83,IL2CPP,ac74cac748fd6e6ebd6d35c6cdd90d5b116a231b61a1104ebdec526eee938e26,character,warmup,3,newRoot,newRoot,elapsed_us,1,-2.5,-2.5,-2.5,-2.5,1,2.5,2.5,2.5,2.5,build,2,1,15,9
player00-66233b83,IL2CPP,ac74cac748fd6e6ebd6d35c6cdd90d5b116a231b61a1104ebdec526eee938e26,character,warmup,3,newRoot,newRoot,thread_cycles,1,-5587.0,-5587.0,-5587,-5587,1,5587.0,5587.0,5587,5587,build,2,1,15,9
player00-66233b83,IL2CPP,ac74cac748fd6e6ebd6d35c6cdd90d5b116a231b61a1104ebdec526eee938e26,character,warmup,3,newRoot,objects,elapsed_us,1,-8.1,-8.1,-8.1,-8.1,1,8.1,8.1,8.1,8.1,build,2,1,15,9
player00-66233b83,IL2CPP,ac74cac748fd6e6ebd6d35c6cdd90d5b116a231b61a1104ebdec526eee938e26,character,warmup,3,newRoot,objects,thread_cycles,1,-17053.0,-17053.0,-17053,-17053,1,17053.0,17053.0,17053,17053,build,2,1,15,9
player01-a923265f,IL2CPP,ac74cac748fd6e6ebd6d35c6cdd90d5b116a231b61a1104ebdec526eee938e26,box,measured,0,newRoot,BuildSide,elapsed_us,8,11.650000000000002,13.19,10.0,13.4,8,11.650000000000002,13.19,10.0,13.4,build,1,2,1,1
player01-a923265f,IL2CPP,ac74cac748fd6e6ebd6d35c6cdd90d5b116a231b61a1104ebdec526eee938e26,box,measured,0,newRoot,BuildSide,thread_cycles,8,24641.5,27917.2,21173,28438,8,24641.5,27917.2,21173,28438,build,1,2,1,1
player01-a923265f,IL2CPP,ac74cac748fd6e6ebd6d35c6cdd90d5b116a231b61a1104ebdec526eee938e26,box,measured,0,newRoot,SetActive,elapsed_us,8,3.8500000000000005,4.595,3.0,4.7,8,-3.8500000000000005,-3.0700000000000003,-4.7,-3.0,activation,2,1,1,1
player01-a923265f,IL2CPP,ac74cac748fd6e6ebd6d35c6cdd90d5b116a231b61a1104ebdec526eee938e26,box,measured,0,newRoot,SetActive,thread_cycles,8,8158.0,9558.85,6500,9800,8,-8158.0,-6534.65,-9800,-6500,activation,2,1,1,1
player01-a923265f,IL2CPP,ac74cac748fd6e6ebd6d35c6cdd90d5b116a231b61a1104ebdec526eee938e26,box,measured,0,newRoot,colliders,elapsed_us,8,1.2000000000000002,1.795,1.0,1.9000000000000001,8,1.2000000000000002,1.795,1.0,1.9000000000000001,build,1,2,1,1
player01-a923265f,IL2CPP,ac74cac748fd6e6ebd6d35c6cdd90d5b116a231b61a1104ebdec526eee938e26,box,measured,0,newRoot,colliders,thread_cycles,8,2670.0,3814.8499999999995,1965,4091,8,2670.0,3814.8499999999995,1965,4091,build,1,2,1,1
player01-a923265f,IL2CPP,ac74cac748fd6e6ebd6d35c6cdd90d5b116a231b61a1104ebdec526eee938e26,box,measured,0,newRoot,newRoot,elapsed_us,8,2.8000000000000003,3.365,2.4000000000000004,3.4000000000000004,8,2.8000000000000003,3.365,2.4000000000000004,3.4000000000000004,build,1,2,1,1
player01-a923265f,IL2CPP,ac74cac748fd6e6ebd6d35c6cdd90d5b116a231b61a1104ebdec526eee938e26,box,measured,0,newRoot,newRoot,thread_cycles,8,6100.0,7213.7,5207,7416,8,6100.0,7213.7,5207,7416,build,1,2,1,1
player01-a923265f,IL2CPP,ac74cac748fd6e6ebd6d35c6cdd90d5b116a231b61a1104ebdec526eee938e26,box,measured,0,newRoot,objects,elapsed_us,8,9.7,10.92,8.3,11.200000000000001,8,9.7,10.92,8.3,11.200000000000001,build,1,2,1,1
player01-a923265f,IL2CPP,ac74cac748fd6e6ebd6d35c6cdd90d5b116a231b61a1104ebdec526eee938e26,box,measured,0,newRoot,objects,thread_cycles,8,20564.0,23035.05,17564,23615,8,20564.0,23035.05,17564,23615,build,1,2,1,1
player01-a923265f,IL2CPP,ac74cac748fd6e6ebd6d35c6cdd90d5b116a231b61a1104ebdec526eee938e26,box,measured,1,newRoot,BuildSide,elapsed_us,8,-11.9,-9.835,-13.700000000000001,-9.8,8,11.9,13.525,9.8,13.700000000000001,build,2,1,1,1
player01-a923265f,IL2CPP,ac74cac748fd6e6ebd6d35c6cdd90d5b116a231b61a1104ebdec526eee938e26,box,measured,1,newRoot,BuildSide,thread_cycles,8,-25023.0,-20799.25,-28926,-20710,8,25023.0,28543.45,20710,28926,build,2,1,1,1
player01-a923265f,IL2CPP,ac74cac748fd6e6ebd6d35c6cdd90d5b116a231b61a1104ebdec526eee938e26,box,measured,1,newRoot,SetActive,elapsed_us,8,3.8000000000000003,5.215,1.7000000000000002,5.6000000000000005,8,-3.8000000000000003,-2.190000000000001,-5.6000000000000005,-1.7000000000000002,activation,2,1,1,1
player01-a923265f,IL2CPP,ac74cac748fd6e6ebd6d35c6cdd90d5b116a231b61a1104ebdec526eee938e26,box,measured,1,newRoot,SetActive,thread_cycles,8,7843.0,11235.499999999998,3688,12065,8,-7843.0,-4654.350000000001,-12065,-3688,activation,2,1,1,1
player01-a923265f,IL2CPP,ac74cac748fd6e6ebd6d35c6cdd90d5b116a231b61a1104ebdec526eee938e26,box,measured,1,newRoot,colliders,elapsed_us,8,-1.0,-0.8350000000000001,-1.3,-0.8,8,1.0,1.2650000000000001,0.8,1.3,build,2,1,1,1
player01-a923265f,IL2CPP,ac74cac748fd6e6ebd6d35c6cdd90d5b116a231b61a1104ebdec526eee938e26,box,measured,1,newRoot,colliders,thread_cycles,8,-2170.0,-1703.0500000000002,-2598,-1590,8,2170.0,2588.55,1590,2598,build,2,1,1,1
player01-a923265f,IL2CPP,ac74cac748fd6e6ebd6d35c6cdd90d5b116a231b61a1104ebdec526eee938e26,box,measured,1,newRoot,newRoot,elapsed_us,8,-2.6,-1.2000000000000002,-4.0,-1.2000000000000002,8,2.6,3.6499999999999995,1.2000000000000002,4.0,build,2,1,1,1
player01-a923265f,IL2CPP,ac74cac748fd6e6ebd6d35c6cdd90d5b116a231b61a1104ebdec526eee938e26,box,measured,1,newRoot,newRoot,thread_cycles,8,-5562.0,-2690.75,-8723,-2612,8,5562.0,7896.299999999999,2612,8723,build,2,1,1,1
player01-a923265f,IL2CPP,ac74cac748fd6e6ebd6d35c6cdd90d5b116a231b61a1104ebdec526eee938e26,box,measured,1,newRoot,objects,elapsed_us,8,-9.8,-8.47,-11.700000000000001,-8.4,8,9.8,11.63,8.4,11.700000000000001,build,2,1,1,1
player01-a923265f,IL2CPP,ac74cac748fd6e6ebd6d35c6cdd90d5b116a231b61a1104ebdec526eee938e26,box,measured,1,newRoot,objects,thread_cycles,8,-20752.0,-17845.15,-24523,-17618,8,20752.0,24405.75,17618,24523,build,2,1,1,1
player01-a923265f,IL2CPP,ac74cac748fd6e6ebd6d35c6cdd90d5b116a231b61a1104ebdec526eee938e26,box,measured,2,newRoot,BuildSide,elapsed_us,8,11.25,25.64499999999999,10.0,33.1,8,11.25,25.64499999999999,10.0,33.1,build,1,2,1,1
player01-a923265f,IL2CPP,ac74cac748fd6e6ebd6d35c6cdd90d5b116a231b61a1104ebdec526eee938e26,box,measured,2,newRoot,BuildSide,thread_cycles,8,23864.0,54724.14999999998,21205,70730,8,23864.0,54724.14999999998,21205,70730,build,1,2,1,1
player01-a923265f,IL2CPP,ac74cac748fd6e6ebd6d35c6cdd90d5b116a231b61a1104ebdec526eee938e26,box,measured,2,newRoot,SetActive,elapsed_us,8,17.9,22.919999999999998,16.400000000000002,25.3,8,17.9,22.919999999999998,16.400000000000002,25.3,activation,1,2,1,1
player01-a923265f,IL2CPP,ac74cac748fd6e6ebd6d35c6cdd90d5b116a231b61a1104ebdec526eee938e26,box,measured,2,newRoot,SetActive,thread_cycles,8,37749.5,48373.74999999999,34652,53468,8,37749.5,48373.74999999999,34652,53468,activation,1,2,1,1
player01-a923265f,IL2CPP,ac74cac748fd6e6ebd6d35c6cdd90d5b116a231b61a1104ebdec526eee938e26,box,measured,2,newRoot,colliders,elapsed_us,8,1.1500000000000001,2.06,0.9,2.2,8,1.1500000000000001,2.06,0.9,2.2,build,1,2,1,1
player01-a923265f,IL2CPP,ac74cac748fd6e6ebd6d35c6cdd90d5b116a231b61a1104ebdec526eee938e26,box,measured,2,newRoot,colliders,thread_cycles,8,2500.0,4279.099999999999,1834,4452,8,2500.0,4279.099999999999,1834,4452,build,1,2,1,1
player01-a923265f,IL2CPP,ac74cac748fd6e6ebd6d35c6cdd90d5b116a231b61a1104ebdec526eee938e26,box,measured,2,newRoot,newRoot,elapsed_us,8,3.0,10.509999999999994,2.2,14.5,8,3.0,10.509999999999994,2.2,14.5,build,1,2,1,1
player01-a923265f,IL2CPP,ac74cac748fd6e6ebd6d35c6cdd90d5b116a231b61a1104ebdec526eee938e26,box,measured,2,newRoot,newRoot,thread_cycles,8,6317.0,22512.249999999985,4818,31096,8,6317.0,22512.249999999985,4818,31096,build,1,2,1,1
player01-a923265f,IL2CPP,ac74cac748fd6e6ebd6d35c6cdd90d5b116a231b61a1104ebdec526eee938e26,box,measured,2,newRoot,objects,elapsed_us,8,9.65,23.09999999999999,7.7,30.1,8,9.65,23.09999999999999,7.7,30.1,build,1,2,1,1
player01-a923265f,IL2CPP,ac74cac748fd6e6ebd6d35c6cdd90d5b116a231b61a1104ebdec526eee938e26,box,measured,2,newRoot,objects,thread_cycles,8,20545.5,48903.14999999998,16424,63740,8,20545.5,48903.14999999998,16424,63740,build,1,2,1,1
player01-a923265f,IL2CPP,ac74cac748fd6e6ebd6d35c6cdd90d5b116a231b61a1104ebdec526eee938e26,box,measured,3,newRoot,BuildSide,elapsed_us,8,-12.3,-10.040000000000003,-12.9,-9.200000000000001,8,12.3,12.76,9.200000000000001,12.9,build,2,1,1,1
player01-a923265f,IL2CPP,ac74cac748fd6e6ebd6d35c6cdd90d5b116a231b61a1104ebdec526eee938e26,box,measured,3,newRoot,BuildSide,thread_cycles,8,-25977.0,-21074.050000000003,-27334,-19365,8,25977.0,27030.2,19365,27334,build,2,1,1,1
player01-a923265f,IL2CPP,ac74cac748fd6e6ebd6d35c6cdd90d5b116a231b61a1104ebdec526eee938e26,box,measured,3,newRoot,SetActive,elapsed_us,8,17.15,18.38,16.0,18.8,8,17.15,18.38,16.0,18.8,activation,1,2,1,1
player01-a923265f,IL2CPP,ac74cac748fd6e6ebd6d35c6cdd90d5b116a231b61a1104ebdec526eee938e26,box,measured,3,newRoot,SetActive,thread_cycles,8,36255.0,38690.65,33787,39538,8,36255.0,38690.65,33787,39538,activation,1,2,1,1
player01-a923265f,IL2CPP,ac74cac748fd6e6ebd6d35c6cdd90d5b116a231b61a1104ebdec526eee938e26,box,measured,3,newRoot,colliders,elapsed_us,8,-1.1500000000000001,-0.7700000000000001,-1.6,-0.7000000000000001,8,1.1500000000000001,1.565,0.7000000000000001,1.6,build,2,1,1,1
player01-a923265f,IL2CPP,ac74cac748fd6e6ebd6d35c6cdd90d5b116a231b61a1104ebdec526eee938e26,box,measured,3,newRoot,colliders,thread_cycles,8,-2431.5,-1507.5500000000002,-3354,-1419,8,2431.5,3308.85,1419,3354,build,2,1,1,1
player01-a923265f,IL2CPP,ac74cac748fd6e6ebd6d35c6cdd90d5b116a231b61a1104ebdec526eee938e26,box,measured,3,newRoot,newRoot,elapsed_us,8,-2.6500000000000004,-2.0700000000000003,-3.7,-2.0,8,2.6500000000000004,3.63,2.0,3.7,build,2,1,1,1
player01-a923265f,IL2CPP,ac74cac748fd6e6ebd6d35c6cdd90d5b116a231b61a1104ebdec526eee938e26,box,measured,3,newRoot,newRoot,thread_cycles,8,-5838.0,-4636.150000000001,-7835,-4556,8,5838.0,7730.0,4556,7835,build,2,1,1,1
player01-a923265f,IL2CPP,ac74cac748fd6e6ebd6d35c6cdd90d5b116a231b61a1104ebdec526eee938e26,box,measured,3,newRoot,objects,elapsed_us,8,-10.3,-8.230000000000002,-11.3,-7.6000000000000005,8,10.3,11.195,7.6000000000000005,11.3,build,2,1,1,1
player01-a923265f,IL2CPP,ac74cac748fd6e6ebd6d35c6cdd90d5b116a231b61a1104ebdec526eee938e26,box,measured,3,newRoot,objects,thread_cycles,8,-21763.5,-17432.45,-23793,-16044,8,21763.5,23640.75,16044,23793,build,2,1,1,1
player01-a923265f,IL2CPP,ac74cac748fd6e6ebd6d35c6cdd90d5b116a231b61a1104ebdec526eee938e26,box,warmup,0,newRoot,BuildSide,elapsed_us,1,10.8,10.8,10.8,10.8,1,10.8,10.8,10.8,10.8,build,1,2,1,1
player01-a923265f,IL2CPP,ac74cac748fd6e6ebd6d35c6cdd90d5b116a231b61a1104ebdec526eee938e26,box,warmup,0,newRoot,BuildSide,thread_cycles,1,22638.0,22638.0,22638,22638,1,22638.0,22638.0,22638,22638,build,1,2,1,1
player01-a923265f,IL2CPP,ac74cac748fd6e6ebd6d35c6cdd90d5b116a231b61a1104ebdec526eee938e26,box,warmup,0,newRoot,SetActive,elapsed_us,1,3.0,3.0,3.0,3.0,1,-3.0,-3.0,-3.0,-3.0,activation,2,1,1,1
player01-a923265f,IL2CPP,ac74cac748fd6e6ebd6d35c6cdd90d5b116a231b61a1104ebdec526eee938e26,box,warmup,0,newRoot,SetActive,thread_cycles,1,6503.0,6503.0,6503,6503,1,-6503.0,-6503.0,-6503,-6503,activation,2,1,1,1
player01-a923265f,IL2CPP,ac74cac748fd6e6ebd6d35c6cdd90d5b116a231b61a1104ebdec526eee938e26,box,warmup,0,newRoot,colliders,elapsed_us,1,0.9,0.9,0.9,0.9,1,0.9,0.9,0.9,0.9,build,1,2,1,1
player01-a923265f,IL2CPP,ac74cac748fd6e6ebd6d35c6cdd90d5b116a231b61a1104ebdec526eee938e26,box,warmup,0,newRoot,colliders,thread_cycles,1,1801.0,1801.0,1801,1801,1,1801.0,1801.0,1801,1801,build,1,2,1,1
player01-a923265f,IL2CPP,ac74cac748fd6e6ebd6d35c6cdd90d5b116a231b61a1104ebdec526eee938e26,box,warmup,0,newRoot,newRoot,elapsed_us,1,2.4000000000000004,2.4000000000000004,2.4000000000000004,2.4000000000000004,1,2.4000000000000004,2.4000000000000004,2.4000000000000004,2.4000000000000004,build,1,2,1,1
player01-a923265f,IL2CPP,ac74cac748fd6e6ebd6d35c6cdd90d5b116a231b61a1104ebdec526eee938e26,box,warmup,0,newRoot,newRoot,thread_cycles,1,5150.0,5150.0,5150,5150,1,5150.0,5150.0,5150,5150,build,1,2,1,1
player01-a923265f,IL2CPP,ac74cac748fd6e6ebd6d35c6cdd90d5b116a231b61a1104ebdec526eee938e26,box,warmup,0,newRoot,objects,elapsed_us,1,9.200000000000001,9.200000000000001,9.200000000000001,9.200000000000001,1,9.200000000000001,9.200000000000001,9.200000000000001,9.200000000000001,build,1,2,1,1
player01-a923265f,IL2CPP,ac74cac748fd6e6ebd6d35c6cdd90d5b116a231b61a1104ebdec526eee938e26,box,warmup,0,newRoot,objects,thread_cycles,1,19498.0,19498.0,19498,19498,1,19498.0,19498.0,19498,19498,build,1,2,1,1
player01-a923265f,IL2CPP,ac74cac748fd6e6ebd6d35c6cdd90d5b116a231b61a1104ebdec526eee938e26,box,warmup,1,newRoot,BuildSide,elapsed_us,1,-9.600000000000001,-9.600000000000001,-9.600000000000001,-9.600000000000001,1,9.600000000000001,9.600000000000001,9.600000000000001,9.600000000000001,build,2,1,1,1
player01-a923265f,IL2CPP,ac74cac748fd6e6ebd6d35c6cdd90d5b116a231b61a1104ebdec526eee938e26,box,warmup,1,newRoot,BuildSide,thread_cycles,1,-20234.0,-20234.0,-20234,-20234,1,20234.0,20234.0,20234,20234,build,2,1,1,1
player01-a923265f,IL2CPP,ac74cac748fd6e6ebd6d35c6cdd90d5b116a231b61a1104ebdec526eee938e26,box,warmup,1,newRoot,SetActive,elapsed_us,1,3.5,3.5,3.5,3.5,1,-3.5,-3.5,-3.5,-3.5,activation,2,1,1,1
player01-a923265f,IL2CPP,ac74cac748fd6e6ebd6d35c6cdd90d5b116a231b61a1104ebdec526eee938e26,box,warmup,1,newRoot,SetActive,thread_cycles,1,7237.0,7237.0,7237,7237,1,-7237.0,-7237.0,-7237,-7237,activation,2,1,1,1
player01-a923265f,IL2CPP,ac74cac748fd6e6ebd6d35c6cdd90d5b116a231b61a1104ebdec526eee938e26,box,warmup,1,newRoot,colliders,elapsed_us,1,-0.8,-0.8,-0.8,-0.8,1,0.8,0.8,0.8,0.8,build,2,1,1,1
player01-a923265f,IL2CPP,ac74cac748fd6e6ebd6d35c6cdd90d5b116a231b61a1104ebdec526eee938e26,box,warmup,1,newRoot,colliders,thread_cycles,1,-1978.0,-1978.0,-1978,-1978,1,1978.0,1978.0,1978,1978,build,2,1,1,1
player01-a923265f,IL2CPP,ac74cac748fd6e6ebd6d35c6cdd90d5b116a231b61a1104ebdec526eee938e26,box,warmup,1,newRoot,newRoot,elapsed_us,1,-2.2,-2.2,-2.2,-2.2,1,2.2,2.2,2.2,2.2,build,2,1,1,1
player01-a923265f,IL2CPP,ac74cac748fd6e6ebd6d35c6cdd90d5b116a231b61a1104ebdec526eee938e26,box,warmup,1,newRoot,newRoot,thread_cycles,1,-4839.0,-4839.0,-4839,-4839,1,4839.0,4839.0,4839,4839,build,2,1,1,1
player01-a923265f,IL2CPP,ac74cac748fd6e6ebd6d35c6cdd90d5b116a231b61a1104ebdec526eee938e26,box,warmup,1,newRoot,objects,elapsed_us,1,-8.200000000000001,-8.200000000000001,-8.200000000000001,-8.200000000000001,1,8.200000000000001,8.200000000000001,8.200000000000001,8.200000000000001,build,2,1,1,1
player01-a923265f,IL2CPP,ac74cac748fd6e6ebd6d35c6cdd90d5b116a231b61a1104ebdec526eee938e26,box,warmup,1,newRoot,objects,thread_cycles,1,-17315.0,-17315.0,-17315,-17315,1,17315.0,17315.0,17315,17315,build,2,1,1,1
player01-a923265f,IL2CPP,ac74cac748fd6e6ebd6d35c6cdd90d5b116a231b61a1104ebdec526eee938e26,box,warmup,2,newRoot,BuildSide,elapsed_us,1,10.8,10.8,10.8,10.8,1,10.8,10.8,10.8,10.8,build,1,2,1,1
player01-a923265f,IL2CPP,ac74cac748fd6e6ebd6d35c6cdd90d5b116a231b61a1104ebdec526eee938e26,box,warmup,2,newRoot,BuildSide,thread_cycles,1,22860.0,22860.0,22860,22860,1,22860.0,22860.0,22860,22860,build,1,2,1,1
player01-a923265f,IL2CPP,ac74cac748fd6e6ebd6d35c6cdd90d5b116a231b61a1104ebdec526eee938e26,box,warmup,2,newRoot,SetActive,elapsed_us,1,15.0,15.0,15.0,15.0,1,15.0,15.0,15.0,15.0,activation,1,2,1,1
player01-a923265f,IL2CPP,ac74cac748fd6e6ebd6d35c6cdd90d5b116a231b61a1104ebdec526eee938e26,box,warmup,2,newRoot,SetActive,thread_cycles,1,31750.0,31750.0,31750,31750,1,31750.0,31750.0,31750,31750,activation,1,2,1,1
player01-a923265f,IL2CPP,ac74cac748fd6e6ebd6d35c6cdd90d5b116a231b61a1104ebdec526eee938e26,box,warmup,2,newRoot,colliders,elapsed_us,1,1.4000000000000001,1.4000000000000001,1.4000000000000001,1.4000000000000001,1,1.4000000000000001,1.4000000000000001,1.4000000000000001,1.4000000000000001,build,1,2,1,1
player01-a923265f,IL2CPP,ac74cac748fd6e6ebd6d35c6cdd90d5b116a231b61a1104ebdec526eee938e26,box,warmup,2,newRoot,colliders,thread_cycles,1,3070.0,3070.0,3070,3070,1,3070.0,3070.0,3070,3070,build,1,2,1,1
player01-a923265f,IL2CPP,ac74cac748fd6e6ebd6d35c6cdd90d5b116a231b61a1104ebdec526eee938e26,box,warmup,2,newRoot,newRoot,elapsed_us,1,2.6,2.6,2.6,2.6,1,2.6,2.6,2.6,2.6,build,1,2,1,1
player01-a923265f,IL2CPP,ac74cac748fd6e6ebd6d35c6cdd90d5b116a231b61a1104ebdec526eee938e26,box,warmup,2,newRoot,newRoot,thread_cycles,1,5679.0,5679.0,5679,5679,1,5679.0,5679.0,5679,5679,build,1,2,1,1
player01-a923265f,IL2CPP,ac74cac748fd6e6ebd6d35c6cdd90d5b116a231b61a1104ebdec526eee938e26,box,warmup,2,newRoot,objects,elapsed_us,1,8.8,8.8,8.8,8.8,1,8.8,8.8,8.8,8.8,build,1,2,1,1
player01-a923265f,IL2CPP,ac74cac748fd6e6ebd6d35c6cdd90d5b116a231b61a1104ebdec526eee938e26,box,warmup,2,newRoot,objects,thread_cycles,1,18719.0,18719.0,18719,18719,1,18719.0,18719.0,18719,18719,build,1,2,1,1
player01-a923265f,IL2CPP,ac74cac748fd6e6ebd6d35c6cdd90d5b116a231b61a1104ebdec526eee938e26,box,warmup,3,newRoot,BuildSide,elapsed_us,1,-11.600000000000001,-11.600000000000001,-11.600000000000001,-11.600000000000001,1,11.600000000000001,11.600000000000001,11.600000000000001,11.600000000000001,build,2,1,1,1
player01-a923265f,IL2CPP,ac74cac748fd6e6ebd6d35c6cdd90d5b116a231b61a1104ebdec526eee938e26,box,warmup,3,newRoot,BuildSide,thread_cycles,1,-24398.0,-24398.0,-24398,-24398,1,24398.0,24398.0,24398,24398,build,2,1,1,1
player01-a923265f,IL2CPP,ac74cac748fd6e6ebd6d35c6cdd90d5b116a231b61a1104ebdec526eee938e26,box,warmup,3,newRoot,SetActive,elapsed_us,1,17.2,17.2,17.2,17.2,1,17.2,17.2,17.2,17.2,activation,1,2,1,1
player01-a923265f,IL2CPP,ac74cac748fd6e6ebd6d35c6cdd90d5b116a231b61a1104ebdec526eee938e26,box,warmup,3,newRoot,SetActive,thread_cycles,1,36304.0,36304.0,36304,36304,1,36304.0,36304.0,36304,36304,activation,1,2,1,1
player01-a923265f,IL2CPP,ac74cac748fd6e6ebd6d35c6cdd90d5b116a231b61a1104ebdec526eee938e26,box,warmup,3,newRoot,colliders,elapsed_us,1,-1.0,-1.0,-1.0,-1.0,1,1.0,1.0,1.0,1.0,build,2,1,1,1
player01-a923265f,IL2CPP,ac74cac748fd6e6ebd6d35c6cdd90d5b116a231b61a1104ebdec526eee938e26,box,warmup,3,newRoot,colliders,thread_cycles,1,-2047.0,-2047.0,-2047,-2047,1,2047.0,2047.0,2047,2047,build,2,1,1,1
player01-a923265f,IL2CPP,ac74cac748fd6e6ebd6d35c6cdd90d5b116a231b61a1104ebdec526eee938e26,box,warmup,3,newRoot,newRoot,elapsed_us,1,-2.9000000000000004,-2.9000000000000004,-2.9000000000000004,-2.9000000000000004,1,2.9000000000000004,2.9000000000000004,2.9000000000000004,2.9000000000000004,build,2,1,1,1
player01-a923265f,IL2CPP,ac74cac748fd6e6ebd6d35c6cdd90d5b116a231b61a1104ebdec526eee938e26,box,warmup,3,newRoot,newRoot,thread_cycles,1,-6024.0,-6024.0,-6024,-6024,1,6024.0,6024.0,6024,6024,build,2,1,1,1
player01-a923265f,IL2CPP,ac74cac748fd6e6ebd6d35c6cdd90d5b116a231b61a1104ebdec526eee938e26,box,warmup,3,newRoot,objects,elapsed_us,1,-9.8,-9.8,-9.8,-9.8,1,9.8,9.8,9.8,9.8,build,2,1,1,1
player01-a923265f,IL2CPP,ac74cac748fd6e6ebd6d35c6cdd90d5b116a231b61a1104ebdec526eee938e26,box,warmup,3,newRoot,objects,thread_cycles,1,-20671.0,-20671.0,-20671,-20671,1,20671.0,20671.0,20671,20671,build,2,1,1,1
player01-a923265f,IL2CPP,ac74cac748fd6e6ebd6d35c6cdd90d5b116a231b61a1104ebdec526eee938e26,character,measured,0,newRoot,BuildSide,elapsed_us,8,14.95,18.26,13.700000000000001,18.400000000000002,8,14.95,18.26,13.700000000000001,18.400000000000002,build,1,2,15,9
player01-a923265f,IL2CPP,ac74cac748fd6e6ebd6d35c6cdd90d5b116a231b61a1104ebdec526eee938e26,character,measured,0,newRoot,BuildSide,thread_cycles,8,31601.0,38566.5,28986,38822,8,31601.0,38566.5,28986,38822,build,1,2,15,9
player01-a923265f,IL2CPP,ac74cac748fd6e6ebd6d35c6cdd90d5b116a231b61a1104ebdec526eee938e26,character,measured,0,newRoot,SetActive,elapsed_us,8,8.9,9.600000000000001,7.5,9.600000000000001,8,-8.9,-7.605,-9.600000000000001,-7.5,activation,2,1,15,9
player01-a923265f,IL2CPP,ac74cac748fd6e6ebd6d35c6cdd90d5b116a231b61a1104ebdec526eee938e26,character,measured,0,newRoot,SetActive,thread_cycles,8,18924.5,20455.0,15750,20560,8,-18924.5,-15910.65,-20560,-15750,activation,2,1,15,9
player01-a923265f,IL2CPP,ac74cac748fd6e6ebd6d35c6cdd90d5b116a231b61a1104ebdec526eee938e26,character,measured,0,newRoot,colliders,elapsed_us,8,5.65,6.265000000000001,4.5,6.300000000000001,8,5.65,6.265000000000001,4.5,6.300000000000001,build,1,2,15,9
player01-a923265f,IL2CPP,ac74cac748fd6e6ebd6d35c6cdd90d5b116a231b61a1104ebdec526eee938e26,character,measured,0,newRoot,colliders,thread_cycles,8,11931.5,13160.5,9579,13283,8,11931.5,13160.5,9579,13283,build,1,2,15,9
player01-a923265f,IL2CPP,ac74cac748fd6e6ebd6d35c6cdd90d5b116a231b61a1104ebdec526eee938e26,character,measured,0,newRoot,newRoot,elapsed_us,8,2.9000000000000004,3.525,2.0,3.7,8,2.9000000000000004,3.525,2.0,3.7,build,1,2,15,9
player01-a923265f,IL2CPP,ac74cac748fd6e6ebd6d35c6cdd90d5b116a231b61a1104ebdec526eee938e26,character,measured,0,newRoot,newRoot,thread_cycles,8,6285.5,7550.849999999999,4200,7981,8,6285.5,7550.849999999999,4200,7981,build,1,2,15,9
player01-a923265f,IL2CPP,ac74cac748fd6e6ebd6d35c6cdd90d5b116a231b61a1104ebdec526eee938e26,character,measured,0,newRoot,objects,elapsed_us,8,8.8,11.365,7.9,11.4,8,8.8,11.365,7.9,11.4,build,1,2,15,9
player01-a923265f,IL2CPP,ac74cac748fd6e6ebd6d35c6cdd90d5b116a231b61a1104ebdec526eee938e26,character,measured,0,newRoot,objects,thread_cycles,8,18611.5,23913.25,16792,24034,8,18611.5,23913.25,16792,24034,build,1,2,15,9
player01-a923265f,IL2CPP,ac74cac748fd6e6ebd6d35c6cdd90d5b116a231b61a1104ebdec526eee938e26,character,measured,1,newRoot,BuildSide,elapsed_us,8,-6.7,-3.4100000000000015,-18.2,-2.5,8,6.7,14.664999999999994,2.5,18.2,build,2,1,15,9
player01-a923265f,IL2CPP,ac74cac748fd6e6ebd6d35c6cdd90d5b116a231b61a1104ebdec526eee938e26,character,measured,1,newRoot,BuildSide,thread_cycles,8,-14170.0,-7299.500000000003,-18612,-5441,8,14170.0,18134.25,5441,18612,build,2,1,15,9
player01-a923265f,IL2CPP,ac74cac748fd6e6ebd6d35c6cdd90d5b116a231b61a1104ebdec526eee938e26,character,measured,1,newRoot,SetActive,elapsed_us,8,8.9,9.725,8.1,9.9,8,-8.9,-8.345,-9.9,-8.1,activation,2,1,15,9
player01-a923265f,IL2CPP,ac74cac748fd6e6ebd6d35c6cdd90d5b116a231b61a1104ebdec526eee938e26,character,measured,1,newRoot,SetActive,thread_cycles,8,18793.0,20531.35,17275,20783,8,-18793.0,-17696.05,-20783,-17275,activation,2,1,15,9
player01-a923265f,IL2CPP,ac74cac748fd6e6ebd6d35c6cdd90d5b116a231b61a1104ebdec526eee938e26,character,measured,1,newRoot,colliders,elapsed_us,8,3.2,4.29,2.2,4.5,8,-3.2,-2.305,-4.5,-2.2,build,2,1,15,9
player01-a923265f,IL2CPP,ac74cac748fd6e6ebd6d35c6cdd90d5b116a231b61a1104ebdec526eee938e26,character,measured,1,newRoot,colliders,thread_cycles,8,6818.5,9066.65,4668,9529,8,-6818.5,-4927.700000000001,-9529,-4668,build,2,1,15,9
player01-a923265f,IL2CPP,ac74cac748fd6e6ebd6d35c6cdd90d5b116a231b61a1104ebdec526eee938e26,character,measured,1,newRoot,newRoot,elapsed_us,8,-2.55,-1.87,-14.600000000000001,-1.8,8,2.55,10.679999999999996,1.8,14.600000000000001,build,2,1,15,9
player01-a923265f,IL2CPP,ac74cac748fd6e6ebd6d35c6cdd90d5b116a231b61a1104ebdec526eee938e26,character,measured,1,newRoot,newRoot,thread_cycles,8,-5409.5,-3988.8,-11041,-3909,8,5409.5,9690.349999999999,3909,11041,build,2,1,15,9
player01-a923265f,IL2CPP,ac74cac748fd6e6ebd6d35c6cdd90d5b116a231b61a1104ebdec526eee938e26,character,measured,1,newRoot,objects,elapsed_us,8,-9.05,-7.100000000000001,-21.6,-6.4,8,9.05,17.644999999999996,6.4,21.6,build,2,1,15,9
player01-a923265f,IL2CPP,ac74cac748fd6e6ebd6d35c6cdd90d5b116a231b61a1104ebdec526eee938e26,character,measured,1,newRoot,objects,thread_cycles,8,-19251.5,-15217.000000000002,-25685,-13852,8,19251.5,24302.149999999998,13852,25685,build,2,1,15,9
player01-a923265f,IL2CPP,ac74cac748fd6e6ebd6d35c6cdd90d5b116a231b61a1104ebdec526eee938e26,character,measured,2,newRoot,BuildSide,elapsed_us,8,16.0,17.025,13.0,17.2,8,16.0,17.025,13.0,17.2,build,1,2,15,9
player01-a923265f,IL2CPP,ac74cac748fd6e6ebd6d35c6cdd90d5b116a231b61a1104ebdec526eee938e26,character,measured,2,newRoot,BuildSide,thread_cycles,8,33816.5,35876.5,27403,36244,8,33816.5,35876.5,27403,36244,build,1,2,15,9
player01-a923265f,IL2CPP,ac74cac748fd6e6ebd6d35c6cdd90d5b116a231b61a1104ebdec526eee938e26,character,measured,2,newRoot,SetActive,elapsed_us,8,22.3,23.69,20.6,23.900000000000002,8,22.3,23.69,20.6,23.900000000000002,activation,1,2,15,9
player01-a923265f,IL2CPP,ac74cac748fd6e6ebd6d35c6cdd90d5b116a231b61a1104ebdec526eee938e26,character,measured,2,newRoot,SetActive,thread_cycles,8,47003.5,49926.8,43338,50323,8,47003.5,49926.8,43338,50323,activation,1,2,15,9
player01-a923265f,IL2CPP,ac74cac748fd6e6ebd6d35c6cdd90d5b116a231b61a1104ebdec526eee938e26,character,measured,2,newRoot,colliders,elapsed_us,8,5.45,6.300000000000001,3.6,6.300000000000001,8,5.45,6.300000000000001,3.6,6.300000000000001,build,1,2,15,9
player01-a923265f,IL2CPP,ac74cac748fd6e6ebd6d35c6cdd90d5b116a231b61a1104ebdec526eee938e26,character,measured,2,newRoot,colliders,thread_cycles,8,11659.5,13404.95,7521,13490,8,11659.5,13404.95,7521,13490,build,1,2,15,9
player01-a923265f,IL2CPP,ac74cac748fd6e6ebd6d35c6cdd90d5b116a231b61a1104ebdec526eee938e26,character,measured,2,newRoot,newRoot,elapsed_us,8,2.9000000000000004,3.36,2.0,3.5,8,2.9000000000000004,3.36,2.0,3.5,build,1,2,15,9
player01-a923265f,IL2CPP,ac74cac748fd6e6ebd6d35c6cdd90d5b116a231b61a1104ebdec526eee938e26,character,measured,2,newRoot,newRoot,thread_cycles,8,6172.0,7203.299999999999,4245,7533,8,6172.0,7203.299999999999,4245,7533,build,1,2,15,9
player01-a923265f,IL2CPP,ac74cac748fd6e6ebd6d35c6cdd90d5b116a231b61a1104ebdec526eee938e26,character,measured,2,newRoot,objects,elapsed_us,8,9.700000000000001,10.530000000000001,8.700000000000001,10.600000000000001,8,9.700000000000001,10.530000000000001,8.700000000000001,10.600000000000001,build,1,2,15,9
player01-a923265f,IL2CPP,ac74cac748fd6e6ebd6d35c6cdd90d5b116a231b61a1104ebdec526eee938e26,character,measured,2,newRoot,objects,thread_cycles,8,20488.0,22369.35,18350,22586,8,20488.0,22369.35,18350,22586,build,1,2,15,9
player01-a923265f,IL2CPP,ac74cac748fd6e6ebd6d35c6cdd90d5b116a231b61a1104ebdec526eee938e26,character,measured,3,newRoot,BuildSide,elapsed_us,8,-6.9,-5.805000000000001,-8.9,-5.7,8,6.9,8.584999999999999,5.7,8.9,build,2,1,15,9
player01-a923265f,IL2CPP,ac74cac748fd6e6ebd6d35c6cdd90d5b116a231b61a1104ebdec526eee938e26,character,measured,3,newRoot,BuildSide,thread_cycles,8,-14699.5,-12315.9,-18787,-12171,8,14699.5,18093.3,12171,18787,build,2,1,15,9
player01-a923265f,IL2CPP,ac74cac748fd6e6ebd6d35c6cdd90d5b116a231b61a1104ebdec526eee938e26,character,measured,3,newRoot,SetActive,elapsed_us,8,22.0,22.200000000000003,21.5,22.200000000000003,8,22.0,22.200000000000003,21.5,22.200000000000003,activation,1,2,15,9
player01-a923265f,IL2CPP,ac74cac748fd6e6ebd6d35c6cdd90d5b116a231b61a1104ebdec526eee938e26,character,measured,3,newRoot,SetActive,thread_cycles,8,46548.0,47014.15,45629,47018,8,46548.0,47014.15,45629,47018,activation,1,2,15,9
player01-a923265f,IL2CPP,ac74cac748fd6e6ebd6d35c6cdd90d5b116a231b61a1104ebdec526eee938e26,character,measured,3,newRoot,colliders,elapsed_us,8,3.3000000000000003,4.22,2.7,4.5,8,-3.3000000000000003,-2.7,-4.5,-2.7,build,2,1,15,9
player01-a923265f,IL2CPP,ac74cac748fd6e6ebd6d35c6cdd90d5b116a231b61a1104ebdec526eee938e26,character,measured,3,newRoot,colliders,thread_cycles,8,7064.0,8722.099999999999,5386,9182,8,-7064.0,-5506.75,-9182,-5386,build,2,1,15,9
player01-a923265f,IL2CPP,ac74cac748fd6e6ebd6d35c6cdd90d5b116a231b61a1104ebdec526eee938e26,character,measured,3,newRoot,newRoot,elapsed_us,8,-2.85,-2.3000000000000003,-4.4,-2.3000000000000003,8,2.85,3.9799999999999995,2.3000000000000003,4.4,build,2,1,15,9
player01-a923265f,IL2CPP,ac74cac748fd6e6ebd6d35c6cdd90d5b116a231b61a1104ebdec526eee938e26,character,measured,3,newRoot,newRoot,thread_cycles,8,-6167.0,-4954.8,-9435,-4952,8,6167.0,8564.55,4952,9435,build,2,1,15,9
player01-a923265f,IL2CPP,ac74cac748fd6e6ebd6d35c6cdd90d5b116a231b61a1104ebdec526eee938e26,character,measured,3,newRoot,objects,elapsed_us,8,-9.200000000000001,-8.935,-10.8,-8.9,8,9.200000000000001,10.8,8.9,10.8,build,2,1,15,9
player01-a923265f,IL2CPP,ac74cac748fd6e6ebd6d35c6cdd90d5b116a231b61a1104ebdec526eee938e26,character,measured,3,newRoot,objects,thread_cycles,8,-19604.5,-18877.05,-22610,-18869,8,19604.5,22599.15,18869,22610,build,2,1,15,9
player01-a923265f,IL2CPP,ac74cac748fd6e6ebd6d35c6cdd90d5b116a231b61a1104ebdec526eee938e26,character,warmup,0,newRoot,BuildSide,elapsed_us,1,26.3,26.3,26.3,26.3,1,26.3,26.3,26.3,26.3,build,1,2,15,9
player01-a923265f,IL2CPP,ac74cac748fd6e6ebd6d35c6cdd90d5b116a231b61a1104ebdec526eee938e26,character,warmup,0,newRoot,BuildSide,thread_cycles,1,54952.0,54952.0,54952,54952,1,54952.0,54952.0,54952,54952,build,1,2,15,9
player01-a923265f,IL2CPP,ac74cac748fd6e6ebd6d35c6cdd90d5b116a231b61a1104ebdec526eee938e26,character,warmup,0,newRoot,SetActive,elapsed_us,1,7.9,7.9,7.9,7.9,1,-7.9,-7.9,-7.9,-7.9,activation,2,1,15,9
player01-a923265f,IL2CPP,ac74cac748fd6e6ebd6d35c6cdd90d5b116a231b61a1104ebdec526eee938e26,character,warmup,0,newRoot,SetActive,thread_cycles,1,16560.0,16560.0,16560,16560,1,-16560.0,-16560.0,-16560,-16560,activation,2,1,15,9
player01-a923265f,IL2CPP,ac74cac748fd6e6ebd6d35c6cdd90d5b116a231b61a1104ebdec526eee938e26,character,warmup,0,newRoot,colliders,elapsed_us,1,7.2,7.2,7.2,7.2,1,7.2,7.2,7.2,7.2,build,1,2,15,9
player01-a923265f,IL2CPP,ac74cac748fd6e6ebd6d35c6cdd90d5b116a231b61a1104ebdec526eee938e26,character,warmup,0,newRoot,colliders,thread_cycles,1,15257.0,15257.0,15257,15257,1,15257.0,15257.0,15257,15257,build,1,2,15,9
player01-a923265f,IL2CPP,ac74cac748fd6e6ebd6d35c6cdd90d5b116a231b61a1104ebdec526eee938e26,character,warmup,0,newRoot,newRoot,elapsed_us,1,5.4,5.4,5.4,5.4,1,5.4,5.4,5.4,5.4,build,1,2,15,9
player01-a923265f,IL2CPP,ac74cac748fd6e6ebd6d35c6cdd90d5b116a231b61a1104ebdec526eee938e26,character,warmup,0,newRoot,newRoot,thread_cycles,1,12639.0,12639.0,12639,12639,1,12639.0,12639.0,12639,12639,build,1,2,15,9
player01-a923265f,IL2CPP,ac74cac748fd6e6ebd6d35c6cdd90d5b116a231b61a1104ebdec526eee938e26,character,warmup,0,newRoot,objects,elapsed_us,1,18.1,18.1,18.1,18.1,1,18.1,18.1,18.1,18.1,build,1,2,15,9
player01-a923265f,IL2CPP,ac74cac748fd6e6ebd6d35c6cdd90d5b116a231b61a1104ebdec526eee938e26,character,warmup,0,newRoot,objects,thread_cycles,1,38149.0,38149.0,38149,38149,1,38149.0,38149.0,38149,38149,build,1,2,15,9
player01-a923265f,IL2CPP,ac74cac748fd6e6ebd6d35c6cdd90d5b116a231b61a1104ebdec526eee938e26,character,warmup,1,newRoot,BuildSide,elapsed_us,1,-3.4000000000000004,-3.4000000000000004,-3.4000000000000004,-3.4000000000000004,1,3.4000000000000004,3.4000000000000004,3.4000000000000004,3.4000000000000004,build,2,1,15,9
player01-a923265f,IL2CPP,ac74cac748fd6e6ebd6d35c6cdd90d5b116a231b61a1104ebdec526eee938e26,character,warmup,1,newRoot,BuildSide,thread_cycles,1,-7460.0,-7460.0,-7460,-7460,1,7460.0,7460.0,7460,7460,build,2,1,15,9
player01-a923265f,IL2CPP,ac74cac748fd6e6ebd6d35c6cdd90d5b116a231b61a1104ebdec526eee938e26,character,warmup,1,newRoot,SetActive,elapsed_us,1,10.5,10.5,10.5,10.5,1,-10.5,-10.5,-10.5,-10.5,activation,2,1,15,9
player01-a923265f,IL2CPP,ac74cac748fd6e6ebd6d35c6cdd90d5b116a231b61a1104ebdec526eee938e26,character,warmup,1,newRoot,SetActive,thread_cycles,1,22385.0,22385.0,22385,22385,1,-22385.0,-22385.0,-22385,-22385,activation,2,1,15,9
player01-a923265f,IL2CPP,ac74cac748fd6e6ebd6d35c6cdd90d5b116a231b61a1104ebdec526eee938e26,character,warmup,1,newRoot,colliders,elapsed_us,1,3.4000000000000004,3.4000000000000004,3.4000000000000004,3.4000000000000004,1,-3.4000000000000004,-3.4000000000000004,-3.4000000000000004,-3.4000000000000004,build,2,1,15,9
player01-a923265f,IL2CPP,ac74cac748fd6e6ebd6d35c6cdd90d5b116a231b61a1104ebdec526eee938e26,character,warmup,1,newRoot,colliders,thread_cycles,1,7171.0,7171.0,7171,7171,1,-7171.0,-7171.0,-7171,-7171,build,2,1,15,9
player01-a923265f,IL2CPP,ac74cac748fd6e6ebd6d35c6cdd90d5b116a231b61a1104ebdec526eee938e26,character,warmup,1,newRoot,newRoot,elapsed_us,1,-2.5,-2.5,-2.5,-2.5,1,2.5,2.5,2.5,2.5,build,2,1,15,9
player01-a923265f,IL2CPP,ac74cac748fd6e6ebd6d35c6cdd90d5b116a231b61a1104ebdec526eee938e26,character,warmup,1,newRoot,newRoot,thread_cycles,1,-5349.0,-5349.0,-5349,-5349,1,5349.0,5349.0,5349,5349,build,2,1,15,9
player01-a923265f,IL2CPP,ac74cac748fd6e6ebd6d35c6cdd90d5b116a231b61a1104ebdec526eee938e26,character,warmup,1,newRoot,objects,elapsed_us,1,-6.300000000000001,-6.300000000000001,-6.300000000000001,-6.300000000000001,1,6.300000000000001,6.300000000000001,6.300000000000001,6.300000000000001,build,2,1,15,9
player01-a923265f,IL2CPP,ac74cac748fd6e6ebd6d35c6cdd90d5b116a231b61a1104ebdec526eee938e26,character,warmup,1,newRoot,objects,thread_cycles,1,-13356.0,-13356.0,-13356,-13356,1,13356.0,13356.0,13356,13356,build,2,1,15,9
player01-a923265f,IL2CPP,ac74cac748fd6e6ebd6d35c6cdd90d5b116a231b61a1104ebdec526eee938e26,character,warmup,2,newRoot,BuildSide,elapsed_us,1,15.200000000000001,15.200000000000001,15.200000000000001,15.200000000000001,1,15.200000000000001,15.200000000000001,15.200000000000001,15.200000000000001,build,1,2,15,9
player01-a923265f,IL2CPP,ac74cac748fd6e6ebd6d35c6cdd90d5b116a231b61a1104ebdec526eee938e26,character,warmup,2,newRoot,BuildSide,thread_cycles,1,32104.0,32104.0,32104,32104,1,32104.0,32104.0,32104,32104,build,1,2,15,9
player01-a923265f,IL2CPP,ac74cac748fd6e6ebd6d35c6cdd90d5b116a231b61a1104ebdec526eee938e26,character,warmup,2,newRoot,SetActive,elapsed_us,1,22.400000000000002,22.400000000000002,22.400000000000002,22.400000000000002,1,22.400000000000002,22.400000000000002,22.400000000000002,22.400000000000002,activation,1,2,15,9
player01-a923265f,IL2CPP,ac74cac748fd6e6ebd6d35c6cdd90d5b116a231b61a1104ebdec526eee938e26,character,warmup,2,newRoot,SetActive,thread_cycles,1,47149.0,47149.0,47149,47149,1,47149.0,47149.0,47149,47149,activation,1,2,15,9
player01-a923265f,IL2CPP,ac74cac748fd6e6ebd6d35c6cdd90d5b116a231b61a1104ebdec526eee938e26,character,warmup,2,newRoot,colliders,elapsed_us,1,4.6000000000000005,4.6000000000000005,4.6000000000000005,4.6000000000000005,1,4.6000000000000005,4.6000000000000005,4.6000000000000005,4.6000000000000005,build,1,2,15,9
player01-a923265f,IL2CPP,ac74cac748fd6e6ebd6d35c6cdd90d5b116a231b61a1104ebdec526eee938e26,character,warmup,2,newRoot,colliders,thread_cycles,1,9802.0,9802.0,9802,9802,1,9802.0,9802.0,9802,9802,build,1,2,15,9
player01-a923265f,IL2CPP,ac74cac748fd6e6ebd6d35c6cdd90d5b116a231b61a1104ebdec526eee938e26,character,warmup,2,newRoot,newRoot,elapsed_us,1,2.5,2.5,2.5,2.5,1,2.5,2.5,2.5,2.5,build,1,2,15,9
player01-a923265f,IL2CPP,ac74cac748fd6e6ebd6d35c6cdd90d5b116a231b61a1104ebdec526eee938e26,character,warmup,2,newRoot,newRoot,thread_cycles,1,5475.0,5475.0,5475,5475,1,5475.0,5475.0,5475,5475,build,1,2,15,9
player01-a923265f,IL2CPP,ac74cac748fd6e6ebd6d35c6cdd90d5b116a231b61a1104ebdec526eee938e26,character,warmup,2,newRoot,objects,elapsed_us,1,9.8,9.8,9.8,9.8,1,9.8,9.8,9.8,9.8,build,1,2,15,9
player01-a923265f,IL2CPP,ac74cac748fd6e6ebd6d35c6cdd90d5b116a231b61a1104ebdec526eee938e26,character,warmup,2,newRoot,objects,thread_cycles,1,20734.0,20734.0,20734,20734,1,20734.0,20734.0,20734,20734,build,1,2,15,9
player01-a923265f,IL2CPP,ac74cac748fd6e6ebd6d35c6cdd90d5b116a231b61a1104ebdec526eee938e26,character,warmup,3,newRoot,BuildSide,elapsed_us,1,-18.7,-18.7,-18.7,-18.7,1,18.7,18.7,18.7,18.7,build,2,1,15,9
player01-a923265f,IL2CPP,ac74cac748fd6e6ebd6d35c6cdd90d5b116a231b61a1104ebdec526eee938e26,character,warmup,3,newRoot,BuildSide,thread_cycles,1,-39650.0,-39650.0,-39650,-39650,1,39650.0,39650.0,39650,39650,build,2,1,15,9
player01-a923265f,IL2CPP,ac74cac748fd6e6ebd6d35c6cdd90d5b116a231b61a1104ebdec526eee938e26,character,warmup,3,newRoot,SetActive,elapsed_us,1,37.0,37.0,37.0,37.0,1,37.0,37.0,37.0,37.0,activation,1,2,15,9
player01-a923265f,IL2CPP,ac74cac748fd6e6ebd6d35c6cdd90d5b116a231b61a1104ebdec526eee938e26,character,warmup,3,newRoot,SetActive,thread_cycles,1,78330.0,78330.0,78330,78330,1,78330.0,78330.0,78330,78330,activation,1,2,15,9
player01-a923265f,IL2CPP,ac74cac748fd6e6ebd6d35c6cdd90d5b116a231b61a1104ebdec526eee938e26,character,warmup,3,newRoot,colliders,elapsed_us,1,1.7000000000000002,1.7000000000000002,1.7000000000000002,1.7000000000000002,1,-1.7000000000000002,-1.7000000000000002,-1.7000000000000002,-1.7000000000000002,build,2,1,15,9
player01-a923265f,IL2CPP,ac74cac748fd6e6ebd6d35c6cdd90d5b116a231b61a1104ebdec526eee938e26,character,warmup,3,newRoot,colliders,thread_cycles,1,3618.0,3618.0,3618,3618,1,-3618.0,-3618.0,-3618,-3618,build,2,1,15,9
player01-a923265f,IL2CPP,ac74cac748fd6e6ebd6d35c6cdd90d5b116a231b61a1104ebdec526eee938e26,character,warmup,3,newRoot,newRoot,elapsed_us,1,-9.1,-9.1,-9.1,-9.1,1,9.1,9.1,9.1,9.1,build,2,1,15,9
player01-a923265f,IL2CPP,ac74cac748fd6e6ebd6d35c6cdd90d5b116a231b61a1104ebdec526eee938e26,character,warmup,3,newRoot,newRoot,thread_cycles,1,-19331.0,-19331.0,-19331,-19331,1,19331.0,19331.0,19331,19331,build,2,1,15,9
player01-a923265f,IL2CPP,ac74cac748fd6e6ebd6d35c6cdd90d5b116a231b61a1104ebdec526eee938e26,character,warmup,3,newRoot,objects,elapsed_us,1,-19.900000000000002,-19.900000000000002,-19.900000000000002,-19.900000000000002,1,19.900000000000002,19.900000000000002,19.900000000000002,19.900000000000002,build,2,1,15,9
player01-a923265f,IL2CPP,ac74cac748fd6e6ebd6d35c6cdd90d5b116a231b61a1104ebdec526eee938e26,character,warmup,3,newRoot,objects,thread_cycles,1,-41953.0,-41953.0,-41953,-41953,1,41953.0,41953.0,41953,41953,build,2,1,15,9
player10-f0ebe111,IL2CPP,ac74cac748fd6e6ebd6d35c6cdd90d5b116a231b61a1104ebdec526eee938e26,box,measured,0,newRoot,BuildSide,elapsed_us,8,10.65,12.795,8.8,12.9,8,10.65,12.795,8.8,12.9,build,1,2,1,1
player10-f0ebe111,IL2CPP,ac74cac748fd6e6ebd6d35c6cdd90d5b116a231b61a1104ebdec526eee938e26,box,measured,0,newRoot,BuildSide,thread_cycles,8,22351.0,27038.0,18512,27206,8,22351.0,27038.0,18512,27206,build,1,2,1,1
player10-f0ebe111,IL2CPP,ac74cac748fd6e6ebd6d35c6cdd90d5b116a231b61a1104ebdec526eee938e26,box,measured,0,newRoot,SetActive,elapsed_us,8,4.550000000000001,6.225,3.4000000000000004,6.4,8,-4.550000000000001,-3.47,-6.4,-3.4000000000000004,activation,2,1,1,1
player10-f0ebe111,IL2CPP,ac74cac748fd6e6ebd6d35c6cdd90d5b116a231b61a1104ebdec526eee938e26,box,measured,0,newRoot,SetActive,thread_cycles,8,9484.0,13017.099999999999,7093,13379,8,-9484.0,-7190.650000000001,-13379,-7093,activation,2,1,1,1
player10-f0ebe111,IL2CPP,ac74cac748fd6e6ebd6d35c6cdd90d5b116a231b61a1104ebdec526eee938e26,box,measured,0,newRoot,colliders,elapsed_us,8,0.95,1.3599999999999999,0.8,1.5,8,0.95,1.3599999999999999,0.8,1.5,build,1,2,1,1
player10-f0ebe111,IL2CPP,ac74cac748fd6e6ebd6d35c6cdd90d5b116a231b61a1104ebdec526eee938e26,box,measured,0,newRoot,colliders,thread_cycles,8,1944.5,2983.45,1719,3212,8,1944.5,2983.45,1719,3212,build,1,2,1,1
player10-f0ebe111,IL2CPP,ac74cac748fd6e6ebd6d35c6cdd90d5b116a231b61a1104ebdec526eee938e26,box,measured,0,newRoot,newRoot,elapsed_us,8,2.25,3.065,1.7000000000000002,3.1,8,2.25,3.065,1.7000000000000002,3.1,build,1,2,1,1
player10-f0ebe111,IL2CPP,ac74cac748fd6e6ebd6d35c6cdd90d5b116a231b61a1104ebdec526eee938e26,box,measured,0,newRoot,newRoot,thread_cycles,8,4984.5,6670.0,3882,6684,8,4984.5,6670.0,3882,6684,build,1,2,1,1
player10-f0ebe111,IL2CPP,ac74cac748fd6e6ebd6d35c6cdd90d5b116a231b61a1104ebdec526eee938e26,box,measured,0,newRoot,objects,elapsed_us,8,8.95,10.665000000000001,7.4,10.700000000000001,8,8.95,10.665000000000001,7.4,10.700000000000001,build,1,2,1,1
player10-f0ebe111,IL2CPP,ac74cac748fd6e6ebd6d35c6cdd90d5b116a231b61a1104ebdec526eee938e26,box,measured,0,newRoot,objects,thread_cycles,8,18918.0,22327.6,15776,22385,8,18918.0,22327.6,15776,22385,build,1,2,1,1
player10-f0ebe111,IL2CPP,ac74cac748fd6e6ebd6d35c6cdd90d5b116a231b61a1104ebdec526eee938e26,box,measured,1,newRoot,BuildSide,elapsed_us,8,-11.350000000000001,-10.07,-16.7,-10.0,8,11.350000000000001,15.334999999999997,10.0,16.7,build,2,1,1,1
player10-f0ebe111,IL2CPP,ac74cac748fd6e6ebd6d35c6cdd90d5b116a231b61a1104ebdec526eee938e26,box,measured,1,newRoot,BuildSide,thread_cycles,8,-23921.5,-21324.55,-35415,-21243,8,23921.5,32410.949999999997,21243,35415,build,2,1,1,1
player10-f0ebe111,IL2CPP,ac74cac748fd6e6ebd6d35c6cdd90d5b116a231b61a1104ebdec526eee938e26,box,measured,1,newRoot,SetActive,elapsed_us,8,4.050000000000001,33.12999999999998,3.4000000000000004,45.800000000000004,8,-4.050000000000001,-3.5050000000000003,-45.800000000000004,-3.4000000000000004,activation,2,1,1,1
player10-f0ebe111,IL2CPP,ac74cac748fd6e6ebd6d35c6cdd90d5b116a231b61a1104ebdec526eee938e26,box,measured,1,newRoot,SetActive,thread_cycles,8,8539.0,49512.09999999998,6875,66597,8,-8539.0,-7165.85,-66597,-6875,activation,2,1,1,1
player10-f0ebe111,IL2CPP,ac74cac748fd6e6ebd6d35c6cdd90d5b116a231b61a1104ebdec526eee938e26,box,measured,1,newRoot,colliders,elapsed_us,8,-0.8,-0.6000000000000001,-1.6,-0.6000000000000001,8,0.8,1.4949999999999999,0.6000000000000001,1.6,build,2,1,1,1
player10-f0ebe111,IL2CPP,ac74cac748fd6e6ebd6d35c6cdd90d5b116a231b61a1104ebdec526eee938e26,box,measured,1,newRoot,colliders,thread_cycles,8,-1745.0,-1240.5500000000002,-3329,-1180,8,1745.0,3140.7,1180,3329,build,2,1,1,1
player10-f0ebe111,IL2CPP,ac74cac748fd6e6ebd6d35c6cdd90d5b116a231b61a1104ebdec526eee938e26,box,measured,1,newRoot,newRoot,elapsed_us,8,-2.55,-2.035,-6.2,-2.0,8,2.55,4.974999999999998,2.0,6.2,build,2,1,1,1
player10-f0ebe111,IL2CPP,ac74cac748fd6e6ebd6d35c6cdd90d5b116a231b61a1104ebdec526eee938e26,box,measured,1,newRoot,newRoot,thread_cycles,8,-5731.0,-4360.75,-13176,-4324,8,5731.0,10741.049999999996,4324,13176,build,2,1,1,1
player10-f0ebe111,IL2CPP,ac74cac748fd6e6ebd6d35c6cdd90d5b116a231b61a1104ebdec526eee938e26,box,measured,1,newRoot,objects,elapsed_us,8,-9.7,-8.770000000000001,-14.4,-8.700000000000001,8,9.7,12.999999999999998,8.700000000000001,14.4,build,2,1,1,1
player10-f0ebe111,IL2CPP,ac74cac748fd6e6ebd6d35c6cdd90d5b116a231b61a1104ebdec526eee938e26,box,measured,1,newRoot,objects,thread_cycles,8,-20617.0,-18529.15,-30631,-18386,8,20617.0,27569.199999999997,18386,30631,build,2,1,1,1
player10-f0ebe111,IL2CPP,ac74cac748fd6e6ebd6d35c6cdd90d5b116a231b61a1104ebdec526eee938e26,box,measured,2,newRoot,BuildSide,elapsed_us,8,10.8,13.584999999999999,9.700000000000001,13.9,8,10.8,13.584999999999999,9.700000000000001,13.9,build,1,2,1,1
player10-f0ebe111,IL2CPP,ac74cac748fd6e6ebd6d35c6cdd90d5b116a231b61a1104ebdec526eee938e26,box,measured,2,newRoot,BuildSide,thread_cycles,8,22738.0,28569.75,20312,29233,8,22738.0,28569.75,20312,29233,build,1,2,1,1
player10-f0ebe111,IL2CPP,ac74cac748fd6e6ebd6d35c6cdd90d5b116a231b61a1104ebdec526eee938e26,box,measured,2,newRoot,SetActive,elapsed_us,8,15.8,16.900000000000002,14.5,16.900000000000002,8,15.8,16.900000000000002,14.5,16.900000000000002,activation,1,2,1,1
player10-f0ebe111,IL2CPP,ac74cac748fd6e6ebd6d35c6cdd90d5b116a231b61a1104ebdec526eee938e26,box,measured,2,newRoot,SetActive,thread_cycles,8,33520.5,35711.95,30838,35755,8,33520.5,35711.95,30838,35755,activation,1,2,1,1
player10-f0ebe111,IL2CPP,ac74cac748fd6e6ebd6d35c6cdd90d5b116a231b61a1104ebdec526eee938e26,box,measured,2,newRoot,colliders,elapsed_us,8,1.1,1.4249999999999998,0.9,1.6,8,1.1,1.4249999999999998,0.9,1.6,build,1,2,1,1
player10-f0ebe111,IL2CPP,ac74cac748fd6e6ebd6d35c6cdd90d5b116a231b61a1104ebdec526eee938e26,box,measured,2,newRoot,colliders,thread_cycles,8,2196.0,3032.2999999999997,2039,3320,8,2196.0,3032.2999999999997,2039,3320,build,1,2,1,1
player10-f0ebe111,IL2CPP,ac74cac748fd6e6ebd6d35c6cdd90d5b116a231b61a1104ebdec526eee938e26,box,measured,2,newRoot,newRoot,elapsed_us,8,2.7,3.6499999999999995,2.2,4.0,8,2.7,3.6499999999999995,2.2,4.0,build,1,2,1,1
player10-f0ebe111,IL2CPP,ac74cac748fd6e6ebd6d35c6cdd90d5b116a231b61a1104ebdec526eee938e26,box,measured,2,newRoot,newRoot,thread_cycles,8,5700.5,7804.799999999999,4718,8572,8,5700.5,7804.799999999999,4718,8572,build,1,2,1,1
player10-f0ebe111,IL2CPP,ac74cac748fd6e6ebd6d35c6cdd90d5b116a231b61a1104ebdec526eee938e26,box,measured,2,newRoot,objects,elapsed_us,8,8.850000000000001,11.46,8.1,11.600000000000001,8,8.850000000000001,11.46,8.1,11.600000000000001,build,1,2,1,1
player10-f0ebe111,IL2CPP,ac74cac748fd6e6ebd6d35c6cdd90d5b116a231b61a1104ebdec526eee938e26,box,measured,2,newRoot,objects,thread_cycles,8,18847.0,24406.0,17168,24770,8,18847.0,24406.0,17168,24770,build,1,2,1,1
player10-f0ebe111,IL2CPP,ac74cac748fd6e6ebd6d35c6cdd90d5b116a231b61a1104ebdec526eee938e26,box,measured,3,newRoot,BuildSide,elapsed_us,8,-10.850000000000001,-8.570000000000002,-16.7,-7.800000000000001,8,10.850000000000001,15.79,7.800000000000001,16.7,build,2,1,1,1
player10-f0ebe111,IL2CPP,ac74cac748fd6e6ebd6d35c6cdd90d5b116a231b61a1104ebdec526eee938e26,box,measured,3,newRoot,BuildSide,thread_cycles,8,-22792.0,-18015.850000000002,-35223,-16325,8,22792.0,33320.049999999996,16325,35223,build,2,1,1,1
player10-f0ebe111,IL2CPP,ac74cac748fd6e6ebd6d35c6cdd90d5b116a231b61a1104ebdec526eee938e26,box,measured,3,newRoot,SetActive,elapsed_us,8,16.25,19.355,13.700000000000001,19.6,8,16.25,19.355,13.700000000000001,19.6,activation,1,2,1,1
player10-f0ebe111,IL2CPP,ac74cac748fd6e6ebd6d35c6cdd90d5b116a231b61a1104ebdec526eee938e26,box,measured,3,newRoot,SetActive,thread_cycles,8,34425.5,40996.35,28943,41556,8,34425.5,40996.35,28943,41556,activation,1,2,1,1
player10-f0ebe111,IL2CPP,ac74cac748fd6e6ebd6d35c6cdd90d5b116a231b61a1104ebdec526eee938e26,box,measured,3,newRoot,colliders,elapsed_us,8,-0.9500000000000001,-0.8,-1.8,-0.8,8,0.9500000000000001,1.6949999999999998,0.8,1.8,build,2,1,1,1
player10-f0ebe111,IL2CPP,ac74cac748fd6e6ebd6d35c6cdd90d5b116a231b61a1104ebdec526eee938e26,box,measured,3,newRoot,colliders,thread_cycles,8,-2084.0,-1607.05,-3842,-1578,8,2084.0,3576.7,1578,3842,build,2,1,1,1
player10-f0ebe111,IL2CPP,ac74cac748fd6e6ebd6d35c6cdd90d5b116a231b61a1104ebdec526eee938e26,box,measured,3,newRoot,newRoot,elapsed_us,8,-2.25,-1.4700000000000002,-5.2,-1.4000000000000001,8,2.25,4.569999999999999,1.4000000000000001,5.2,build,2,1,1,1
player10-f0ebe111,IL2CPP,ac74cac748fd6e6ebd6d35c6cdd90d5b116a231b61a1104ebdec526eee938e26,box,measured,3,newRoot,newRoot,thread_cycles,8,-5092.5,-3247.8500000000004,-10936,-3111,8,5092.5,9842.599999999999,3111,10936,build,2,1,1,1
player10-f0ebe111,IL2CPP,ac74cac748fd6e6ebd6d35c6cdd90d5b116a231b61a1104ebdec526eee938e26,box,measured,3,newRoot,objects,elapsed_us,8,-9.5,-6.995000000000001,-14.100000000000001,-6.4,8,9.5,13.610000000000001,6.4,14.100000000000001,build,2,1,1,1
player10-f0ebe111,IL2CPP,ac74cac748fd6e6ebd6d35c6cdd90d5b116a231b61a1104ebdec526eee938e26,box,measured,3,newRoot,objects,thread_cycles,8,-19931.5,-14812.450000000003,-30156,-13585,8,19931.5,28936.6,13585,30156,build,2,1,1,1
player10-f0ebe111,IL2CPP,ac74cac748fd6e6ebd6d35c6cdd90d5b116a231b61a1104ebdec526eee938e26,box,warmup,0,newRoot,BuildSide,elapsed_us,1,8.9,8.9,8.9,8.9,1,8.9,8.9,8.9,8.9,build,1,2,1,1
player10-f0ebe111,IL2CPP,ac74cac748fd6e6ebd6d35c6cdd90d5b116a231b61a1104ebdec526eee938e26,box,warmup,0,newRoot,BuildSide,thread_cycles,1,18607.0,18607.0,18607,18607,1,18607.0,18607.0,18607,18607,build,1,2,1,1
player10-f0ebe111,IL2CPP,ac74cac748fd6e6ebd6d35c6cdd90d5b116a231b61a1104ebdec526eee938e26,box,warmup,0,newRoot,SetActive,elapsed_us,1,4.9,4.9,4.9,4.9,1,-4.9,-4.9,-4.9,-4.9,activation,2,1,1,1
player10-f0ebe111,IL2CPP,ac74cac748fd6e6ebd6d35c6cdd90d5b116a231b61a1104ebdec526eee938e26,box,warmup,0,newRoot,SetActive,thread_cycles,1,10271.0,10271.0,10271,10271,1,-10271.0,-10271.0,-10271,-10271,activation,2,1,1,1
player10-f0ebe111,IL2CPP,ac74cac748fd6e6ebd6d35c6cdd90d5b116a231b61a1104ebdec526eee938e26,box,warmup,0,newRoot,colliders,elapsed_us,1,0.8,0.8,0.8,0.8,1,0.8,0.8,0.8,0.8,build,1,2,1,1
player10-f0ebe111,IL2CPP,ac74cac748fd6e6ebd6d35c6cdd90d5b116a231b61a1104ebdec526eee938e26,box,warmup,0,newRoot,colliders,thread_cycles,1,1674.0,1674.0,1674,1674,1,1674.0,1674.0,1674,1674,build,1,2,1,1
player10-f0ebe111,IL2CPP,ac74cac748fd6e6ebd6d35c6cdd90d5b116a231b61a1104ebdec526eee938e26,box,warmup,0,newRoot,newRoot,elapsed_us,1,1.6,1.6,1.6,1.6,1,1.6,1.6,1.6,1.6,build,1,2,1,1
player10-f0ebe111,IL2CPP,ac74cac748fd6e6ebd6d35c6cdd90d5b116a231b61a1104ebdec526eee938e26,box,warmup,0,newRoot,newRoot,thread_cycles,1,3472.0,3472.0,3472,3472,1,3472.0,3472.0,3472,3472,build,1,2,1,1
player10-f0ebe111,IL2CPP,ac74cac748fd6e6ebd6d35c6cdd90d5b116a231b61a1104ebdec526eee938e26,box,warmup,0,newRoot,objects,elapsed_us,1,7.4,7.4,7.4,7.4,1,7.4,7.4,7.4,7.4,build,1,2,1,1
player10-f0ebe111,IL2CPP,ac74cac748fd6e6ebd6d35c6cdd90d5b116a231b61a1104ebdec526eee938e26,box,warmup,0,newRoot,objects,thread_cycles,1,15816.0,15816.0,15816,15816,1,15816.0,15816.0,15816,15816,build,1,2,1,1
player10-f0ebe111,IL2CPP,ac74cac748fd6e6ebd6d35c6cdd90d5b116a231b61a1104ebdec526eee938e26,box,warmup,1,newRoot,BuildSide,elapsed_us,1,-11.3,-11.3,-11.3,-11.3,1,11.3,11.3,11.3,11.3,build,2,1,1,1
player10-f0ebe111,IL2CPP,ac74cac748fd6e6ebd6d35c6cdd90d5b116a231b61a1104ebdec526eee938e26,box,warmup,1,newRoot,BuildSide,thread_cycles,1,-23773.0,-23773.0,-23773,-23773,1,23773.0,23773.0,23773,23773,build,2,1,1,1
player10-f0ebe111,IL2CPP,ac74cac748fd6e6ebd6d35c6cdd90d5b116a231b61a1104ebdec526eee938e26,box,warmup,1,newRoot,SetActive,elapsed_us,1,3.5,3.5,3.5,3.5,1,-3.5,-3.5,-3.5,-3.5,activation,2,1,1,1
player10-f0ebe111,IL2CPP,ac74cac748fd6e6ebd6d35c6cdd90d5b116a231b61a1104ebdec526eee938e26,box,warmup,1,newRoot,SetActive,thread_cycles,1,7264.0,7264.0,7264,7264,1,-7264.0,-7264.0,-7264,-7264,activation,2,1,1,1
player10-f0ebe111,IL2CPP,ac74cac748fd6e6ebd6d35c6cdd90d5b116a231b61a1104ebdec526eee938e26,box,warmup,1,newRoot,colliders,elapsed_us,1,-0.7000000000000001,-0.7000000000000001,-0.7000000000000001,-0.7000000000000001,1,0.7000000000000001,0.7000000000000001,0.7000000000000001,0.7000000000000001,build,2,1,1,1
player10-f0ebe111,IL2CPP,ac74cac748fd6e6ebd6d35c6cdd90d5b116a231b61a1104ebdec526eee938e26,box,warmup,1,newRoot,colliders,thread_cycles,1,-1415.0,-1415.0,-1415,-1415,1,1415.0,1415.0,1415,1415,build,2,1,1,1
player10-f0ebe111,IL2CPP,ac74cac748fd6e6ebd6d35c6cdd90d5b116a231b61a1104ebdec526eee938e26,box,warmup,1,newRoot,newRoot,elapsed_us,1,-3.2,-3.2,-3.2,-3.2,1,3.2,3.2,3.2,3.2,build,2,1,1,1
player10-f0ebe111,IL2CPP,ac74cac748fd6e6ebd6d35c6cdd90d5b116a231b61a1104ebdec526eee938e26,box,warmup,1,newRoot,newRoot,thread_cycles,1,-6734.0,-6734.0,-6734,-6734,1,6734.0,6734.0,6734,6734,build,2,1,1,1
player10-f0ebe111,IL2CPP,ac74cac748fd6e6ebd6d35c6cdd90d5b116a231b61a1104ebdec526eee938e26,box,warmup,1,newRoot,objects,elapsed_us,1,-10.0,-10.0,-10.0,-10.0,1,10.0,10.0,10.0,10.0,build,2,1,1,1
player10-f0ebe111,IL2CPP,ac74cac748fd6e6ebd6d35c6cdd90d5b116a231b61a1104ebdec526eee938e26,box,warmup,1,newRoot,objects,thread_cycles,1,-21127.0,-21127.0,-21127,-21127,1,21127.0,21127.0,21127,21127,build,2,1,1,1
player10-f0ebe111,IL2CPP,ac74cac748fd6e6ebd6d35c6cdd90d5b116a231b61a1104ebdec526eee938e26,box,warmup,2,newRoot,BuildSide,elapsed_us,1,18.0,18.0,18.0,18.0,1,18.0,18.0,18.0,18.0,build,1,2,1,1
player10-f0ebe111,IL2CPP,ac74cac748fd6e6ebd6d35c6cdd90d5b116a231b61a1104ebdec526eee938e26,box,warmup,2,newRoot,BuildSide,thread_cycles,1,37842.0,37842.0,37842,37842,1,37842.0,37842.0,37842,37842,build,1,2,1,1
player10-f0ebe111,IL2CPP,ac74cac748fd6e6ebd6d35c6cdd90d5b116a231b61a1104ebdec526eee938e26,box,warmup,2,newRoot,SetActive,elapsed_us,1,27.1,27.1,27.1,27.1,1,27.1,27.1,27.1,27.1,activation,1,2,1,1
player10-f0ebe111,IL2CPP,ac74cac748fd6e6ebd6d35c6cdd90d5b116a231b61a1104ebdec526eee938e26,box,warmup,2,newRoot,SetActive,thread_cycles,1,57329.0,57329.0,57329,57329,1,57329.0,57329.0,57329,57329,activation,1,2,1,1
player10-f0ebe111,IL2CPP,ac74cac748fd6e6ebd6d35c6cdd90d5b116a231b61a1104ebdec526eee938e26,box,warmup,2,newRoot,colliders,elapsed_us,1,1.1,1.1,1.1,1.1,1,1.1,1.1,1.1,1.1,build,1,2,1,1
player10-f0ebe111,IL2CPP,ac74cac748fd6e6ebd6d35c6cdd90d5b116a231b61a1104ebdec526eee938e26,box,warmup,2,newRoot,colliders,thread_cycles,1,2454.0,2454.0,2454,2454,1,2454.0,2454.0,2454,2454,build,1,2,1,1
player10-f0ebe111,IL2CPP,ac74cac748fd6e6ebd6d35c6cdd90d5b116a231b61a1104ebdec526eee938e26,box,warmup,2,newRoot,newRoot,elapsed_us,1,4.800000000000001,4.800000000000001,4.800000000000001,4.800000000000001,1,4.800000000000001,4.800000000000001,4.800000000000001,4.800000000000001,build,1,2,1,1
player10-f0ebe111,IL2CPP,ac74cac748fd6e6ebd6d35c6cdd90d5b116a231b61a1104ebdec526eee938e26,box,warmup,2,newRoot,newRoot,thread_cycles,1,10447.0,10447.0,10447,10447,1,10447.0,10447.0,10447,10447,build,1,2,1,1
player10-f0ebe111,IL2CPP,ac74cac748fd6e6ebd6d35c6cdd90d5b116a231b61a1104ebdec526eee938e26,box,warmup,2,newRoot,objects,elapsed_us,1,14.4,14.4,14.4,14.4,1,14.4,14.4,14.4,14.4,build,1,2,1,1
player10-f0ebe111,IL2CPP,ac74cac748fd6e6ebd6d35c6cdd90d5b116a231b61a1104ebdec526eee938e26,box,warmup,2,newRoot,objects,thread_cycles,1,30561.0,30561.0,30561,30561,1,30561.0,30561.0,30561,30561,build,1,2,1,1
player10-f0ebe111,IL2CPP,ac74cac748fd6e6ebd6d35c6cdd90d5b116a231b61a1104ebdec526eee938e26,box,warmup,3,newRoot,BuildSide,elapsed_us,1,-10.5,-10.5,-10.5,-10.5,1,10.5,10.5,10.5,10.5,build,2,1,1,1
player10-f0ebe111,IL2CPP,ac74cac748fd6e6ebd6d35c6cdd90d5b116a231b61a1104ebdec526eee938e26,box,warmup,3,newRoot,BuildSide,thread_cycles,1,-22108.0,-22108.0,-22108,-22108,1,22108.0,22108.0,22108,22108,build,2,1,1,1
player10-f0ebe111,IL2CPP,ac74cac748fd6e6ebd6d35c6cdd90d5b116a231b61a1104ebdec526eee938e26,box,warmup,3,newRoot,SetActive,elapsed_us,1,18.5,18.5,18.5,18.5,1,18.5,18.5,18.5,18.5,activation,1,2,1,1
player10-f0ebe111,IL2CPP,ac74cac748fd6e6ebd6d35c6cdd90d5b116a231b61a1104ebdec526eee938e26,box,warmup,3,newRoot,SetActive,thread_cycles,1,39159.0,39159.0,39159,39159,1,39159.0,39159.0,39159,39159,activation,1,2,1,1
player10-f0ebe111,IL2CPP,ac74cac748fd6e6ebd6d35c6cdd90d5b116a231b61a1104ebdec526eee938e26,box,warmup,3,newRoot,colliders,elapsed_us,1,0.4,0.4,0.4,0.4,1,-0.4,-0.4,-0.4,-0.4,build,2,1,1,1
player10-f0ebe111,IL2CPP,ac74cac748fd6e6ebd6d35c6cdd90d5b116a231b61a1104ebdec526eee938e26,box,warmup,3,newRoot,colliders,thread_cycles,1,896.0,896.0,896,896,1,-896.0,-896.0,-896,-896,build,2,1,1,1
player10-f0ebe111,IL2CPP,ac74cac748fd6e6ebd6d35c6cdd90d5b116a231b61a1104ebdec526eee938e26,box,warmup,3,newRoot,newRoot,elapsed_us,1,-2.6,-2.6,-2.6,-2.6,1,2.6,2.6,2.6,2.6,build,2,1,1,1
player10-f0ebe111,IL2CPP,ac74cac748fd6e6ebd6d35c6cdd90d5b116a231b61a1104ebdec526eee938e26,box,warmup,3,newRoot,newRoot,thread_cycles,1,-5701.0,-5701.0,-5701,-5701,1,5701.0,5701.0,5701,5701,build,2,1,1,1
player10-f0ebe111,IL2CPP,ac74cac748fd6e6ebd6d35c6cdd90d5b116a231b61a1104ebdec526eee938e26,box,warmup,3,newRoot,objects,elapsed_us,1,-9.8,-9.8,-9.8,-9.8,1,9.8,9.8,9.8,9.8,build,2,1,1,1
player10-f0ebe111,IL2CPP,ac74cac748fd6e6ebd6d35c6cdd90d5b116a231b61a1104ebdec526eee938e26,box,warmup,3,newRoot,objects,thread_cycles,1,-20775.0,-20775.0,-20775,-20775,1,20775.0,20775.0,20775,20775,build,2,1,1,1
player10-f0ebe111,IL2CPP,ac74cac748fd6e6ebd6d35c6cdd90d5b116a231b61a1104ebdec526eee938e26,character,measured,0,newRoot,BuildSide,elapsed_us,8,15.650000000000002,17.345,14.5,17.8,8,15.650000000000002,17.345,14.5,17.8,build,1,2,15,9
player10-f0ebe111,IL2CPP,ac74cac748fd6e6ebd6d35c6cdd90d5b116a231b61a1104ebdec526eee938e26,character,measured,0,newRoot,BuildSide,thread_cycles,8,33020.5,36679.25,30544,37633,8,33020.5,36679.25,30544,37633,build,1,2,15,9
player10-f0ebe111,IL2CPP,ac74cac748fd6e6ebd6d35c6cdd90d5b116a231b61a1104ebdec526eee938e26,character,measured,0,newRoot,SetActive,elapsed_us,8,8.9,11.095,6.7,11.200000000000001,8,-8.9,-7.260000000000002,-11.200000000000001,-6.7,activation,2,1,15,9
player10-f0ebe111,IL2CPP,ac74cac748fd6e6ebd6d35c6cdd90d5b116a231b61a1104ebdec526eee938e26,character,measured,0,newRoot,SetActive,thread_cycles,8,18817.0,23526.3,14162,23737,8,-18817.0,-15287.600000000002,-23737,-14162,activation,2,1,15,9
player10-f0ebe111,IL2CPP,ac74cac748fd6e6ebd6d35c6cdd90d5b116a231b61a1104ebdec526eee938e26,character,measured,0,newRoot,colliders,elapsed_us,8,5.25,6.5600000000000005,4.7,6.7,8,5.25,6.5600000000000005,4.7,6.7,build,1,2,15,9
player10-f0ebe111,IL2CPP,ac74cac748fd6e6ebd6d35c6cdd90d5b116a231b61a1104ebdec526eee938e26,character,measured,0,newRoot,colliders,thread_cycles,8,11147.0,13957.1,9896,14235,8,11147.0,13957.1,9896,14235,build,1,2,15,9
player10-f0ebe111,IL2CPP,ac74cac748fd6e6ebd6d35c6cdd90d5b116a231b61a1104ebdec526eee938e26,character,measured,0,newRoot,newRoot,elapsed_us,8,2.7,3.465,2.1,3.5,8,2.7,3.465,2.1,3.5,build,1,2,15,9
player10-f0ebe111,IL2CPP,ac74cac748fd6e6ebd6d35c6cdd90d5b116a231b61a1104ebdec526eee938e26,character,measured,0,newRoot,newRoot,thread_cycles,8,5801.5,7346.9,4630,7419,8,5801.5,7346.9,4630,7419,build,1,2,15,9
player10-f0ebe111,IL2CPP,ac74cac748fd6e6ebd6d35c6cdd90d5b116a231b61a1104ebdec526eee938e26,character,measured,0,newRoot,objects,elapsed_us,8,9.55,10.63,8.700000000000001,10.700000000000001,8,9.55,10.63,8.700000000000001,10.700000000000001,build,1,2,15,9
player10-f0ebe111,IL2CPP,ac74cac748fd6e6ebd6d35c6cdd90d5b116a231b61a1104ebdec526eee938e26,character,measured,0,newRoot,objects,thread_cycles,8,20158.0,22448.85,18384,22501,8,20158.0,22448.85,18384,22501,build,1,2,15,9
player10-f0ebe111,IL2CPP,ac74cac748fd6e6ebd6d35c6cdd90d5b116a231b61a1104ebdec526eee938e26,character,measured,1,newRoot,BuildSide,elapsed_us,8,-6.95,-4.74,-10.4,-4.6000000000000005,8,6.95,10.05,4.6000000000000005,10.4,build,2,1,15,9
player10-f0ebe111,IL2CPP,ac74cac748fd6e6ebd6d35c6cdd90d5b116a231b61a1104ebdec526eee938e26,character,measured,1,newRoot,BuildSide,thread_cycles,8,-14747.0,-10176.5,-21944,-9865,8,14747.0,21211.1,9865,21944,build,2,1,15,9
player10-f0ebe111,IL2CPP,ac74cac748fd6e6ebd6d35c6cdd90d5b116a231b61a1104ebdec526eee938e26,character,measured,1,newRoot,SetActive,elapsed_us,8,9.75,15.565000000000001,8.6,15.600000000000001,8,-9.75,-8.915000000000001,-15.600000000000001,-8.6,activation,2,1,15,9
player10-f0ebe111,IL2CPP,ac74cac748fd6e6ebd6d35c6cdd90d5b116a231b61a1104ebdec526eee938e26,character,measured,1,newRoot,SetActive,thread_cycles,8,20659.0,32919.2,18085,32929,8,-20659.0,-18762.95,-32929,-18085,activation,2,1,15,9
player10-f0ebe111,IL2CPP,ac74cac748fd6e6ebd6d35c6cdd90d5b116a231b61a1104ebdec526eee938e26,character,measured,1,newRoot,colliders,elapsed_us,8,2.8500000000000005,4.145,1.2000000000000002,4.6000000000000005,8,-2.8500000000000005,-1.3750000000000004,-4.6000000000000005,-1.2000000000000002,build,2,1,15,9
player10-f0ebe111,IL2CPP,ac74cac748fd6e6ebd6d35c6cdd90d5b116a231b61a1104ebdec526eee938e26,character,measured,1,newRoot,colliders,thread_cycles,8,5858.0,8777.749999999998,2780,9721,8,-5858.0,-3100.2500000000005,-9721,-2780,build,2,1,15,9
player10-f0ebe111,IL2CPP,ac74cac748fd6e6ebd6d35c6cdd90d5b116a231b61a1104ebdec526eee938e26,character,measured,1,newRoot,newRoot,elapsed_us,8,-2.6500000000000004,-1.8450000000000006,-4.800000000000001,-1.6,8,2.6500000000000004,4.38,1.6,4.800000000000001,build,2,1,15,9
player10-f0ebe111,IL2CPP,ac74cac748fd6e6ebd6d35c6cdd90d5b116a231b61a1104ebdec526eee938e26,character,measured,1,newRoot,newRoot,thread_cycles,8,-5617.5,-3924.000000000001,-10251,-3420,8,5617.5,9360.949999999999,3420,10251,build,2,1,15,9
player10-f0ebe111,IL2CPP,ac74cac748fd6e6ebd6d35c6cdd90d5b116a231b61a1104ebdec526eee938e26,character,measured,1,newRoot,objects,elapsed_us,8,-8.850000000000001,-7.3100000000000005,-11.200000000000001,-7.1000000000000005,8,8.850000000000001,11.200000000000001,7.1000000000000005,11.200000000000001,build,2,1,15,9
player10-f0ebe111,IL2CPP,ac74cac748fd6e6ebd6d35c6cdd90d5b116a231b61a1104ebdec526eee938e26,character,measured,1,newRoot,objects,thread_cycles,8,-18629.0,-15436.45,-23692,-15035,8,18629.0,23674.15,15035,23692,build,2,1,15,9
player10-f0ebe111,IL2CPP,ac74cac748fd6e6ebd6d35c6cdd90d5b116a231b61a1104ebdec526eee938e26,character,measured,2,newRoot,BuildSide,elapsed_us,8,15.4,18.115000000000002,14.600000000000001,18.5,8,15.4,18.115000000000002,14.600000000000001,18.5,build,1,2,15,9
player10-f0ebe111,IL2CPP,ac74cac748fd6e6ebd6d35c6cdd90d5b116a231b61a1104ebdec526eee938e26,character,measured,2,newRoot,BuildSide,thread_cycles,8,32546.5,38191.15,30748,38986,8,32546.5,38191.15,30748,38986,build,1,2,15,9
player10-f0ebe111,IL2CPP,ac74cac748fd6e6ebd6d35c6cdd90d5b116a231b61a1104ebdec526eee938e26,character,measured,2,newRoot,SetActive,elapsed_us,8,23.1,24.82,21.5,25.1,8,23.1,24.82,21.5,25.1,activation,1,2,15,9
player10-f0ebe111,IL2CPP,ac74cac748fd6e6ebd6d35c6cdd90d5b116a231b61a1104ebdec526eee938e26,character,measured,2,newRoot,SetActive,thread_cycles,8,48899.5,52411.799999999996,45302,52941,8,48899.5,52411.799999999996,45302,52941,activation,1,2,15,9
player10-f0ebe111,IL2CPP,ac74cac748fd6e6ebd6d35c6cdd90d5b116a231b61a1104ebdec526eee938e26,character,measured,2,newRoot,colliders,elapsed_us,8,5.6,6.365,5.2,6.4,8,5.6,6.365,5.2,6.4,build,1,2,15,9
player10-f0ebe111,IL2CPP,ac74cac748fd6e6ebd6d35c6cdd90d5b116a231b61a1104ebdec526eee938e26,character,measured,2,newRoot,colliders,thread_cycles,8,11926.0,13397.15,10924,13443,8,11926.0,13397.15,10924,13443,build,1,2,15,9
player10-f0ebe111,IL2CPP,ac74cac748fd6e6ebd6d35c6cdd90d5b116a231b61a1104ebdec526eee938e26,character,measured,2,newRoot,newRoot,elapsed_us,8,2.75,3.89,2.4000000000000004,4.1000000000000005,8,2.75,3.89,2.4000000000000004,4.1000000000000005,build,1,2,15,9
player10-f0ebe111,IL2CPP,ac74cac748fd6e6ebd6d35c6cdd90d5b116a231b61a1104ebdec526eee938e26,character,measured,2,newRoot,newRoot,thread_cycles,8,5944.5,8335.949999999999,5117,8757,8,5944.5,8335.949999999999,5117,8757,build,1,2,15,9
player10-f0ebe111,IL2CPP,ac74cac748fd6e6ebd6d35c6cdd90d5b116a231b61a1104ebdec526eee938e26,character,measured,2,newRoot,objects,elapsed_us,8,9.3,11.350000000000001,8.200000000000001,11.700000000000001,8,9.3,11.350000000000001,8.200000000000001,11.700000000000001,build,1,2,15,9
player10-f0ebe111,IL2CPP,ac74cac748fd6e6ebd6d35c6cdd90d5b116a231b61a1104ebdec526eee938e26,character,measured,2,newRoot,objects,thread_cycles,8,19654.0,23878.449999999997,17429,24583,8,19654.0,23878.449999999997,17429,24583,build,1,2,15,9
player10-f0ebe111,IL2CPP,ac74cac748fd6e6ebd6d35c6cdd90d5b116a231b61a1104ebdec526eee938e26,character,measured,3,newRoot,BuildSide,elapsed_us,8,-6.65,-5.180000000000001,-10.100000000000001,-4.9,8,6.65,9.225,4.9,10.100000000000001,build,2,1,15,9
player10-f0ebe111,IL2CPP,ac74cac748fd6e6ebd6d35c6cdd90d5b116a231b61a1104ebdec526eee938e26,character,measured,3,newRoot,BuildSide,thread_cycles,8,-14262.5,-10972.5,-21437,-10458,8,14262.5,19560.999999999996,10458,21437,build,2,1,15,9
player10-f0ebe111,IL2CPP,ac74cac748fd6e6ebd6d35c6cdd90d5b116a231b61a1104ebdec526eee938e26,character,measured,3,newRoot,SetActive,elapsed_us,8,22.25,24.355,21.5,24.6,8,22.25,24.355,21.5,24.6,activation,1,2,15,9
player10-f0ebe111,IL2CPP,ac74cac748fd6e6ebd6d35c6cdd90d5b116a231b61a1104ebdec526eee938e26,character,measured,3,newRoot,SetActive,thread_cycles,8,47085.0,51382.6,45298,52042,8,47085.0,51382.6,45298,52042,activation,1,2,15,9
player10-f0ebe111,IL2CPP,ac74cac748fd6e6ebd6d35c6cdd90d5b116a231b61a1104ebdec526eee938e26,character,measured,3,newRoot,colliders,elapsed_us,8,2.6,4.345,1.1,4.800000000000001,8,-2.6,-1.3450000000000004,-4.800000000000001,-1.1,build,2,1,15,9
player10-f0ebe111,IL2CPP,ac74cac748fd6e6ebd6d35c6cdd90d5b116a231b61a1104ebdec526eee938e26,character,measured,3,newRoot,colliders,thread_cycles,8,5597.5,9107.55,2294,10034,8,-5597.5,-2767.5500000000006,-10034,-2294,build,2,1,15,9
player10-f0ebe111,IL2CPP,ac74cac748fd6e6ebd6d35c6cdd90d5b116a231b61a1104ebdec526eee938e26,character,measured,3,newRoot,newRoot,elapsed_us,8,-2.45,-2.1350000000000002,-3.5,-2.1,8,2.45,3.2199999999999998,2.1,3.5,build,2,1,15,9
player10-f0ebe111,IL2CPP,ac74cac748fd6e6ebd6d35c6cdd90d5b116a231b61a1104ebdec526eee938e26,character,measured,3,newRoot,newRoot,thread_cycles,8,-5119.0,-4496.650000000001,-7525,-4385,8,5119.0,6991.599999999999,4385,7525,build,2,1,15,9
player10-f0ebe111,IL2CPP,ac74cac748fd6e6ebd6d35c6cdd90d5b116a231b61a1104ebdec526eee938e26,character,measured,3,newRoot,objects,elapsed_us,8,-8.9,-6.975000000000001,-10.5,-6.1000000000000005,8,8.9,10.465,6.1000000000000005,10.5,build,2,1,15,9
player10-f0ebe111,IL2CPP,ac74cac748fd6e6ebd6d35c6cdd90d5b116a231b61a1104ebdec526eee938e26,character,measured,3,newRoot,objects,thread_cycles,8,-18769.0,-14855.750000000004,-22104,-13118,8,18769.0,22089.3,13118,22104,build,2,1,15,9
player10-f0ebe111,IL2CPP,ac74cac748fd6e6ebd6d35c6cdd90d5b116a231b61a1104ebdec526eee938e26,character,warmup,0,newRoot,BuildSide,elapsed_us,1,14.3,14.3,14.3,14.3,1,14.3,14.3,14.3,14.3,build,1,2,15,9
player10-f0ebe111,IL2CPP,ac74cac748fd6e6ebd6d35c6cdd90d5b116a231b61a1104ebdec526eee938e26,character,warmup,0,newRoot,BuildSide,thread_cycles,1,30110.0,30110.0,30110,30110,1,30110.0,30110.0,30110,30110,build,1,2,15,9
player10-f0ebe111,IL2CPP,ac74cac748fd6e6ebd6d35c6cdd90d5b116a231b61a1104ebdec526eee938e26,character,warmup,0,newRoot,SetActive,elapsed_us,1,9.3,9.3,9.3,9.3,1,-9.3,-9.3,-9.3,-9.3,activation,2,1,15,9
player10-f0ebe111,IL2CPP,ac74cac748fd6e6ebd6d35c6cdd90d5b116a231b61a1104ebdec526eee938e26,character,warmup,0,newRoot,SetActive,thread_cycles,1,19574.0,19574.0,19574,19574,1,-19574.0,-19574.0,-19574,-19574,activation,2,1,15,9
player10-f0ebe111,IL2CPP,ac74cac748fd6e6ebd6d35c6cdd90d5b116a231b61a1104ebdec526eee938e26,character,warmup,0,newRoot,colliders,elapsed_us,1,5.4,5.4,5.4,5.4,1,5.4,5.4,5.4,5.4,build,1,2,15,9
player10-f0ebe111,IL2CPP,ac74cac748fd6e6ebd6d35c6cdd90d5b116a231b61a1104ebdec526eee938e26,character,warmup,0,newRoot,colliders,thread_cycles,1,11148.0,11148.0,11148,11148,1,11148.0,11148.0,11148,11148,build,1,2,15,9
player10-f0ebe111,IL2CPP,ac74cac748fd6e6ebd6d35c6cdd90d5b116a231b61a1104ebdec526eee938e26,character,warmup,0,newRoot,newRoot,elapsed_us,1,2.7,2.7,2.7,2.7,1,2.7,2.7,2.7,2.7,build,1,2,15,9
player10-f0ebe111,IL2CPP,ac74cac748fd6e6ebd6d35c6cdd90d5b116a231b61a1104ebdec526eee938e26,character,warmup,0,newRoot,newRoot,thread_cycles,1,5632.0,5632.0,5632,5632,1,5632.0,5632.0,5632,5632,build,1,2,15,9
player10-f0ebe111,IL2CPP,ac74cac748fd6e6ebd6d35c6cdd90d5b116a231b61a1104ebdec526eee938e26,character,warmup,0,newRoot,objects,elapsed_us,1,8.5,8.5,8.5,8.5,1,8.5,8.5,8.5,8.5,build,1,2,15,9
player10-f0ebe111,IL2CPP,ac74cac748fd6e6ebd6d35c6cdd90d5b116a231b61a1104ebdec526eee938e26,character,warmup,0,newRoot,objects,thread_cycles,1,18085.0,18085.0,18085,18085,1,18085.0,18085.0,18085,18085,build,1,2,15,9
player10-f0ebe111,IL2CPP,ac74cac748fd6e6ebd6d35c6cdd90d5b116a231b61a1104ebdec526eee938e26,character,warmup,1,newRoot,BuildSide,elapsed_us,1,-7.0,-7.0,-7.0,-7.0,1,7.0,7.0,7.0,7.0,build,2,1,15,9
player10-f0ebe111,IL2CPP,ac74cac748fd6e6ebd6d35c6cdd90d5b116a231b61a1104ebdec526eee938e26,character,warmup,1,newRoot,BuildSide,thread_cycles,1,-14921.0,-14921.0,-14921,-14921,1,14921.0,14921.0,14921,14921,build,2,1,15,9
player10-f0ebe111,IL2CPP,ac74cac748fd6e6ebd6d35c6cdd90d5b116a231b61a1104ebdec526eee938e26,character,warmup,1,newRoot,SetActive,elapsed_us,1,7.6000000000000005,7.6000000000000005,7.6000000000000005,7.6000000000000005,1,-7.6000000000000005,-7.6000000000000005,-7.6000000000000005,-7.6000000000000005,activation,2,1,15,9
player10-f0ebe111,IL2CPP,ac74cac748fd6e6ebd6d35c6cdd90d5b116a231b61a1104ebdec526eee938e26,character,warmup,1,newRoot,SetActive,thread_cycles,1,16027.0,16027.0,16027,16027,1,-16027.0,-16027.0,-16027,-16027,activation,2,1,15,9
player10-f0ebe111,IL2CPP,ac74cac748fd6e6ebd6d35c6cdd90d5b116a231b61a1104ebdec526eee938e26,character,warmup,1,newRoot,colliders,elapsed_us,1,2.7,2.7,2.7,2.7,1,-2.7,-2.7,-2.7,-2.7,build,2,1,15,9
player10-f0ebe111,IL2CPP,ac74cac748fd6e6ebd6d35c6cdd90d5b116a231b61a1104ebdec526eee938e26,character,warmup,1,newRoot,colliders,thread_cycles,1,5716.0,5716.0,5716,5716,1,-5716.0,-5716.0,-5716,-5716,build,2,1,15,9
player10-f0ebe111,IL2CPP,ac74cac748fd6e6ebd6d35c6cdd90d5b116a231b61a1104ebdec526eee938e26,character,warmup,1,newRoot,newRoot,elapsed_us,1,-2.5,-2.5,-2.5,-2.5,1,2.5,2.5,2.5,2.5,build,2,1,15,9
player10-f0ebe111,IL2CPP,ac74cac748fd6e6ebd6d35c6cdd90d5b116a231b61a1104ebdec526eee938e26,character,warmup,1,newRoot,newRoot,thread_cycles,1,-5401.0,-5401.0,-5401,-5401,1,5401.0,5401.0,5401,5401,build,2,1,15,9
player10-f0ebe111,IL2CPP,ac74cac748fd6e6ebd6d35c6cdd90d5b116a231b61a1104ebdec526eee938e26,character,warmup,1,newRoot,objects,elapsed_us,1,-9.3,-9.3,-9.3,-9.3,1,9.3,9.3,9.3,9.3,build,2,1,15,9
player10-f0ebe111,IL2CPP,ac74cac748fd6e6ebd6d35c6cdd90d5b116a231b61a1104ebdec526eee938e26,character,warmup,1,newRoot,objects,thread_cycles,1,-19580.0,-19580.0,-19580,-19580,1,19580.0,19580.0,19580,19580,build,2,1,15,9
player10-f0ebe111,IL2CPP,ac74cac748fd6e6ebd6d35c6cdd90d5b116a231b61a1104ebdec526eee938e26,character,warmup,2,newRoot,BuildSide,elapsed_us,1,18.7,18.7,18.7,18.7,1,18.7,18.7,18.7,18.7,build,1,2,15,9
player10-f0ebe111,IL2CPP,ac74cac748fd6e6ebd6d35c6cdd90d5b116a231b61a1104ebdec526eee938e26,character,warmup,2,newRoot,BuildSide,thread_cycles,1,39541.0,39541.0,39541,39541,1,39541.0,39541.0,39541,39541,build,1,2,15,9
player10-f0ebe111,IL2CPP,ac74cac748fd6e6ebd6d35c6cdd90d5b116a231b61a1104ebdec526eee938e26,character,warmup,2,newRoot,SetActive,elapsed_us,1,29.200000000000003,29.200000000000003,29.200000000000003,29.200000000000003,1,29.200000000000003,29.200000000000003,29.200000000000003,29.200000000000003,activation,1,2,15,9
player10-f0ebe111,IL2CPP,ac74cac748fd6e6ebd6d35c6cdd90d5b116a231b61a1104ebdec526eee938e26,character,warmup,2,newRoot,SetActive,thread_cycles,1,61391.0,61391.0,61391,61391,1,61391.0,61391.0,61391,61391,activation,1,2,15,9
player10-f0ebe111,IL2CPP,ac74cac748fd6e6ebd6d35c6cdd90d5b116a231b61a1104ebdec526eee938e26,character,warmup,2,newRoot,colliders,elapsed_us,1,6.800000000000001,6.800000000000001,6.800000000000001,6.800000000000001,1,6.800000000000001,6.800000000000001,6.800000000000001,6.800000000000001,build,1,2,15,9
player10-f0ebe111,IL2CPP,ac74cac748fd6e6ebd6d35c6cdd90d5b116a231b61a1104ebdec526eee938e26,character,warmup,2,newRoot,colliders,thread_cycles,1,14258.0,14258.0,14258,14258,1,14258.0,14258.0,14258,14258,build,1,2,15,9
player10-f0ebe111,IL2CPP,ac74cac748fd6e6ebd6d35c6cdd90d5b116a231b61a1104ebdec526eee938e26,character,warmup,2,newRoot,newRoot,elapsed_us,1,3.2,3.2,3.2,3.2,1,3.2,3.2,3.2,3.2,build,1,2,15,9
player10-f0ebe111,IL2CPP,ac74cac748fd6e6ebd6d35c6cdd90d5b116a231b61a1104ebdec526eee938e26,character,warmup,2,newRoot,newRoot,thread_cycles,1,6645.0,6645.0,6645,6645,1,6645.0,6645.0,6645,6645,build,1,2,15,9
player10-f0ebe111,IL2CPP,ac74cac748fd6e6ebd6d35c6cdd90d5b116a231b61a1104ebdec526eee938e26,character,warmup,2,newRoot,objects,elapsed_us,1,9.600000000000001,9.600000000000001,9.600000000000001,9.600000000000001,1,9.600000000000001,9.600000000000001,9.600000000000001,9.600000000000001,build,1,2,15,9
player10-f0ebe111,IL2CPP,ac74cac748fd6e6ebd6d35c6cdd90d5b116a231b61a1104ebdec526eee938e26,character,warmup,2,newRoot,objects,thread_cycles,1,20153.0,20153.0,20153,20153,1,20153.0,20153.0,20153,20153,build,1,2,15,9
player10-f0ebe111,IL2CPP,ac74cac748fd6e6ebd6d35c6cdd90d5b116a231b61a1104ebdec526eee938e26,character,warmup,3,newRoot,BuildSide,elapsed_us,1,-5.6000000000000005,-5.6000000000000005,-5.6000000000000005,-5.6000000000000005,1,5.6000000000000005,5.6000000000000005,5.6000000000000005,5.6000000000000005,build,2,1,15,9
player10-f0ebe111,IL2CPP,ac74cac748fd6e6ebd6d35c6cdd90d5b116a231b61a1104ebdec526eee938e26,character,warmup,3,newRoot,BuildSide,thread_cycles,1,-11736.0,-11736.0,-11736,-11736,1,11736.0,11736.0,11736,11736,build,2,1,15,9
player10-f0ebe111,IL2CPP,ac74cac748fd6e6ebd6d35c6cdd90d5b116a231b61a1104ebdec526eee938e26,character,warmup,3,newRoot,SetActive,elapsed_us,1,19.200000000000003,19.200000000000003,19.200000000000003,19.200000000000003,1,19.200000000000003,19.200000000000003,19.200000000000003,19.200000000000003,activation,1,2,15,9
player10-f0ebe111,IL2CPP,ac74cac748fd6e6ebd6d35c6cdd90d5b116a231b61a1104ebdec526eee938e26,character,warmup,3,newRoot,SetActive,thread_cycles,1,40682.0,40682.0,40682,40682,1,40682.0,40682.0,40682,40682,activation,1,2,15,9
player10-f0ebe111,IL2CPP,ac74cac748fd6e6ebd6d35c6cdd90d5b116a231b61a1104ebdec526eee938e26,character,warmup,3,newRoot,colliders,elapsed_us,1,3.6,3.6,3.6,3.6,1,-3.6,-3.6,-3.6,-3.6,build,2,1,15,9
player10-f0ebe111,IL2CPP,ac74cac748fd6e6ebd6d35c6cdd90d5b116a231b61a1104ebdec526eee938e26,character,warmup,3,newRoot,colliders,thread_cycles,1,7388.0,7388.0,7388,7388,1,-7388.0,-7388.0,-7388,-7388,build,2,1,15,9
player10-f0ebe111,IL2CPP,ac74cac748fd6e6ebd6d35c6cdd90d5b116a231b61a1104ebdec526eee938e26,character,warmup,3,newRoot,newRoot,elapsed_us,1,-2.1,-2.1,-2.1,-2.1,1,2.1,2.1,2.1,2.1,build,2,1,15,9
player10-f0ebe111,IL2CPP,ac74cac748fd6e6ebd6d35c6cdd90d5b116a231b61a1104ebdec526eee938e26,character,warmup,3,newRoot,newRoot,thread_cycles,1,-4514.0,-4514.0,-4514,-4514,1,4514.0,4514.0,4514,4514,build,2,1,15,9
player10-f0ebe111,IL2CPP,ac74cac748fd6e6ebd6d35c6cdd90d5b116a231b61a1104ebdec526eee938e26,character,warmup,3,newRoot,objects,elapsed_us,1,-8.700000000000001,-8.700000000000001,-8.700000000000001,-8.700000000000001,1,8.700000000000001,8.700000000000001,8.700000000000001,8.700000000000001,build,2,1,15,9
player10-f0ebe111,IL2CPP,ac74cac748fd6e6ebd6d35c6cdd90d5b116a231b61a1104ebdec526eee938e26,character,warmup,3,newRoot,objects,thread_cycles,1,-18315.0,-18315.0,-18315,-18315,1,18315.0,18315.0,18315,18315,build,2,1,15,9
player11-6bad76e3,IL2CPP,ac74cac748fd6e6ebd6d35c6cdd90d5b116a231b61a1104ebdec526eee938e26,box,measured,0,newRoot,BuildSide,elapsed_us,8,9.850000000000001,10.465,7.9,10.5,8,9.850000000000001,10.465,7.9,10.5,build,1,2,1,1
player11-6bad76e3,IL2CPP,ac74cac748fd6e6ebd6d35c6cdd90d5b116a231b61a1104ebdec526eee938e26,box,measured,0,newRoot,BuildSide,thread_cycles,8,20625.5,22025.6,16318,22034,8,20625.5,22025.6,16318,22034,build,1,2,1,1
player11-6bad76e3,IL2CPP,ac74cac748fd6e6ebd6d35c6cdd90d5b116a231b61a1104ebdec526eee938e26,box,measured,0,newRoot,SetActive,elapsed_us,8,3.95,4.955,2.6,5.2,8,-3.95,-2.880000000000001,-5.2,-2.6,activation,2,1,1,1
player11-6bad76e3,IL2CPP,ac74cac748fd6e6ebd6d35c6cdd90d5b116a231b61a1104ebdec526eee938e26,box,measured,0,newRoot,SetActive,thread_cycles,8,8345.0,10535.15,5305,11092,8,-8345.0,-5957.4000000000015,-11092,-5305,activation,2,1,1,1
player11-6bad76e3,IL2CPP,ac74cac748fd6e6ebd6d35c6cdd90d5b116a231b61a1104ebdec526eee938e26,box,measured,0,newRoot,colliders,elapsed_us,8,0.8500000000000001,1.03,0.7000000000000001,1.1,8,0.8500000000000001,1.03,0.7000000000000001,1.1,build,1,2,1,1
player11-6bad76e3,IL2CPP,ac74cac748fd6e6ebd6d35c6cdd90d5b116a231b61a1104ebdec526eee938e26,box,measured,0,newRoot,colliders,thread_cycles,8,1829.0,2350.3999999999996,1540,2510,8,1829.0,2350.3999999999996,1540,2510,build,1,2,1,1
player11-6bad76e3,IL2CPP,ac74cac748fd6e6ebd6d35c6cdd90d5b116a231b61a1104ebdec526eee938e26,box,measured,0,newRoot,newRoot,elapsed_us,8,2.1500000000000004,2.92,1.5,3.2,8,2.1500000000000004,2.92,1.5,3.2,build,1,2,1,1
player11-6bad76e3,IL2CPP,ac74cac748fd6e6ebd6d35c6cdd90d5b116a231b61a1104ebdec526eee938e26,box,measured,0,newRoot,newRoot,thread_cycles,8,4590.0,6331.349999999999,3199,6905,8,4590.0,6331.349999999999,3199,6905,build,1,2,1,1
player11-6bad76e3,IL2CPP,ac74cac748fd6e6ebd6d35c6cdd90d5b116a231b61a1104ebdec526eee938e26,box,measured,0,newRoot,objects,elapsed_us,8,8.3,8.965,6.6000000000000005,9.0,8,8.3,8.965,6.6000000000000005,9.0,build,1,2,1,1
player11-6bad76e3,IL2CPP,ac74cac748fd6e6ebd6d35c6cdd90d5b116a231b61a1104ebdec526eee938e26,box,measured,0,newRoot,objects,thread_cycles,8,17523.5,19042.95,13990,19233,8,17523.5,19042.95,13990,19233,build,1,2,1,1
player11-6bad76e3,IL2CPP,ac74cac748fd6e6ebd6d35c6cdd90d5b116a231b61a1104ebdec526eee938e26,box,measured,1,newRoot,BuildSide,elapsed_us,8,-10.45,-8.830000000000002,-15.4,-8.200000000000001,8,10.45,13.754999999999999,8.200000000000001,15.4,build,2,1,1,1
player11-6bad76e3,IL2CPP,ac74cac748fd6e6ebd6d35c6cdd90d5b116a231b61a1104ebdec526eee938e26,box,measured,1,newRoot,BuildSide,thread_cycles,8,-21882.5,-18656.45,-32409,-17401,8,21882.5,28914.949999999993,17401,32409,build,2,1,1,1
player11-6bad76e3,IL2CPP,ac74cac748fd6e6ebd6d35c6cdd90d5b116a231b61a1104ebdec526eee938e26,box,measured,1,newRoot,SetActive,elapsed_us,8,3.35,4.985,1.8,5.300000000000001,8,-3.35,-1.9050000000000002,-5.300000000000001,-1.8,activation,2,1,1,1
player11-6bad76e3,IL2CPP,ac74cac748fd6e6ebd6d35c6cdd90d5b116a231b61a1104ebdec526eee938e26,box,measured,1,newRoot,SetActive,thread_cycles,8,7184.5,10532.15,3909,11138,8,-7184.5,-4093.4500000000003,-11138,-3909,activation,2,1,1,1
player11-6bad76e3,IL2CPP,ac74cac748fd6e6ebd6d35c6cdd90d5b116a231b61a1104ebdec526eee938e26,box,measured,1,newRoot,colliders,elapsed_us,8,-0.8,-0.6350000000000001,-1.4000000000000001,-0.6000000000000001,8,0.8,1.2599999999999998,0.6000000000000001,1.4000000000000001,build,2,1,1,1
player11-6bad76e3,IL2CPP,ac74cac748fd6e6ebd6d35c6cdd90d5b116a231b61a1104ebdec526eee938e26,box,measured,1,newRoot,colliders,thread_cycles,8,-1772.5,-1413.7500000000002,-2954,-1314,8,1772.5,2641.4499999999994,1314,2954,build,2,1,1,1
player11-6bad76e3,IL2CPP,ac74cac748fd6e6ebd6d35c6cdd90d5b116a231b61a1104ebdec526eee938e26,box,measured,1,newRoot,newRoot,elapsed_us,8,-2.55,-1.7400000000000002,-4.9,-1.6,8,2.55,4.234999999999999,1.6,4.9,build,2,1,1,1
player11-6bad76e3,IL2CPP,ac74cac748fd6e6ebd6d35c6cdd90d5b116a231b61a1104ebdec526eee938e26,box,measured,1,newRoot,newRoot,thread_cycles,8,-5535.5,-3916.4000000000005,-10234,-3642,8,5535.5,8895.599999999999,3642,10234,build,2,1,1,1
player11-6bad76e3,IL2CPP,ac74cac748fd6e6ebd6d35c6cdd90d5b116a231b61a1104ebdec526eee938e26,box,measured,1,newRoot,objects,elapsed_us,8,-8.7,-7.355000000000001,-13.3,-6.9,8,8.7,11.864999999999998,6.9,13.3,build,2,1,1,1
player11-6bad76e3,IL2CPP,ac74cac748fd6e6ebd6d35c6cdd90d5b116a231b61a1104ebdec526eee938e26,box,measured,1,newRoot,objects,thread_cycles,8,-18367.5,-15591.2,-28266,-14698,8,18367.5,25143.649999999994,14698,28266,build,2,1,1,1
player11-6bad76e3,IL2CPP,ac74cac748fd6e6ebd6d35c6cdd90d5b116a231b61a1104ebdec526eee938e26,box,measured,2,newRoot,BuildSide,elapsed_us,8,11.2,12.065000000000001,8.8,12.100000000000001,8,11.2,12.065000000000001,8.8,12.100000000000001,build,1,2,1,1
player11-6bad76e3,IL2CPP,ac74cac748fd6e6ebd6d35c6cdd90d5b116a231b61a1104ebdec526eee938e26,box,measured,2,newRoot,BuildSide,thread_cycles,8,23722.0,25367.45,18291,25414,8,23722.0,25367.45,18291,25414,build,1,2,1,1
player11-6bad76e3,IL2CPP,ac74cac748fd6e6ebd6d35c6cdd90d5b116a231b61a1104ebdec526eee938e26,box,measured,2,newRoot,SetActive,elapsed_us,8,15.95,17.38,14.700000000000001,17.8,8,15.95,17.38,14.700000000000001,17.8,activation,1,2,1,1
player11-6bad76e3,IL2CPP,ac74cac748fd6e6ebd6d35c6cdd90d5b116a231b61a1104ebdec526eee938e26,box,measured,2,newRoot,SetActive,thread_cycles,8,33677.0,36668.4,31154,37528,8,33677.0,36668.4,31154,37528,activation,1,2,1,1
player11-6bad76e3,IL2CPP,ac74cac748fd6e6ebd6d35c6cdd90d5b116a231b61a1104ebdec526eee938e26,box,measured,2,newRoot,colliders,elapsed_us,8,1.05,1.33,0.8,1.4000000000000001,8,1.05,1.33,0.8,1.4000000000000001,build,1,2,1,1
player11-6bad76e3,IL2CPP,ac74cac748fd6e6ebd6d35c6cdd90d5b116a231b61a1104ebdec526eee938e26,box,measured,2,newRoot,colliders,thread_cycles,8,2208.5,2606.65,1683,2656,8,2208.5,2606.65,1683,2656,build,1,2,1,1
player11-6bad76e3,IL2CPP,ac74cac748fd6e6ebd6d35c6cdd90d5b116a231b61a1104ebdec526eee938e26,box,measured,2,newRoot,newRoot,elapsed_us,8,2.4000000000000004,2.8000000000000003,2.1,2.8000000000000003,8,2.4000000000000004,2.8000000000000003,2.1,2.8000000000000003,build,1,2,1,1
player11-6bad76e3,IL2CPP,ac74cac748fd6e6ebd6d35c6cdd90d5b116a231b61a1104ebdec526eee938e26,box,measured,2,newRoot,newRoot,thread_cycles,8,5239.5,6588.849999999999,4432,6886,8,5239.5,6588.849999999999,4432,6886,build,1,2,1,1
player11-6bad76e3,IL2CPP,ac74cac748fd6e6ebd6d35c6cdd90d5b116a231b61a1104ebdec526eee938e26,box,measured,2,newRoot,objects,elapsed_us,8,9.700000000000001,10.495000000000001,6.800000000000001,10.600000000000001,8,9.700000000000001,10.495000000000001,6.800000000000001,10.600000000000001,build,1,2,1,1
player11-6bad76e3,IL2CPP,ac74cac748fd6e6ebd6d35c6cdd90d5b116a231b61a1104ebdec526eee938e26,box,measured,2,newRoot,objects,thread_cycles,8,20613.5,22168.55,14473,22430,8,20613.5,22168.55,14473,22430,build,1,2,1,1
player11-6bad76e3,IL2CPP,ac74cac748fd6e6ebd6d35c6cdd90d5b116a231b61a1104ebdec526eee938e26,box,measured,3,newRoot,BuildSide,elapsed_us,8,-10.3,-9.535,-11.8,-9.5,8,10.3,11.625,9.5,11.8,build,2,1,1,1
player11-6bad76e3,IL2CPP,ac74cac748fd6e6ebd6d35c6cdd90d5b116a231b61a1104ebdec526eee938e26,box,measured,3,newRoot,BuildSide,thread_cycles,8,-21643.5,-20066.2,-24808,-20013,8,21643.5,24409.35,20013,24808,build,2,1,1,1
player11-6bad76e3,IL2CPP,ac74cac748fd6e6ebd6d35c6cdd90d5b116a231b61a1104ebdec526eee938e26,box,measured,3,newRoot,SetActive,elapsed_us,8,15.3,16.544999999999998,14.700000000000001,17.0,8,15.3,16.544999999999998,14.700000000000001,17.0,activation,1,2,1,1
player11-6bad76e3,IL2CPP,ac74cac748fd6e6ebd6d35c6cdd90d5b116a231b61a1104ebdec526eee938e26,box,measured,3,newRoot,SetActive,thread_cycles,8,32335.0,34830.049999999996,31047,35858,8,32335.0,34830.049999999996,31047,35858,activation,1,2,1,1
player11-6bad76e3,IL2CPP,ac74cac748fd6e6ebd6d35c6cdd90d5b116a231b61a1104ebdec526eee938e26,box,measured,3,newRoot,colliders,elapsed_us,8,-0.8,-0.6350000000000001,-1.1,-0.6000000000000001,8,0.8,1.03,0.6000000000000001,1.1,build,2,1,1,1
player11-6bad76e3,IL2CPP,ac74cac748fd6e6ebd6d35c6cdd90d5b116a231b61a1104ebdec526eee938e26,box,measured,3,newRoot,colliders,thread_cycles,8,-1809.5,-1460.0500000000002,-2204,-1361,8,1809.5,2132.6,1361,2204,build,2,1,1,1
player11-6bad76e3,IL2CPP,ac74cac748fd6e6ebd6d35c6cdd90d5b116a231b61a1104ebdec526eee938e26,box,measured,3,newRoot,newRoot,elapsed_us,8,-2.1500000000000004,-1.9050000000000002,-2.8000000000000003,-1.8,8,2.1500000000000004,2.625,1.8,2.8000000000000003,build,2,1,1,1
player11-6bad76e3,IL2CPP,ac74cac748fd6e6ebd6d35c6cdd90d5b116a231b61a1104ebdec526eee938e26,box,measured,3,newRoot,newRoot,thread_cycles,8,-4710.5,-4196.75,-6036,-4069,8,4710.5,5697.9,4069,6036,build,2,1,1,1
player11-6bad76e3,IL2CPP,ac74cac748fd6e6ebd6d35c6cdd90d5b116a231b61a1104ebdec526eee938e26,box,measured,3,newRoot,objects,elapsed_us,8,-8.600000000000001,-8.105,-10.3,-8.0,8,8.600000000000001,9.95,8.0,10.3,build,2,1,1,1
player11-6bad76e3,IL2CPP,ac74cac748fd6e6ebd6d35c6cdd90d5b116a231b61a1104ebdec526eee938e26,box,measured,3,newRoot,objects,thread_cycles,8,-18199.0,-17017.45,-21788,-16791,8,18199.0,21021.149999999998,16791,21788,build,2,1,1,1
player11-6bad76e3,IL2CPP,ac74cac748fd6e6ebd6d35c6cdd90d5b116a231b61a1104ebdec526eee938e26,box,warmup,0,newRoot,BuildSide,elapsed_us,1,11.200000000000001,11.200000000000001,11.200000000000001,11.200000000000001,1,11.200000000000001,11.200000000000001,11.200000000000001,11.200000000000001,build,1,2,1,1
player11-6bad76e3,IL2CPP,ac74cac748fd6e6ebd6d35c6cdd90d5b116a231b61a1104ebdec526eee938e26,box,warmup,0,newRoot,BuildSide,thread_cycles,1,23661.0,23661.0,23661,23661,1,23661.0,23661.0,23661,23661,build,1,2,1,1
player11-6bad76e3,IL2CPP,ac74cac748fd6e6ebd6d35c6cdd90d5b116a231b61a1104ebdec526eee938e26,box,warmup,0,newRoot,SetActive,elapsed_us,1,4.1000000000000005,4.1000000000000005,4.1000000000000005,4.1000000000000005,1,-4.1000000000000005,-4.1000000000000005,-4.1000000000000005,-4.1000000000000005,activation,2,1,1,1
player11-6bad76e3,IL2CPP,ac74cac748fd6e6ebd6d35c6cdd90d5b116a231b61a1104ebdec526eee938e26,box,warmup,0,newRoot,SetActive,thread_cycles,1,8453.0,8453.0,8453,8453,1,-8453.0,-8453.0,-8453,-8453,activation,2,1,1,1
player11-6bad76e3,IL2CPP,ac74cac748fd6e6ebd6d35c6cdd90d5b116a231b61a1104ebdec526eee938e26,box,warmup,0,newRoot,colliders,elapsed_us,1,0.9,0.9,0.9,0.9,1,0.9,0.9,0.9,0.9,build,1,2,1,1
player11-6bad76e3,IL2CPP,ac74cac748fd6e6ebd6d35c6cdd90d5b116a231b61a1104ebdec526eee938e26,box,warmup,0,newRoot,colliders,thread_cycles,1,1910.0,1910.0,1910,1910,1,1910.0,1910.0,1910,1910,build,1,2,1,1
player11-6bad76e3,IL2CPP,ac74cac748fd6e6ebd6d35c6cdd90d5b116a231b61a1104ebdec526eee938e26,box,warmup,0,newRoot,newRoot,elapsed_us,1,4.1000000000000005,4.1000000000000005,4.1000000000000005,4.1000000000000005,1,4.1000000000000005,4.1000000000000005,4.1000000000000005,4.1000000000000005,build,1,2,1,1
player11-6bad76e3,IL2CPP,ac74cac748fd6e6ebd6d35c6cdd90d5b116a231b61a1104ebdec526eee938e26,box,warmup,0,newRoot,newRoot,thread_cycles,1,8795.0,8795.0,8795,8795,1,8795.0,8795.0,8795,8795,build,1,2,1,1
player11-6bad76e3,IL2CPP,ac74cac748fd6e6ebd6d35c6cdd90d5b116a231b61a1104ebdec526eee938e26,box,warmup,0,newRoot,objects,elapsed_us,1,9.8,9.8,9.8,9.8,1,9.8,9.8,9.8,9.8,build,1,2,1,1
player11-6bad76e3,IL2CPP,ac74cac748fd6e6ebd6d35c6cdd90d5b116a231b61a1104ebdec526eee938e26,box,warmup,0,newRoot,objects,thread_cycles,1,20437.0,20437.0,20437,20437,1,20437.0,20437.0,20437,20437,build,1,2,1,1
player11-6bad76e3,IL2CPP,ac74cac748fd6e6ebd6d35c6cdd90d5b116a231b61a1104ebdec526eee938e26,box,warmup,1,newRoot,BuildSide,elapsed_us,1,-9.700000000000001,-9.700000000000001,-9.700000000000001,-9.700000000000001,1,9.700000000000001,9.700000000000001,9.700000000000001,9.700000000000001,build,2,1,1,1
player11-6bad76e3,IL2CPP,ac74cac748fd6e6ebd6d35c6cdd90d5b116a231b61a1104ebdec526eee938e26,box,warmup,1,newRoot,BuildSide,thread_cycles,1,-20172.0,-20172.0,-20172,-20172,1,20172.0,20172.0,20172,20172,build,2,1,1,1
player11-6bad76e3,IL2CPP,ac74cac748fd6e6ebd6d35c6cdd90d5b116a231b61a1104ebdec526eee938e26,box,warmup,1,newRoot,SetActive,elapsed_us,1,2.2,2.2,2.2,2.2,1,-2.2,-2.2,-2.2,-2.2,activation,2,1,1,1
player11-6bad76e3,IL2CPP,ac74cac748fd6e6ebd6d35c6cdd90d5b116a231b61a1104ebdec526eee938e26,box,warmup,1,newRoot,SetActive,thread_cycles,1,4641.0,4641.0,4641,4641,1,-4641.0,-4641.0,-4641,-4641,activation,2,1,1,1
player11-6bad76e3,IL2CPP,ac74cac748fd6e6ebd6d35c6cdd90d5b116a231b61a1104ebdec526eee938e26,box,warmup,1,newRoot,colliders,elapsed_us,1,-1.2000000000000002,-1.2000000000000002,-1.2000000000000002,-1.2000000000000002,1,1.2000000000000002,1.2000000000000002,1.2000000000000002,1.2000000000000002,build,2,1,1,1
player11-6bad76e3,IL2CPP,ac74cac748fd6e6ebd6d35c6cdd90d5b116a231b61a1104ebdec526eee938e26,box,warmup,1,newRoot,colliders,thread_cycles,1,-2445.0,-2445.0,-2445,-2445,1,2445.0,2445.0,2445,2445,build,2,1,1,1
player11-6bad76e3,IL2CPP,ac74cac748fd6e6ebd6d35c6cdd90d5b116a231b61a1104ebdec526eee938e26,box,warmup,1,newRoot,newRoot,elapsed_us,1,-2.2,-2.2,-2.2,-2.2,1,2.2,2.2,2.2,2.2,build,2,1,1,1
player11-6bad76e3,IL2CPP,ac74cac748fd6e6ebd6d35c6cdd90d5b116a231b61a1104ebdec526eee938e26,box,warmup,1,newRoot,newRoot,thread_cycles,1,-4961.0,-4961.0,-4961,-4961,1,4961.0,4961.0,4961,4961,build,2,1,1,1
player11-6bad76e3,IL2CPP,ac74cac748fd6e6ebd6d35c6cdd90d5b116a231b61a1104ebdec526eee938e26,box,warmup,1,newRoot,objects,elapsed_us,1,-7.9,-7.9,-7.9,-7.9,1,7.9,7.9,7.9,7.9,build,2,1,1,1
player11-6bad76e3,IL2CPP,ac74cac748fd6e6ebd6d35c6cdd90d5b116a231b61a1104ebdec526eee938e26,box,warmup,1,newRoot,objects,thread_cycles,1,-16609.0,-16609.0,-16609,-16609,1,16609.0,16609.0,16609,16609,build,2,1,1,1
player11-6bad76e3,IL2CPP,ac74cac748fd6e6ebd6d35c6cdd90d5b116a231b61a1104ebdec526eee938e26,box,warmup,2,newRoot,BuildSide,elapsed_us,1,13.8,13.8,13.8,13.8,1,13.8,13.8,13.8,13.8,build,1,2,1,1
player11-6bad76e3,IL2CPP,ac74cac748fd6e6ebd6d35c6cdd90d5b116a231b61a1104ebdec526eee938e26,box,warmup,2,newRoot,BuildSide,thread_cycles,1,28947.0,28947.0,28947,28947,1,28947.0,28947.0,28947,28947,build,1,2,1,1
player11-6bad76e3,IL2CPP,ac74cac748fd6e6ebd6d35c6cdd90d5b116a231b61a1104ebdec526eee938e26,box,warmup,2,newRoot,SetActive,elapsed_us,1,23.400000000000002,23.400000000000002,23.400000000000002,23.400000000000002,1,23.400000000000002,23.400000000000002,23.400000000000002,23.400000000000002,activation,1,2,1,1
player11-6bad76e3,IL2CPP,ac74cac748fd6e6ebd6d35c6cdd90d5b116a231b61a1104ebdec526eee938e26,box,warmup,2,newRoot,SetActive,thread_cycles,1,49494.0,49494.0,49494,49494,1,49494.0,49494.0,49494,49494,activation,1,2,1,1
player11-6bad76e3,IL2CPP,ac74cac748fd6e6ebd6d35c6cdd90d5b116a231b61a1104ebdec526eee938e26,box,warmup,2,newRoot,colliders,elapsed_us,1,1.5,1.5,1.5,1.5,1,1.5,1.5,1.5,1.5,build,1,2,1,1
player11-6bad76e3,IL2CPP,ac74cac748fd6e6ebd6d35c6cdd90d5b116a231b61a1104ebdec526eee938e26,box,warmup,2,newRoot,colliders,thread_cycles,1,2980.0,2980.0,2980,2980,1,2980.0,2980.0,2980,2980,build,1,2,1,1
player11-6bad76e3,IL2CPP,ac74cac748fd6e6ebd6d35c6cdd90d5b116a231b61a1104ebdec526eee938e26,box,warmup,2,newRoot,newRoot,elapsed_us,1,3.5,3.5,3.5,3.5,1,3.5,3.5,3.5,3.5,build,1,2,1,1
player11-6bad76e3,IL2CPP,ac74cac748fd6e6ebd6d35c6cdd90d5b116a231b61a1104ebdec526eee938e26,box,warmup,2,newRoot,newRoot,thread_cycles,1,8527.0,8527.0,8527,8527,1,8527.0,8527.0,8527,8527,build,1,2,1,1
player11-6bad76e3,IL2CPP,ac74cac748fd6e6ebd6d35c6cdd90d5b116a231b61a1104ebdec526eee938e26,box,warmup,2,newRoot,objects,elapsed_us,1,12.0,12.0,12.0,12.0,1,12.0,12.0,12.0,12.0,build,1,2,1,1
player11-6bad76e3,IL2CPP,ac74cac748fd6e6ebd6d35c6cdd90d5b116a231b61a1104ebdec526eee938e26,box,warmup,2,newRoot,objects,thread_cycles,1,25206.0,25206.0,25206,25206,1,25206.0,25206.0,25206,25206,build,1,2,1,1
player11-6bad76e3,IL2CPP,ac74cac748fd6e6ebd6d35c6cdd90d5b116a231b61a1104ebdec526eee938e26,box,warmup,3,newRoot,BuildSide,elapsed_us,1,-9.5,-9.5,-9.5,-9.5,1,9.5,9.5,9.5,9.5,build,2,1,1,1
player11-6bad76e3,IL2CPP,ac74cac748fd6e6ebd6d35c6cdd90d5b116a231b61a1104ebdec526eee938e26,box,warmup,3,newRoot,BuildSide,thread_cycles,1,-19848.0,-19848.0,-19848,-19848,1,19848.0,19848.0,19848,19848,build,2,1,1,1
player11-6bad76e3,IL2CPP,ac74cac748fd6e6ebd6d35c6cdd90d5b116a231b61a1104ebdec526eee938e26,box,warmup,3,newRoot,SetActive,elapsed_us,1,14.3,14.3,14.3,14.3,1,14.3,14.3,14.3,14.3,activation,1,2,1,1
player11-6bad76e3,IL2CPP,ac74cac748fd6e6ebd6d35c6cdd90d5b116a231b61a1104ebdec526eee938e26,box,warmup,3,newRoot,SetActive,thread_cycles,1,30193.0,30193.0,30193,30193,1,30193.0,30193.0,30193,30193,activation,1,2,1,1
player11-6bad76e3,IL2CPP,ac74cac748fd6e6ebd6d35c6cdd90d5b116a231b61a1104ebdec526eee938e26,box,warmup,3,newRoot,colliders,elapsed_us,1,-0.7000000000000001,-0.7000000000000001,-0.7000000000000001,-0.7000000000000001,1,0.7000000000000001,0.7000000000000001,0.7000000000000001,0.7000000000000001,build,2,1,1,1
player11-6bad76e3,IL2CPP,ac74cac748fd6e6ebd6d35c6cdd90d5b116a231b61a1104ebdec526eee938e26,box,warmup,3,newRoot,colliders,thread_cycles,1,-1576.0,-1576.0,-1576,-1576,1,1576.0,1576.0,1576,1576,build,2,1,1,1
player11-6bad76e3,IL2CPP,ac74cac748fd6e6ebd6d35c6cdd90d5b116a231b61a1104ebdec526eee938e26,box,warmup,3,newRoot,newRoot,elapsed_us,1,-2.5,-2.5,-2.5,-2.5,1,2.5,2.5,2.5,2.5,build,2,1,1,1
player11-6bad76e3,IL2CPP,ac74cac748fd6e6ebd6d35c6cdd90d5b116a231b61a1104ebdec526eee938e26,box,warmup,3,newRoot,newRoot,thread_cycles,1,-5451.0,-5451.0,-5451,-5451,1,5451.0,5451.0,5451,5451,build,2,1,1,1
player11-6bad76e3,IL2CPP,ac74cac748fd6e6ebd6d35c6cdd90d5b116a231b61a1104ebdec526eee938e26,box,warmup,3,newRoot,objects,elapsed_us,1,-8.200000000000001,-8.200000000000001,-8.200000000000001,-8.200000000000001,1,8.200000000000001,8.200000000000001,8.200000000000001,8.200000000000001,build,2,1,1,1
player11-6bad76e3,IL2CPP,ac74cac748fd6e6ebd6d35c6cdd90d5b116a231b61a1104ebdec526eee938e26,box,warmup,3,newRoot,objects,thread_cycles,1,-17257.0,-17257.0,-17257,-17257,1,17257.0,17257.0,17257,17257,build,2,1,1,1
player11-6bad76e3,IL2CPP,ac74cac748fd6e6ebd6d35c6cdd90d5b116a231b61a1104ebdec526eee938e26,character,measured,0,newRoot,BuildSide,elapsed_us,8,15.9,17.695,12.8,17.8,8,15.9,17.695,12.8,17.8,build,1,2,15,9
player11-6bad76e3,IL2CPP,ac74cac748fd6e6ebd6d35c6cdd90d5b116a231b61a1104ebdec526eee938e26,character,measured,0,newRoot,BuildSide,thread_cycles,8,33834.0,37443.35,27090,37688,8,33834.0,37443.35,27090,37688,build,1,2,15,9
player11-6bad76e3,IL2CPP,ac74cac748fd6e6ebd6d35c6cdd90d5b116a231b61a1104ebdec526eee938e26,character,measured,0,newRoot,SetActive,elapsed_us,8,8.95,15.399999999999995,8.0,18.2,8,-8.95,-8.035,-18.2,-8.0,activation,2,1,15,9
player11-6bad76e3,IL2CPP,ac74cac748fd6e6ebd6d35c6cdd90d5b116a231b61a1104ebdec526eee938e26,character,measured,0,newRoot,SetActive,thread_cycles,8,18957.0,32649.79999999999,16883,38667,8,-18957.0,-16883.7,-38667,-16883,activation,2,1,15,9
player11-6bad76e3,IL2CPP,ac74cac748fd6e6ebd6d35c6cdd90d5b116a231b61a1104ebdec526eee938e26,character,measured,0,newRoot,colliders,elapsed_us,8,5.800000000000001,7.03,3.5,7.1000000000000005,8,5.800000000000001,7.03,3.5,7.1000000000000005,build,1,2,15,9
player11-6bad76e3,IL2CPP,ac74cac748fd6e6ebd6d35c6cdd90d5b116a231b61a1104ebdec526eee938e26,character,measured,0,newRoot,colliders,thread_cycles,8,12323.0,14873.1,7458,14976,8,12323.0,14873.1,7458,14976,build,1,2,15,9
player11-6bad76e3,IL2CPP,ac74cac748fd6e6ebd6d35c6cdd90d5b116a231b61a1104ebdec526eee938e26,character,measured,0,newRoot,newRoot,elapsed_us,8,2.8000000000000003,3.065,2.0,3.1,8,2.8000000000000003,3.065,2.0,3.1,build,1,2,15,9
player11-6bad76e3,IL2CPP,ac74cac748fd6e6ebd6d35c6cdd90d5b116a231b61a1104ebdec526eee938e26,character,measured,0,newRoot,newRoot,thread_cycles,8,5931.5,6415.4,4246,6435,8,5931.5,6415.4,4246,6435,build,1,2,15,9
player11-6bad76e3,IL2CPP,ac74cac748fd6e6ebd6d35c6cdd90d5b116a231b61a1104ebdec526eee938e26,character,measured,0,newRoot,objects,elapsed_us,8,9.55,10.89,7.6000000000000005,11.100000000000001,8,9.55,10.89,7.6000000000000005,11.100000000000001,build,1,2,15,9
player11-6bad76e3,IL2CPP,ac74cac748fd6e6ebd6d35c6cdd90d5b116a231b61a1104ebdec526eee938e26,character,measured,0,newRoot,objects,thread_cycles,8,20237.5,23192.6,16049,23642,8,20237.5,23192.6,16049,23642,build,1,2,15,9
player11-6bad76e3,IL2CPP,ac74cac748fd6e6ebd6d35c6cdd90d5b116a231b61a1104ebdec526eee938e26,character,measured,1,newRoot,BuildSide,elapsed_us,8,-7.1,-6.370000000000001,-9.5,-6.300000000000001,8,7.1,9.254999999999999,6.300000000000001,9.5,build,2,1,15,9
player11-6bad76e3,IL2CPP,ac74cac748fd6e6ebd6d35c6cdd90d5b116a231b61a1104ebdec526eee938e26,character,measured,1,newRoot,BuildSide,thread_cycles,8,-15076.0,-13480.9,-20212,-13322,8,15076.0,19638.0,13322,20212,build,2,1,15,9
player11-6bad76e3,IL2CPP,ac74cac748fd6e6ebd6d35c6cdd90d5b116a231b61a1104ebdec526eee938e26,character,measured,1,newRoot,SetActive,elapsed_us,8,8.7,10.495,7.6000000000000005,11.3,8,-8.7,-7.810000000000001,-11.3,-7.6000000000000005,activation,2,1,15,9
player11-6bad76e3,IL2CPP,ac74cac748fd6e6ebd6d35c6cdd90d5b116a231b61a1104ebdec526eee938e26,character,measured,1,newRoot,SetActive,thread_cycles,8,18194.5,21996.449999999997,16237,23632,8,-18194.5,-16500.9,-23632,-16237,activation,2,1,15,9
player11-6bad76e3,IL2CPP,ac74cac748fd6e6ebd6d35c6cdd90d5b116a231b61a1104ebdec526eee938e26,character,measured,1,newRoot,colliders,elapsed_us,8,3.1500000000000004,4.755,2.7,5.0,8,-3.1500000000000004,-2.7350000000000003,-5.0,-2.7,build,2,1,15,9
player11-6bad76e3,IL2CPP,ac74cac748fd6e6ebd6d35c6cdd90d5b116a231b61a1104ebdec526eee938e26,character,measured,1,newRoot,colliders,thread_cycles,8,6602.0,9903.199999999999,5651,10417,8,-6602.0,-5760.2,-10417,-5651,build,2,1,15,9
player11-6bad76e3,IL2CPP,ac74cac748fd6e6ebd6d35c6cdd90d5b116a231b61a1104ebdec526eee938e26,character,measured,1,newRoot,newRoot,elapsed_us,8,-3.25,-2.4450000000000007,-3.8000000000000003,-2.2,8,3.25,3.73,2.2,3.8000000000000003,build,2,1,15,9
player11-6bad76e3,IL2CPP,ac74cac748fd6e6ebd6d35c6cdd90d5b116a231b61a1104ebdec526eee938e26,character,measured,1,newRoot,newRoot,thread_cycles,8,-6776.5,-5341.150000000001,-8213,-4897,8,6776.5,8000.549999999999,4897,8213,build,2,1,15,9
player11-6bad76e3,IL2CPP,ac74cac748fd6e6ebd6d35c6cdd90d5b116a231b61a1104ebdec526eee938e26,character,measured,1,newRoot,objects,elapsed_us,8,-10.4,-8.72,-11.8,-8.3,8,10.4,11.45,8.3,11.8,build,2,1,15,9
player11-6bad76e3,IL2CPP,ac74cac748fd6e6ebd6d35c6cdd90d5b116a231b61a1104ebdec526eee938e26,character,measured,1,newRoot,objects,thread_cycles,8,-22064.5,-18495.600000000002,-24893,-17587,8,22064.5,24156.25,17587,24893,build,2,1,15,9
player11-6bad76e3,IL2CPP,ac74cac748fd6e6ebd6d35c6cdd90d5b116a231b61a1104ebdec526eee938e26,character,measured,2,newRoot,BuildSide,elapsed_us,8,15.5,17.375,14.4,17.900000000000002,8,15.5,17.375,14.4,17.900000000000002,build,1,2,15,9
player11-6bad76e3,IL2CPP,ac74cac748fd6e6ebd6d35c6cdd90d5b116a231b61a1104ebdec526eee938e26,character,measured,2,newRoot,BuildSide,thread_cycles,8,32699.0,36580.45,30228,37705,8,32699.0,36580.45,30228,37705,build,1,2,15,9
player11-6bad76e3,IL2CPP,ac74cac748fd6e6ebd6d35c6cdd90d5b116a231b61a1104ebdec526eee938e26,character,measured,2,newRoot,SetActive,elapsed_us,8,23.55,26.375,21.400000000000002,27.6,8,23.55,26.375,21.400000000000002,27.6,activation,1,2,15,9
player11-6bad76e3,IL2CPP,ac74cac748fd6e6ebd6d35c6cdd90d5b116a231b61a1104ebdec526eee938e26,character,measured,2,newRoot,SetActive,thread_cycles,8,49700.5,55541.149999999994,45153,58219,8,49700.5,55541.149999999994,45153,58219,activation,1,2,15,9
player11-6bad76e3,IL2CPP,ac74cac748fd6e6ebd6d35c6cdd90d5b116a231b61a1104ebdec526eee938e26,character,measured,2,newRoot,colliders,elapsed_us,8,5.450000000000001,5.7,4.9,5.7,8,5.450000000000001,5.7,4.9,5.7,build,1,2,15,9
player11-6bad76e3,IL2CPP,ac74cac748fd6e6ebd6d35c6cdd90d5b116a231b61a1104ebdec526eee938e26,character,measured,2,newRoot,colliders,thread_cycles,8,11496.5,12134.35,10532,12148,8,11496.5,12134.35,10532,12148,build,1,2,15,9
player11-6bad76e3,IL2CPP,ac74cac748fd6e6ebd6d35c6cdd90d5b116a231b61a1104ebdec526eee938e26,character,measured,2,newRoot,newRoot,elapsed_us,8,2.75,3.295,2.4000000000000004,3.4000000000000004,8,2.75,3.295,2.4000000000000004,3.4000000000000004,build,1,2,15,9
player11-6bad76e3,IL2CPP,ac74cac748fd6e6ebd6d35c6cdd90d5b116a231b61a1104ebdec526eee938e26,character,measured,2,newRoot,newRoot,thread_cycles,8,5786.5,7110.25,5192,7336,8,5786.5,7110.25,5192,7336,build,1,2,15,9
player11-6bad76e3,IL2CPP,ac74cac748fd6e6ebd6d35c6cdd90d5b116a231b61a1104ebdec526eee938e26,character,measured,2,newRoot,objects,elapsed_us,8,9.350000000000001,11.04,8.6,11.600000000000001,8,9.350000000000001,11.04,8.6,11.600000000000001,build,1,2,15,9
player11-6bad76e3,IL2CPP,ac74cac748fd6e6ebd6d35c6cdd90d5b116a231b61a1104ebdec526eee938e26,character,measured,2,newRoot,objects,thread_cycles,8,19941.5,23121.649999999998,18293,24137,8,19941.5,23121.649999999998,18293,24137,build,1,2,15,9
player11-6bad76e3,IL2CPP,ac74cac748fd6e6ebd6d35c6cdd90d5b116a231b61a1104ebdec526eee938e26,character,measured,3,newRoot,BuildSide,elapsed_us,8,-6.85,-5.9350000000000005,-12.3,-5.9,8,6.85,11.95,5.9,12.3,build,2,1,15,9
player11-6bad76e3,IL2CPP,ac74cac748fd6e6ebd6d35c6cdd90d5b116a231b61a1104ebdec526eee938e26,character,measured,3,newRoot,BuildSide,thread_cycles,8,-14682.5,-12584.3,-25663,-12508,8,14682.5,24985.75,12508,25663,build,2,1,15,9
player11-6bad76e3,IL2CPP,ac74cac748fd6e6ebd6d35c6cdd90d5b116a231b61a1104ebdec526eee938e26,character,measured,3,newRoot,SetActive,elapsed_us,8,22.3,23.725,21.200000000000003,23.900000000000002,8,22.3,23.725,21.200000000000003,23.900000000000002,activation,1,2,15,9
player11-6bad76e3,IL2CPP,ac74cac748fd6e6ebd6d35c6cdd90d5b116a231b61a1104ebdec526eee938e26,character,measured,3,newRoot,SetActive,thread_cycles,8,47071.5,50118.1,44707,50480,8,47071.5,50118.1,44707,50480,activation,1,2,15,9
player11-6bad76e3,IL2CPP,ac74cac748fd6e6ebd6d35c6cdd90d5b116a231b61a1104ebdec526eee938e26,character,measured,3,newRoot,colliders,elapsed_us,8,3.1,4.12,-1.0,4.4,8,-3.1,-0.22500000000000187,-4.4,1.0,build,2,1,15,9
player11-6bad76e3,IL2CPP,ac74cac748fd6e6ebd6d35c6cdd90d5b116a231b61a1104ebdec526eee938e26,character,measured,3,newRoot,colliders,thread_cycles,8,6574.0,8782.4,-2255,9369,8,-6574.0,-414.45000000000437,-9369,2255,build,2,1,15,9
player11-6bad76e3,IL2CPP,ac74cac748fd6e6ebd6d35c6cdd90d5b116a231b61a1104ebdec526eee938e26,character,measured,3,newRoot,newRoot,elapsed_us,8,-2.95,-2.6,-5.1000000000000005,-2.6,8,2.95,4.505,2.6,5.1000000000000005,build,2,1,15,9
player11-6bad76e3,IL2CPP,ac74cac748fd6e6ebd6d35c6cdd90d5b116a231b61a1104ebdec526eee938e26,character,measured,3,newRoot,newRoot,thread_cycles,8,-6478.0,-5445.0,-10775,-5375,8,6478.0,9553.149999999998,5375,10775,build,2,1,15,9
player11-6bad76e3,IL2CPP,ac74cac748fd6e6ebd6d35c6cdd90d5b116a231b61a1104ebdec526eee938e26,character,measured,3,newRoot,objects,elapsed_us,8,-9.600000000000001,-9.005,-13.700000000000001,-8.9,8,9.600000000000001,12.614999999999998,8.9,13.700000000000001,build,2,1,15,9
player11-6bad76e3,IL2CPP,ac74cac748fd6e6ebd6d35c6cdd90d5b116a231b61a1104ebdec526eee938e26,character,measured,3,newRoot,objects,thread_cycles,8,-20287.0,-19127.65,-28996,-18995,8,20287.0,26612.499999999996,18995,28996,build,2,1,15,9
player11-6bad76e3,IL2CPP,ac74cac748fd6e6ebd6d35c6cdd90d5b116a231b61a1104ebdec526eee938e26,character,warmup,0,newRoot,BuildSide,elapsed_us,1,15.4,15.4,15.4,15.4,1,15.4,15.4,15.4,15.4,build,1,2,15,9
player11-6bad76e3,IL2CPP,ac74cac748fd6e6ebd6d35c6cdd90d5b116a231b61a1104ebdec526eee938e26,character,warmup,0,newRoot,BuildSide,thread_cycles,1,32703.0,32703.0,32703,32703,1,32703.0,32703.0,32703,32703,build,1,2,15,9
player11-6bad76e3,IL2CPP,ac74cac748fd6e6ebd6d35c6cdd90d5b116a231b61a1104ebdec526eee938e26,character,warmup,0,newRoot,SetActive,elapsed_us,1,9.1,9.1,9.1,9.1,1,-9.1,-9.1,-9.1,-9.1,activation,2,1,15,9
player11-6bad76e3,IL2CPP,ac74cac748fd6e6ebd6d35c6cdd90d5b116a231b61a1104ebdec526eee938e26,character,warmup,0,newRoot,SetActive,thread_cycles,1,19348.0,19348.0,19348,19348,1,-19348.0,-19348.0,-19348,-19348,activation,2,1,15,9
player11-6bad76e3,IL2CPP,ac74cac748fd6e6ebd6d35c6cdd90d5b116a231b61a1104ebdec526eee938e26,character,warmup,0,newRoot,colliders,elapsed_us,1,5.4,5.4,5.4,5.4,1,5.4,5.4,5.4,5.4,build,1,2,15,9
player11-6bad76e3,IL2CPP,ac74cac748fd6e6ebd6d35c6cdd90d5b116a231b61a1104ebdec526eee938e26,character,warmup,0,newRoot,colliders,thread_cycles,1,11318.0,11318.0,11318,11318,1,11318.0,11318.0,11318,11318,build,1,2,15,9
player11-6bad76e3,IL2CPP,ac74cac748fd6e6ebd6d35c6cdd90d5b116a231b61a1104ebdec526eee938e26,character,warmup,0,newRoot,newRoot,elapsed_us,1,2.4000000000000004,2.4000000000000004,2.4000000000000004,2.4000000000000004,1,2.4000000000000004,2.4000000000000004,2.4000000000000004,2.4000000000000004,build,1,2,15,9
player11-6bad76e3,IL2CPP,ac74cac748fd6e6ebd6d35c6cdd90d5b116a231b61a1104ebdec526eee938e26,character,warmup,0,newRoot,newRoot,thread_cycles,1,5533.0,5533.0,5533,5533,1,5533.0,5533.0,5533,5533,build,1,2,15,9
player11-6bad76e3,IL2CPP,ac74cac748fd6e6ebd6d35c6cdd90d5b116a231b61a1104ebdec526eee938e26,character,warmup,0,newRoot,objects,elapsed_us,1,9.700000000000001,9.700000000000001,9.700000000000001,9.700000000000001,1,9.700000000000001,9.700000000000001,9.700000000000001,9.700000000000001,build,1,2,15,9
player11-6bad76e3,IL2CPP,ac74cac748fd6e6ebd6d35c6cdd90d5b116a231b61a1104ebdec526eee938e26,character,warmup,0,newRoot,objects,thread_cycles,1,20479.0,20479.0,20479,20479,1,20479.0,20479.0,20479,20479,build,1,2,15,9
player11-6bad76e3,IL2CPP,ac74cac748fd6e6ebd6d35c6cdd90d5b116a231b61a1104ebdec526eee938e26,character,warmup,1,newRoot,BuildSide,elapsed_us,1,-8.3,-8.3,-8.3,-8.3,1,8.3,8.3,8.3,8.3,build,2,1,15,9
player11-6bad76e3,IL2CPP,ac74cac748fd6e6ebd6d35c6cdd90d5b116a231b61a1104ebdec526eee938e26,character,warmup,1,newRoot,BuildSide,thread_cycles,1,-17911.0,-17911.0,-17911,-17911,1,17911.0,17911.0,17911,17911,build,2,1,15,9
player11-6bad76e3,IL2CPP,ac74cac748fd6e6ebd6d35c6cdd90d5b116a231b61a1104ebdec526eee938e26,character,warmup,1,newRoot,SetActive,elapsed_us,1,8.3,8.3,8.3,8.3,1,-8.3,-8.3,-8.3,-8.3,activation,2,1,15,9
player11-6bad76e3,IL2CPP,ac74cac748fd6e6ebd6d35c6cdd90d5b116a231b61a1104ebdec526eee938e26,character,warmup,1,newRoot,SetActive,thread_cycles,1,17623.0,17623.0,17623,17623,1,-17623.0,-17623.0,-17623,-17623,activation,2,1,15,9
player11-6bad76e3,IL2CPP,ac74cac748fd6e6ebd6d35c6cdd90d5b116a231b61a1104ebdec526eee938e26,character,warmup,1,newRoot,colliders,elapsed_us,1,3.3000000000000003,3.3000000000000003,3.3000000000000003,3.3000000000000003,1,-3.3000000000000003,-3.3000000000000003,-3.3000000000000003,-3.3000000000000003,build,2,1,15,9
player11-6bad76e3,IL2CPP,ac74cac748fd6e6ebd6d35c6cdd90d5b116a231b61a1104ebdec526eee938e26,character,warmup,1,newRoot,colliders,thread_cycles,1,6999.0,6999.0,6999,6999,1,-6999.0,-6999.0,-6999,-6999,build,2,1,15,9
player11-6bad76e3,IL2CPP,ac74cac748fd6e6ebd6d35c6cdd90d5b116a231b61a1104ebdec526eee938e26,character,warmup,1,newRoot,newRoot,elapsed_us,1,-4.5,-4.5,-4.5,-4.5,1,4.5,4.5,4.5,4.5,build,2,1,15,9
player11-6bad76e3,IL2CPP,ac74cac748fd6e6ebd6d35c6cdd90d5b116a231b61a1104ebdec526eee938e26,character,warmup,1,newRoot,newRoot,thread_cycles,1,-9456.0,-9456.0,-9456,-9456,1,9456.0,9456.0,9456,9456,build,2,1,15,9
player11-6bad76e3,IL2CPP,ac74cac748fd6e6ebd6d35c6cdd90d5b116a231b61a1104ebdec526eee938e26,character,warmup,1,newRoot,objects,elapsed_us,1,-11.200000000000001,-11.200000000000001,-11.200000000000001,-11.200000000000001,1,11.200000000000001,11.200000000000001,11.200000000000001,11.200000000000001,build,2,1,15,9
player11-6bad76e3,IL2CPP,ac74cac748fd6e6ebd6d35c6cdd90d5b116a231b61a1104ebdec526eee938e26,character,warmup,1,newRoot,objects,thread_cycles,1,-23967.0,-23967.0,-23967,-23967,1,23967.0,23967.0,23967,23967,build,2,1,15,9
player11-6bad76e3,IL2CPP,ac74cac748fd6e6ebd6d35c6cdd90d5b116a231b61a1104ebdec526eee938e26,character,warmup,2,newRoot,BuildSide,elapsed_us,1,33.800000000000004,33.800000000000004,33.800000000000004,33.800000000000004,1,33.800000000000004,33.800000000000004,33.800000000000004,33.800000000000004,build,1,2,15,9
player11-6bad76e3,IL2CPP,ac74cac748fd6e6ebd6d35c6cdd90d5b116a231b61a1104ebdec526eee938e26,character,warmup,2,newRoot,BuildSide,thread_cycles,1,71209.0,71209.0,71209,71209,1,71209.0,71209.0,71209,71209,build,1,2,15,9
player11-6bad76e3,IL2CPP,ac74cac748fd6e6ebd6d35c6cdd90d5b116a231b61a1104ebdec526eee938e26,character,warmup,2,newRoot,SetActive,elapsed_us,1,41.5,41.5,41.5,41.5,1,41.5,41.5,41.5,41.5,activation,1,2,15,9
player11-6bad76e3,IL2CPP,ac74cac748fd6e6ebd6d35c6cdd90d5b116a231b61a1104ebdec526eee938e26,character,warmup,2,newRoot,SetActive,thread_cycles,1,87768.0,87768.0,87768,87768,1,87768.0,87768.0,87768,87768,activation,1,2,15,9
player11-6bad76e3,IL2CPP,ac74cac748fd6e6ebd6d35c6cdd90d5b116a231b61a1104ebdec526eee938e26,character,warmup,2,newRoot,colliders,elapsed_us,1,9.8,9.8,9.8,9.8,1,9.8,9.8,9.8,9.8,build,1,2,15,9
player11-6bad76e3,IL2CPP,ac74cac748fd6e6ebd6d35c6cdd90d5b116a231b61a1104ebdec526eee938e26,character,warmup,2,newRoot,colliders,thread_cycles,1,20419.0,20419.0,20419,20419,1,20419.0,20419.0,20419,20419,build,1,2,15,9
player11-6bad76e3,IL2CPP,ac74cac748fd6e6ebd6d35c6cdd90d5b116a231b61a1104ebdec526eee938e26,character,warmup,2,newRoot,newRoot,elapsed_us,1,10.0,10.0,10.0,10.0,1,10.0,10.0,10.0,10.0,build,1,2,15,9
player11-6bad76e3,IL2CPP,ac74cac748fd6e6ebd6d35c6cdd90d5b116a231b61a1104ebdec526eee938e26,character,warmup,2,newRoot,newRoot,thread_cycles,1,21134.0,21134.0,21134,21134,1,21134.0,21134.0,21134,21134,build,1,2,15,9
player11-6bad76e3,IL2CPP,ac74cac748fd6e6ebd6d35c6cdd90d5b116a231b61a1104ebdec526eee938e26,character,warmup,2,newRoot,objects,elapsed_us,1,23.400000000000002,23.400000000000002,23.400000000000002,23.400000000000002,1,23.400000000000002,23.400000000000002,23.400000000000002,23.400000000000002,build,1,2,15,9
player11-6bad76e3,IL2CPP,ac74cac748fd6e6ebd6d35c6cdd90d5b116a231b61a1104ebdec526eee938e26,character,warmup,2,newRoot,objects,thread_cycles,1,48928.0,48928.0,48928,48928,1,48928.0,48928.0,48928,48928,build,1,2,15,9
player11-6bad76e3,IL2CPP,ac74cac748fd6e6ebd6d35c6cdd90d5b116a231b61a1104ebdec526eee938e26,character,warmup,3,newRoot,BuildSide,elapsed_us,1,-9.1,-9.1,-9.1,-9.1,1,9.1,9.1,9.1,9.1,build,2,1,15,9
player11-6bad76e3,IL2CPP,ac74cac748fd6e6ebd6d35c6cdd90d5b116a231b61a1104ebdec526eee938e26,character,warmup,3,newRoot,BuildSide,thread_cycles,1,-19417.0,-19417.0,-19417,-19417,1,19417.0,19417.0,19417,19417,build,2,1,15,9
player11-6bad76e3,IL2CPP,ac74cac748fd6e6ebd6d35c6cdd90d5b116a231b61a1104ebdec526eee938e26,character,warmup,3,newRoot,SetActive,elapsed_us,1,17.6,17.6,17.6,17.6,1,17.6,17.6,17.6,17.6,activation,1,2,15,9
player11-6bad76e3,IL2CPP,ac74cac748fd6e6ebd6d35c6cdd90d5b116a231b61a1104ebdec526eee938e26,character,warmup,3,newRoot,SetActive,thread_cycles,1,37215.0,37215.0,37215,37215,1,37215.0,37215.0,37215,37215,activation,1,2,15,9
player11-6bad76e3,IL2CPP,ac74cac748fd6e6ebd6d35c6cdd90d5b116a231b61a1104ebdec526eee938e26,character,warmup,3,newRoot,colliders,elapsed_us,1,2.4000000000000004,2.4000000000000004,2.4000000000000004,2.4000000000000004,1,-2.4000000000000004,-2.4000000000000004,-2.4000000000000004,-2.4000000000000004,build,2,1,15,9
player11-6bad76e3,IL2CPP,ac74cac748fd6e6ebd6d35c6cdd90d5b116a231b61a1104ebdec526eee938e26,character,warmup,3,newRoot,colliders,thread_cycles,1,4932.0,4932.0,4932,4932,1,-4932.0,-4932.0,-4932,-4932,build,2,1,15,9
player11-6bad76e3,IL2CPP,ac74cac748fd6e6ebd6d35c6cdd90d5b116a231b61a1104ebdec526eee938e26,character,warmup,3,newRoot,newRoot,elapsed_us,1,-3.7,-3.7,-3.7,-3.7,1,3.7,3.7,3.7,3.7,build,2,1,15,9
player11-6bad76e3,IL2CPP,ac74cac748fd6e6ebd6d35c6cdd90d5b116a231b61a1104ebdec526eee938e26,character,warmup,3,newRoot,newRoot,thread_cycles,1,-8090.0,-8090.0,-8090,-8090,1,8090.0,8090.0,8090,8090,build,2,1,15,9
player11-6bad76e3,IL2CPP,ac74cac748fd6e6ebd6d35c6cdd90d5b116a231b61a1104ebdec526eee938e26,character,warmup,3,newRoot,objects,elapsed_us,1,-10.8,-10.8,-10.8,-10.8,1,10.8,10.8,10.8,10.8,build,2,1,15,9
player11-6bad76e3,IL2CPP,ac74cac748fd6e6ebd6d35c6cdd90d5b116a231b61a1104ebdec526eee938e26,character,warmup,3,newRoot,objects,thread_cycles,1,-22723.0,-22723.0,-22723,-22723,1,22723.0,22723.0,22723,22723,build,2,1,15,9
